-- MySQL dump 10.13  Distrib 5.1.60, for redhat-linux-gnu (x86_64)
--
-- Host: localhost    Database: hcisit
-- ------------------------------------------------------
-- Server version	5.1.60

/*!40101 SET @OLD_CHARACTER_SET_CLIENT=@@CHARACTER_SET_CLIENT */;
/*!40101 SET @OLD_CHARACTER_SET_RESULTS=@@CHARACTER_SET_RESULTS */;
/*!40101 SET @OLD_COLLATION_CONNECTION=@@COLLATION_CONNECTION */;
/*!40101 SET NAMES utf8 */;
/*!40103 SET @OLD_TIME_ZONE=@@TIME_ZONE */;
/*!40103 SET TIME_ZONE='+00:00' */;
/*!40014 SET @OLD_UNIQUE_CHECKS=@@UNIQUE_CHECKS, UNIQUE_CHECKS=0 */;
/*!40014 SET @OLD_FOREIGN_KEY_CHECKS=@@FOREIGN_KEY_CHECKS, FOREIGN_KEY_CHECKS=0 */;
/*!40101 SET @OLD_SQL_MODE=@@SQL_MODE, SQL_MODE='NO_AUTO_VALUE_ON_ZERO' */;
/*!40111 SET @OLD_SQL_NOTES=@@SQL_NOTES, SQL_NOTES=0 */;

--
-- Table structure for table `action_status`
--

DROP TABLE IF EXISTS `action_status`;
/*!40101 SET @saved_cs_client     = @@character_set_client */;
/*!40101 SET character_set_client = utf8 */;
CREATE TABLE `action_status` (
  `ACTION_STATUS_CD` varchar(30) NOT NULL,
  `ACTION_STATUS_DESC` varchar(256) DEFAULT NULL,
  `CUSTOM_DESC` varchar(256) DEFAULT NULL,
  `ACTIVE_FLAG` char(1) DEFAULT NULL,
  PRIMARY KEY (`ACTION_STATUS_CD`)
) ENGINE=InnoDB DEFAULT CHARSET=latin1;
/*!40101 SET character_set_client = @saved_cs_client */;

--
-- Dumping data for table `action_status`
--

LOCK TABLES `action_status` WRITE;
/*!40000 ALTER TABLE `action_status` DISABLE KEYS */;
INSERT INTO `action_status` VALUES ('ASSIGNED','Assigned',NULL,'Y'),('COMPLETED','Complete',NULL,'Y'),('CREATED','Created',NULL,'Y'),('HOLD','On Hold',NULL,'Y'),('INPROGRESS','In Progress',NULL,'Y'),('REJECTED','Rejected',NULL,'Y');
/*!40000 ALTER TABLE `action_status` ENABLE KEYS */;
UNLOCK TABLES;

--
-- Table structure for table `activity_type`
--

DROP TABLE IF EXISTS `activity_type`;
/*!40101 SET @saved_cs_client     = @@character_set_client */;
/*!40101 SET character_set_client = utf8 */;
CREATE TABLE `activity_type` (
  `ACTIVITY_TYPE_CD` varchar(30) NOT NULL,
  `ACTIVITY_DESC` varchar(256) DEFAULT NULL,
  `ACTIVITY_GROUP` varchar(25) DEFAULT NULL,
  PRIMARY KEY (`ACTIVITY_TYPE_CD`)
) ENGINE=InnoDB DEFAULT CHARSET=latin1;
/*!40101 SET character_set_client = @saved_cs_client */;

--
-- Dumping data for table `activity_type`
--

LOCK TABLES `activity_type` WRITE;
/*!40000 ALTER TABLE `activity_type` DISABLE KEYS */;
INSERT INTO `activity_type` VALUES ('ADMISSION_REQUEST','Admission Request ','GENERAL'),('ADM_ADMITTED','Patient admitted','ADMISSION'),('ADM_APPROVED','Admission Request Approved','ADMISSION'),('ADM_CANCELLED','Admission Canceled','ADMISSION'),('ADM_DISAPPROVED','Admission Approved','ADMISSION'),('ADM_REQUESTED','Admission is Requested','ADMISSION'),('ADM_RESCHEDULED','Admission Requested','ADMISSION'),('BED_ADDED','Bed is added','BED_ACTIVITY'),('BED_AVAILABLE','Bed is available','BED_ACTIVITY'),('BED_OCCUPIED','Bed is occupied','BED_ACTIVITY'),('BED_RES_ASSIGNED','Bed is assigned','BED_RES_ACTIVITY'),('BED_RES_BOOKED','Bed is booked','BED_RES_ACTIVITY'),('BED_RES_CANCELED','Canceled','BED_RES_ACTIVITY'),('BED_RES_CONFIRMED','Confirmed','BED_RES_ACTIVITY'),('BED_RES_WAITLIST','Waitlist','BED_RES_ACTIVITY'),('BED_RETIRED','Bed is retired','BED_ACTIVITY'),('BED_UNIT_CHANGED','Bed has been moved to another unit','BED_ACTIVITY'),('CARRY_TO_DISCHARGE','Carry patient to discharge area','DISCHARGE'),('CLM_REQ_APPROVED','Insurer has approved complete amount requested by the hospital','MEDICLAIM'),('CLM_REQ_CREATED','Claim request has been created','MEDICLAIM'),('CLM_REQ_MOREINFO','Insurer has requested for more information from the hospital','MEDICLAIM'),('CLM_REQ_PARTAPPROVED','Insurer has partially approved the requested amount','MEDICLAIM'),('CLM_REQ_REJECTED','Insurer has rejected the requested insurance amount','MEDICLAIM'),('CLM_REQ_RESUBMITTED','The hospital has sent the requested information to the insurer and asked for approval again','MEDICLAIM'),('CLM_REQ_SUBMITTED','Claim request has been submitted to the insurer','MEDICLAIM'),('DISC_APPROVED','Discharge approved','DISCHARGE'),('DISC_COMPLETED','Discharge completed','DISCHARGE'),('DISC_CREATED','Discharge entry created','DISCHARGE'),('DISC_DISAPPROVED','Discharge disapproved','DISCHARGE'),('ORDER_APPROVED ','order approved','ORDER'),('ORDER_CANCELED','Order canceled','ORDER'),('ORDER_COMPLETED','Order completed','ORDER'),('ORDER_CREATED','Order is just created','ORDER'),('ORDER_DISAPPROVED','Ordeer disapproved','ORDER'),('PHARMACY_CREDIT_DISCHARGE','Issue credit notes to pharmacy for access medicines','DISCHARGE'),('REGISTRATION','Patient Registartion','GENERAL'),('RESCHDULE_APPOINTMENTS','Reschedule an existing appointment','APPOINTMENTS'),('RESCHEDULED','Rescheduleed',NULL);
/*!40000 ALTER TABLE `activity_type` ENABLE KEYS */;
UNLOCK TABLES;

--
-- Table structure for table `admission`
--

DROP TABLE IF EXISTS `admission`;
/*!40101 SET @saved_cs_client     = @@character_set_client */;
/*!40101 SET character_set_client = utf8 */;
CREATE TABLE `admission` (
  `ADMISSION_REQ_NBR` int(11) NOT NULL AUTO_INCREMENT,
  `ADMISSION_NBR` int(11) DEFAULT '0',
  `ADMISSION_STATUS_CD` varchar(20) DEFAULT NULL,
  `ADMISSION_REQUESTED_BY` varchar(20) NOT NULL,
  `DOCTOR_ID` int(11) NOT NULL,
  `PATIENT_ID` int(11) NOT NULL,
  `ENTRY_POINT_REFERENCE` varchar(45) DEFAULT NULL,
  `ENTRY_POINT_NAME` varchar(25) DEFAULT NULL,
  `REASON_FOR_ADMISSION` varchar(256) DEFAULT NULL,
  `AGENDA` longtext,
  `ADMISSION_DT` date DEFAULT NULL,
  `TREATMENT_ESTIMATION_BY` varchar(20) DEFAULT NULL,
  `TREATMENT_ESTIMATED_COST` double DEFAULT NULL,
  `TREATMENT_ACTUAL_COST` double DEFAULT NULL,
  `EXPECTED_DISCHARGE_DTM` timestamp NULL DEFAULT NULL,
  `DISCHARGE_DTM` timestamp NULL DEFAULT NULL,
  `DISCHARGE_BY_DOCTOR_ID` int(11) DEFAULT NULL,
  `NEXT_VISIT_DT` date DEFAULT NULL,
  `CREATE_DTM` timestamp NOT NULL DEFAULT '0000-00-00 00:00:00',
  `LAST_UPDATED_DTM` timestamp NULL DEFAULT NULL,
  `MODIFIED_BY` varchar(20) DEFAULT NULL,
  `VERSION` int(11) NOT NULL,
  `NURSING_UNIT_TYPE_CD` varchar(30) DEFAULT NULL,
  PRIMARY KEY (`ADMISSION_REQ_NBR`),
  UNIQUE KEY `ADMISSION_NBR` (`ADMISSION_NBR`),
  KEY `ADMISSION_ENTRY_POINT_NAME_FK` (`ENTRY_POINT_NAME`),
  KEY `ADMISSION_NURSING_UNIT_TYPE_CD_FK` (`NURSING_UNIT_TYPE_CD`),
  KEY `ADMISSION_STATUS_CD_FK` (`ADMISSION_STATUS_CD`),
  CONSTRAINT `admission_ibfk_1` FOREIGN KEY (`ADMISSION_STATUS_CD`) REFERENCES `admission_status` (`ADMISSION_STATUS_CD`),
  CONSTRAINT `admission_ibfk_2` FOREIGN KEY (`ENTRY_POINT_NAME`) REFERENCES `admission_entry_point` (`ENTRY_POINT_NAME`),
  CONSTRAINT `admission_ibfk_3` FOREIGN KEY (`NURSING_UNIT_TYPE_CD`) REFERENCES `nursing_unit_type` (`UNIT_TYPE_CD`)
) ENGINE=InnoDB AUTO_INCREMENT=25 DEFAULT CHARSET=latin1;
/*!40101 SET character_set_client = @saved_cs_client */;

--
-- Dumping data for table `admission`
--

LOCK TABLES `admission` WRITE;
/*!40000 ALTER TABLE `admission` DISABLE KEYS */;
INSERT INTO `admission` VALUES (5,1,'DISCHARED','Bhavesh ',1,1,'','OPD','General Checkup','Please define an agenda for the patient admission','2010-07-19',NULL,NULL,300,'2010-07-20 13:31:00',NULL,NULL,NULL,'2010-07-19 10:34:31','2010-10-01 05:10:04','Bhavesh ',10,'GENERAL'),(6,2,'DISCHARED','Bhavesh ',1,2,'','OPD',NULL,'Please define an agenda for the patient admission','2010-07-20',NULL,NULL,NULL,'2010-07-20 13:30:00',NULL,NULL,NULL,'2010-07-20 13:35:13','2010-10-06 14:16:07','Alok Ranjan',3,'GENERAL'),(7,3,'DISCHARED','Bhavesh ',1,3,'','OPD',NULL,'Please define an agenda for the patient admission','2010-07-21',NULL,NULL,1400,'2010-07-21 06:21:00',NULL,NULL,NULL,'2010-07-21 06:22:45','2010-10-06 12:06:12','Alok Ranjan',5,'GENERAL'),(8,5,'DISCHARED','Bhavesh ',1,4,'','OPD',NULL,'Please define an agenda for the patient admission','2010-09-30',NULL,NULL,NULL,'2010-09-13 11:57:00',NULL,NULL,NULL,'2010-09-30 10:49:30','2010-10-06 13:07:23','Alok Ranjan',3,'GENERAL'),(9,7,'DISCHARED','Bhavesh ',1,9,'','OPD',NULL,'Please define an agenda for the patient admission','2010-09-30',NULL,NULL,NULL,'2010-09-30 11:42:00',NULL,NULL,NULL,'2010-09-30 11:43:29','2010-10-06 13:07:30','Alok Ranjan',3,'GENERAL'),(10,NULL,'REQUESTED','Bhavesh ',1,5,'','OPD',NULL,'Please define an agenda for the patient admission','2010-09-30',NULL,NULL,NULL,'2010-09-30 11:51:00',NULL,NULL,NULL,'2010-09-30 11:56:54',NULL,NULL,0,'LIVER_DIGESTIVE'),(11,NULL,'REQUESTED','Bhavesh ',2,15,'','OPD',NULL,'Please define an agenda for the patient admission','2010-09-30',NULL,NULL,NULL,'2010-09-30 11:52:00',NULL,NULL,NULL,'2010-09-30 12:01:11',NULL,NULL,0,'PULMONOLOGY'),(12,NULL,'REQUESTED','Bhavesh ',1,11,'','OPD',NULL,'Please define an agenda for the patient admission','2010-09-30',NULL,NULL,NULL,'2010-09-30 12:06:00',NULL,NULL,NULL,'2010-09-30 12:07:12',NULL,NULL,0,'GENERAL_SURGERY_WARD'),(13,NULL,'REQUESTED','Bhavesh ',2,13,'','OPD',NULL,'Please define an agenda for the patient admission','2010-09-30',NULL,NULL,NULL,'2010-09-30 12:10:00',NULL,NULL,NULL,'2010-09-30 12:18:50',NULL,NULL,0,'PULMONOLOGY'),(14,4,'DISCHARED','Bhavesh ',2,14,'','OPD',NULL,'Please define an agenda for the patient admission','2010-09-30',NULL,NULL,0,'2010-09-30 12:25:00',NULL,NULL,NULL,'2010-09-30 12:25:39','2010-10-06 13:09:38','Alok Ranjan',5,'NEPHROLOGY_RENAL'),(15,6,'ADMITTED','Bhavesh ',2,8,'','OPD',NULL,'Please define an agenda for the patient admission','2010-09-30',NULL,NULL,NULL,'2010-09-30 12:35:00',NULL,NULL,NULL,'2010-09-30 12:34:51',NULL,NULL,1,'OBSTETRICS_GYNAECOLOGY_WARD'),(16,NULL,'REQUESTED','Bhavesh ',1,12,'','OPD',NULL,'Please define an agenda for the patient admission','2010-09-30',NULL,NULL,NULL,'2010-09-30 12:37:00',NULL,NULL,NULL,'2010-09-30 12:36:40',NULL,NULL,0,'OUTPATIENT'),(17,NULL,'REQUESTED','Bhavesh ',2,6,'','OPD',NULL,'Please define an agenda for the patient admission','2010-09-30',NULL,NULL,NULL,'2010-09-30 12:39:00',NULL,NULL,NULL,'2010-09-30 12:39:32',NULL,NULL,0,'OUTPATIENT'),(18,NULL,'REQUESTED','Bhavesh ',1,52,'','OPD',NULL,'Please define an agenda for the patient admission','2010-09-30',NULL,NULL,0,'2010-09-30 12:43:00',NULL,NULL,NULL,'2010-09-30 12:43:06','2010-10-01 04:01:39','BILLING',1,'LIVER_DIGESTIVE'),(19,NULL,'REQUESTED','Bhavesh ',1,31,'','OPD',NULL,'Please define an agenda for the patient admission','2010-09-30',NULL,NULL,NULL,'2010-09-30 12:45:00',NULL,NULL,NULL,'2010-09-30 12:50:00',NULL,NULL,0,'NEUROLOGY_NEUROSURGERY'),(20,NULL,'REQUESTED','Bhavesh ',1,36,'','OPD',NULL,'Please define an agenda for the patient admission','2010-09-30',NULL,NULL,0,'2010-09-30 12:52:00',NULL,NULL,NULL,'2010-09-30 12:52:01','2010-09-30 12:54:48','BILLING',1,'LIVER_DIGESTIVE'),(21,8,'DISCHARED','Bhavesh ',2,38,'','OPD',NULL,'Please define an agenda for the patient admission','2010-09-30',NULL,NULL,NULL,'2010-09-30 12:53:00',NULL,NULL,NULL,'2010-09-30 12:53:00','2010-10-06 13:07:18','ajit kumar',3,'NEPHROLOGY_RENAL'),(22,9,'ADMITTED','ajit kumar',1,14,'','OPD',NULL,'Please define an agenda for the patient admission','2010-10-06',NULL,NULL,NULL,'2010-10-06 18:23:00',NULL,NULL,NULL,'2010-10-06 18:24:02',NULL,NULL,1,'GENERAL'),(23,10,'ADMITTED','ajit kumar',1,1,'','OPD',NULL,'Please define an agenda for the patient admission','2010-10-07',NULL,NULL,NULL,'2010-10-07 04:55:00',NULL,NULL,NULL,'2010-10-07 08:52:22',NULL,NULL,1,'GENERAL'),(24,NULL,'REQUESTED','ajit kumar',2,4,'','OPD',NULL,'Please define an agenda for the patient admission','2010-10-07',NULL,NULL,NULL,'2010-10-07 05:44:00',NULL,NULL,NULL,'2010-10-07 09:19:31',NULL,NULL,0,'GENERAL');
/*!40000 ALTER TABLE `admission` ENABLE KEYS */;
UNLOCK TABLES;

--
-- Table structure for table `admission_activity`
--

DROP TABLE IF EXISTS `admission_activity`;
/*!40101 SET @saved_cs_client     = @@character_set_client */;
/*!40101 SET character_set_client = utf8 */;
CREATE TABLE `admission_activity` (
  `ADMISSION_REQ_NBR` int(11) NOT NULL,
  `ACTIVITY_TYPE_CD` varchar(30) NOT NULL,
  `ACTIVITY_DTM` timestamp NOT NULL DEFAULT CURRENT_TIMESTAMP ON UPDATE CURRENT_TIMESTAMP,
  `ADMISSION_STATUS_CD` varchar(20) NOT NULL,
  `REMARKS` mediumtext,
  `CREATED_BY` varchar(25) DEFAULT NULL,
  `VERSION` int(11) NOT NULL,
  PRIMARY KEY (`ADMISSION_REQ_NBR`,`ACTIVITY_TYPE_CD`,`ACTIVITY_DTM`),
  KEY `ADMISSION_ACTIVITY_TYPE_CD_FK` (`ACTIVITY_TYPE_CD`),
  KEY `ADMISSION_ACTIVITY_STATUS_CD_FK` (`ADMISSION_STATUS_CD`),
  KEY `ADMISSION_ACTIVITY_ADMISSION_NBR_FK` (`ADMISSION_REQ_NBR`),
  CONSTRAINT `admission_activity_ibfk_1` FOREIGN KEY (`ADMISSION_REQ_NBR`) REFERENCES `admission` (`ADMISSION_REQ_NBR`),
  CONSTRAINT `ADMISSION_ACTIVITY_STATUS_CD_FK` FOREIGN KEY (`ADMISSION_STATUS_CD`) REFERENCES `admission_status` (`ADMISSION_STATUS_CD`) ON DELETE NO ACTION ON UPDATE NO ACTION,
  CONSTRAINT `ADMISSION_ACTIVITY_TYPE_CD_FK` FOREIGN KEY (`ACTIVITY_TYPE_CD`) REFERENCES `activity_type` (`ACTIVITY_TYPE_CD`) ON DELETE NO ACTION ON UPDATE NO ACTION
) ENGINE=InnoDB DEFAULT CHARSET=latin1;
/*!40101 SET character_set_client = @saved_cs_client */;

--
-- Dumping data for table `admission_activity`
--

LOCK TABLES `admission_activity` WRITE;
/*!40000 ALTER TABLE `admission_activity` DISABLE KEYS */;
/*!40000 ALTER TABLE `admission_activity` ENABLE KEYS */;
UNLOCK TABLES;

--
-- Table structure for table `admission_claim_activity`
--

DROP TABLE IF EXISTS `admission_claim_activity`;
/*!40101 SET @saved_cs_client     = @@character_set_client */;
/*!40101 SET character_set_client = utf8 */;
CREATE TABLE `admission_claim_activity` (
  `REQUEST_SEQUENCE_NBR` bigint(20) NOT NULL,
  `ACTIVITY_TYPE_CD` varchar(30) NOT NULL,
  `CREATE_DTM` timestamp NOT NULL DEFAULT CURRENT_TIMESTAMP ON UPDATE CURRENT_TIMESTAMP,
  `CLAIM_STATUS_CD` varchar(20) NOT NULL,
  `CREATED_BY` varchar(20) DEFAULT NULL,
  `REMARKS` varchar(256) DEFAULT NULL,
  `VERSION` int(11) NOT NULL,
  PRIMARY KEY (`REQUEST_SEQUENCE_NBR`,`CREATE_DTM`,`ACTIVITY_TYPE_CD`),
  KEY `SPONSOR_ACTIVITY_ACTIVITY_TYPE_CD_FK` (`ACTIVITY_TYPE_CD`),
  KEY `SPONSOR_ACTIVITY_CLAIM_STATUS_CD` (`CLAIM_STATUS_CD`),
  CONSTRAINT `SPONSOR_ACTIVITY_ACTIVITY_TYPE_CD_FK` FOREIGN KEY (`ACTIVITY_TYPE_CD`) REFERENCES `activity_type` (`ACTIVITY_TYPE_CD`) ON DELETE NO ACTION ON UPDATE NO ACTION,
  CONSTRAINT `SPONSOR_ACTIVITY_CLAIM_STATUS_CD` FOREIGN KEY (`CLAIM_STATUS_CD`) REFERENCES `sponsor_claim_status` (`CLAIM_STATUS_CD`) ON DELETE NO ACTION ON UPDATE NO ACTION
) ENGINE=InnoDB DEFAULT CHARSET=latin1;
/*!40101 SET character_set_client = @saved_cs_client */;

--
-- Dumping data for table `admission_claim_activity`
--

LOCK TABLES `admission_claim_activity` WRITE;
/*!40000 ALTER TABLE `admission_claim_activity` DISABLE KEYS */;
INSERT INTO `admission_claim_activity` VALUES (1,'CLM_REQ_CREATED','2010-09-30 06:43:59','CREATED',NULL,'',0),(1,'CLM_REQ_SUBMITTED','2010-09-30 06:44:22','SUBMITTED',NULL,'',0),(1,'CLM_REQ_SUBMITTED','2010-09-30 06:45:49','SUBMITTED',NULL,NULL,0),(1,'CLM_REQ_APPROVED','2010-09-30 06:45:55','APPROVED',NULL,'',0),(1,'CLM_REQ_APPROVED','2010-09-30 06:47:05','APPROVED',NULL,NULL,0),(2,'CLM_REQ_CREATED','2010-09-30 06:49:22','CREATED',NULL,'',0),(2,'CLM_REQ_SUBMITTED','2010-09-30 06:49:29','SUBMITTED',NULL,'',0),(2,'CLM_REQ_APPROVED','2010-09-30 06:49:43','APPROVED',NULL,'',0),(3,'CLM_REQ_CREATED','2010-07-19 10:50:54','CREATED',NULL,'',0),(3,'CLM_REQ_CREATED','2010-09-30 08:27:20','CREATED',NULL,'',0),(3,'CLM_REQ_SUBMITTED','2010-09-30 08:27:28','SUBMITTED',NULL,'',0),(3,'CLM_REQ_PARTAPPROVED','2010-10-04 04:02:53','PARTAPPROVED',NULL,'',0),(4,'CLM_REQ_CREATED','2010-07-21 06:28:34','CREATED',NULL,'',0),(4,'CLM_REQ_SUBMITTED','2010-07-21 07:00:53','SUBMITTED',NULL,'',0),(4,'CLM_REQ_PARTAPPROVED','2010-07-21 07:01:47','PARTAPPROVED',NULL,'',0),(4,'CLM_REQ_CREATED','2010-09-30 08:34:05','CREATED',NULL,'',0),(4,'CLM_REQ_SUBMITTED','2010-09-30 08:34:28','SUBMITTED',NULL,'',0),(4,'CLM_REQ_APPROVED','2010-09-30 08:34:31','APPROVED',NULL,'',0),(5,'CLM_REQ_CREATED','2010-09-30 08:44:57','CREATED',NULL,'',0),(5,'CLM_REQ_SUBMITTED','2010-09-30 08:45:03','SUBMITTED',NULL,'',0),(5,'CLM_REQ_APPROVED','2010-09-30 08:45:06','APPROVED',NULL,'',0),(6,'CLM_REQ_CREATED','2010-10-04 04:04:44','CREATED',NULL,'',0),(6,'CLM_REQ_SUBMITTED','2010-10-04 04:04:51','SUBMITTED',NULL,'',0),(6,'CLM_REQ_APPROVED','2010-10-04 04:04:54','APPROVED',NULL,'',0),(7,'CLM_REQ_CREATED','2010-10-07 05:01:57','CREATED',NULL,'',0),(7,'CLM_REQ_CREATED','2010-10-07 05:17:55','CREATED',NULL,NULL,0),(7,'CLM_REQ_CREATED','2010-10-07 05:18:20','CREATED',NULL,NULL,0),(7,'CLM_REQ_CREATED','2010-10-07 06:10:49','CREATED',NULL,NULL,0),(7,'CLM_REQ_CREATED','2010-10-07 06:38:09','CREATED',NULL,NULL,0),(7,'CLM_REQ_CREATED','2010-10-07 06:54:25','CREATED',NULL,NULL,0),(7,'CLM_REQ_CREATED','2010-10-07 06:54:47','CREATED',NULL,NULL,0),(7,'CLM_REQ_CREATED','2010-10-07 06:55:36','CREATED',NULL,NULL,0),(7,'CLM_REQ_CREATED','2010-10-07 06:55:56','CREATED',NULL,NULL,0),(7,'CLM_REQ_CREATED','2010-10-07 07:08:23','CREATED',NULL,NULL,0),(7,'CLM_REQ_SUBMITTED','2010-10-07 07:09:04','SUBMITTED',NULL,'',0),(7,'CLM_REQ_REJECTED','2010-10-07 09:25:16','REJECTED',NULL,'',0),(8,'CLM_REQ_CREATED','2010-10-07 07:12:38','CREATED',NULL,'',0),(8,'CLM_REQ_CREATED','2010-10-07 07:14:00','CREATED',NULL,NULL,0),(8,'CLM_REQ_SUBMITTED','2010-10-07 07:36:05','SUBMITTED',NULL,'',0),(8,'CLM_REQ_REJECTED','2010-10-07 09:25:19','REJECTED',NULL,'',0),(9,'CLM_REQ_CREATED','2010-10-07 09:10:20','CREATED',NULL,'',0),(9,'CLM_REQ_SUBMITTED','2010-10-07 09:10:31','SUBMITTED',NULL,'',0),(9,'CLM_REQ_PARTAPPROVED','2010-10-07 09:25:36','PARTAPPROVED',NULL,'',0),(10,'CLM_REQ_CREATED','2010-10-07 09:11:28','CREATED',NULL,'',0),(10,'CLM_REQ_SUBMITTED','2010-10-07 09:11:44','SUBMITTED',NULL,'',0),(10,'CLM_REQ_APPROVED','2010-10-07 09:16:29','APPROVED',NULL,'',0),(14,'CLM_REQ_CREATED','2010-10-07 09:29:01','CREATED',NULL,'',0),(14,'CLM_REQ_SUBMITTED','2010-10-07 09:47:39','SUBMITTED',NULL,'',0),(14,'CLM_REQ_APPROVED','2010-10-07 09:49:51','APPROVED',NULL,'',0),(15,'CLM_REQ_CREATED','2010-10-07 09:50:33','CREATED',NULL,'',0),(15,'CLM_REQ_SUBMITTED','2010-10-07 09:50:46','SUBMITTED',NULL,'',0),(15,'CLM_REQ_REJECTED','2010-10-07 09:51:17','REJECTED',NULL,'',0),(16,'CLM_REQ_CREATED','2010-10-07 09:51:40','CREATED',NULL,'',0),(16,'CLM_REQ_SUBMITTED','2010-10-07 09:52:44','SUBMITTED',NULL,'',0),(16,'CLM_REQ_REJECTED','2010-10-07 09:52:56','REJECTED',NULL,'',0),(17,'CLM_REQ_CREATED','2010-10-07 09:53:50','CREATED',NULL,'',0),(17,'CLM_REQ_SUBMITTED','2010-10-07 11:23:45','SUBMITTED',NULL,'',0),(17,'CLM_REQ_APPROVED','2010-10-07 11:23:49','APPROVED',NULL,'',0),(18,'CLM_REQ_CREATED','2010-10-07 11:39:47','CREATED',NULL,'',0);
/*!40000 ALTER TABLE `admission_claim_activity` ENABLE KEYS */;
UNLOCK TABLES;

--
-- Table structure for table `admission_claim_request`
--

DROP TABLE IF EXISTS `admission_claim_request`;
/*!40101 SET @saved_cs_client     = @@character_set_client */;
/*!40101 SET character_set_client = utf8 */;
CREATE TABLE `admission_claim_request` (
  `REQUEST_SEQUENCE_NBR` bigint(20) NOT NULL AUTO_INCREMENT,
  `ADMISSION_REQ_NBR` int(11) NOT NULL,
  `CLAIM_SUBSEQUENCE_NBR` int(11) NOT NULL DEFAULT '1',
  `SPONSOR_NAME` varchar(80) NOT NULL,
  `INSURER_NAME` varchar(80) DEFAULT NULL,
  `POLICY_NBR` varchar(30) DEFAULT NULL,
  `PLAN_CD` varchar(30) NOT NULL,
  `POLICY_EFFECTIVE_FROM_DT` date DEFAULT NULL,
  `POLICY_EFFECTIVE_TO_DT` date NOT NULL,
  `PREFERENCE_SEQUENCE_NBR` int(11) DEFAULT NULL,
  `POLICY_HOLDER_NAME` varchar(80) DEFAULT NULL,
  `CREATED_BY` varchar(20) DEFAULT NULL,
  `CREATED_DTM` timestamp NOT NULL DEFAULT CURRENT_TIMESTAMP,
  `REQUEST_DTM` timestamp NULL DEFAULT NULL,
  `REQUESTED_AMOUNT` double NOT NULL,
  `CLAIM_STATUS_CD` varchar(20) DEFAULT NULL,
  `APPROVAL_THROUGH` varchar(30) DEFAULT 'FAX',
  `APPROVAL_DTM` timestamp NULL DEFAULT NULL,
  `APPROVED_AMOUNT` double DEFAULT NULL,
  `FINAL_CLAIMED_AMOUNT` double DEFAULT NULL,
  `PATIENT_AMOUNT` double DEFAULT NULL,
  `LAST_MODIFIED_DTM` timestamp NULL DEFAULT NULL,
  `BILL_NBR` bigint(20) DEFAULT NULL,
  `MODIFIED_BY` varchar(20) DEFAULT NULL,
  `VERSION` int(11) NOT NULL,
  PRIMARY KEY (`REQUEST_SEQUENCE_NBR`),
  UNIQUE KEY `ADMISSION_SUBSEQUENCE_NBR` (`ADMISSION_REQ_NBR`,`CLAIM_SUBSEQUENCE_NBR`),
  KEY `CLAIM_REQUEST_ADMISSION_NBR_FK1` (`ADMISSION_REQ_NBR`),
  KEY `CLAIM_REQUEST_STATUS_CD_FK` (`CLAIM_STATUS_CD`),
  KEY `CLAIM_REQUEST_SPONSOR_NAME` (`SPONSOR_NAME`),
  KEY `CLAIM_REQUEST_PLAN_CD` (`PLAN_CD`),
  KEY `CLAIM_REQUEST_INSURER_NAME_FK` (`INSURER_NAME`),
  CONSTRAINT `admission_claim_request_ibfk_1` FOREIGN KEY (`SPONSOR_NAME`) REFERENCES `claim_sponsor` (`SPONSORS_NAME`),
  CONSTRAINT `admission_claim_request_ibfk_2` FOREIGN KEY (`PLAN_CD`) REFERENCES `insurance_plans` (`PLAN_CD`),
  CONSTRAINT `admission_claim_request_ibfk_3` FOREIGN KEY (`ADMISSION_REQ_NBR`) REFERENCES `admission` (`ADMISSION_REQ_NBR`),
  CONSTRAINT `admission_claim_request_ibfk_4` FOREIGN KEY (`INSURER_NAME`) REFERENCES `insurer` (`INSURER_NAME`),
  CONSTRAINT `SPONSOR_CLAIM_REQUEST_STATUS_CD_FK` FOREIGN KEY (`CLAIM_STATUS_CD`) REFERENCES `sponsor_claim_status` (`CLAIM_STATUS_CD`) ON DELETE NO ACTION ON UPDATE NO ACTION
) ENGINE=InnoDB AUTO_INCREMENT=19 DEFAULT CHARSET=latin1;
/*!40101 SET character_set_client = @saved_cs_client */;

--
-- Dumping data for table `admission_claim_request`
--

LOCK TABLES `admission_claim_request` WRITE;
/*!40000 ALTER TABLE `admission_claim_request` DISABLE KEYS */;
INSERT INTO `admission_claim_request` VALUES (1,5,1,'Max Life Insurance','Max Life Insurance','1','JB-1',NULL,'2010-10-15',NULL,'','Bhavesh ','2010-09-30 06:43:59','2010-09-30 06:45:49',500,'APPROVED',NULL,'2010-09-30 06:47:05',500,NULL,NULL,'2010-09-30 06:45:55',NULL,'Bhavesh ',4),(2,6,1,'Max Life Insurance','Max Life Insurance','1','JB-1',NULL,'2010-10-23',NULL,'','Bhavesh ','2010-09-30 06:49:22','2010-09-30 06:49:29',600,'APPROVED',NULL,'2010-09-30 06:49:43',600,NULL,0,'2010-09-30 06:49:43',NULL,'Bhavesh ',2),(3,5,2,'Max Life Insurance','Max Life Insurance','P009','JB-1',NULL,'2010-10-30',NULL,'','ajit kumar','2010-09-30 08:27:20','2010-09-30 08:27:28',10000,'PARTAPPROVED',NULL,NULL,5000,NULL,9000,'2010-10-04 04:02:53',NULL,'Bhavesh ',2),(4,6,2,'Max Life Insurance','Max Life Insurance','P001','JB-1',NULL,'2010-10-31',NULL,'','ajit kumar','2010-09-30 08:34:05','2010-09-30 08:34:28',1000,'APPROVED',NULL,'2010-09-30 08:34:31',1000,NULL,NULL,'2010-09-30 08:34:31',NULL,'ajit kumar',2),(5,7,1,'Max Life Insurance','Max Life Insurance','P007','JB-1',NULL,'2010-10-02',NULL,'','ajit kumar','2010-09-30 08:44:57','2010-09-30 08:45:03',1000,'APPROVED',NULL,'2010-09-30 08:45:06',1000,NULL,NULL,'2010-09-30 08:45:06',NULL,'ajit kumar',2),(6,9,1,'Max Life Insurance','Max Life Insurance','pC1230098','JB-1',NULL,'2010-11-05',NULL,'Rakesh','Bhavesh ','2010-10-04 04:04:44','2010-10-04 04:04:51',900,'APPROVED',NULL,'2010-10-04 04:04:54',900,NULL,0,'2010-10-04 04:04:54',NULL,'Bhavesh ',2),(7,22,1,'Max Life Insurance','Max Life Insurance','111','Test1',NULL,'2010-11-05',NULL,'sree','Bhavesh ','2010-10-07 05:01:57','2010-10-07 07:09:04',100,'REJECTED',NULL,NULL,NULL,NULL,100,'2010-10-07 09:25:16',NULL,'Bhavesh ',6),(8,22,2,'Max Life Insurance','Max Life Insurance','123','Test1',NULL,'2010-12-11',NULL,'','Bhavesh ','2010-10-07 07:12:38','2010-10-07 07:36:05',500,'REJECTED',NULL,NULL,NULL,NULL,500,'2010-10-07 09:25:19',NULL,'Bhavesh ',3),(9,15,1,'Max Life Insurance','Max Life Insurance','454','Test1',NULL,'2011-01-01',NULL,'','Bhavesh ','2010-10-07 09:10:20','2010-10-07 09:10:31',500,'PARTAPPROVED',NULL,NULL,0,NULL,500,'2010-10-07 09:25:36',NULL,'Bhavesh ',2),(10,15,2,'Max Life Insurance','Max Life Insurance','666','JB-1',NULL,'2010-12-04',NULL,'','Bhavesh ','2010-10-07 09:11:28','2010-10-07 09:11:44',800,'APPROVED',NULL,'2010-10-07 09:16:29',800,NULL,0,'2010-10-07 09:16:29',NULL,'Bhavesh ',2),(14,15,3,'Max Life Insurance','Max Life Insurance','435','JB-1',NULL,'2010-10-23',NULL,'','Bhavesh ','2010-10-07 09:29:01','2010-10-07 09:47:39',1000,'APPROVED',NULL,'2010-10-07 09:49:51',1000,NULL,0,'2010-10-07 09:49:51',NULL,'Bhavesh ',2),(15,9,2,'Max Life Insurance','Max Life Insurance','23','Test1',NULL,'2010-10-23',NULL,'','Bhavesh ','2010-10-07 09:50:33','2010-10-07 09:50:46',0,'REJECTED',NULL,NULL,NULL,NULL,0,'2010-10-07 09:51:17',NULL,'Bhavesh ',2),(16,22,3,'Max Life Insurance','Max Life Insurance','343','JB-1',NULL,'2010-10-29',NULL,'','Bhavesh ','2010-10-07 09:51:40','2010-10-07 09:52:44',0,'REJECTED',NULL,NULL,0,NULL,0,'2010-10-07 09:52:56',NULL,'Bhavesh ',3),(17,13,1,'Max Life Insurance','Max Life Insurance','43','JB-1',NULL,'2010-10-30',NULL,'','Bhavesh ','2010-10-07 09:53:50','2010-10-07 11:23:45',100,'APPROVED',NULL,'2010-10-07 11:23:49',100,NULL,0,'2010-10-07 11:23:49',NULL,'Bhavesh ',8),(18,12,1,'Max Life Insurance','Max Life Insurance','78','JB-1',NULL,'2010-10-23',NULL,'','Bhavesh ','2010-10-07 11:39:47',NULL,200,'CREATED',NULL,NULL,NULL,NULL,0,NULL,NULL,NULL,1);
/*!40000 ALTER TABLE `admission_claim_request` ENABLE KEYS */;
UNLOCK TABLES;

--
-- Table structure for table `admission_entry_point`
--

DROP TABLE IF EXISTS `admission_entry_point`;
/*!40101 SET @saved_cs_client     = @@character_set_client */;
/*!40101 SET character_set_client = utf8 */;
CREATE TABLE `admission_entry_point` (
  `ENTRY_POINT_NAME` varchar(25) NOT NULL,
  `ENTRY_POINT_DESC` varchar(256) DEFAULT NULL,
  PRIMARY KEY (`ENTRY_POINT_NAME`)
) ENGINE=InnoDB DEFAULT CHARSET=latin1;
/*!40101 SET character_set_client = @saved_cs_client */;

--
-- Dumping data for table `admission_entry_point`
--

LOCK TABLES `admission_entry_point` WRITE;
/*!40000 ALTER TABLE `admission_entry_point` DISABLE KEYS */;
INSERT INTO `admission_entry_point` VALUES ('OPD','OPD');
/*!40000 ALTER TABLE `admission_entry_point` ENABLE KEYS */;
UNLOCK TABLES;

--
-- Table structure for table `admission_status`
--

DROP TABLE IF EXISTS `admission_status`;
/*!40101 SET @saved_cs_client     = @@character_set_client */;
/*!40101 SET character_set_client = utf8 */;
CREATE TABLE `admission_status` (
  `ADMISSION_STATUS_CD` varchar(30) NOT NULL,
  `ADMISSION_STATUS_DESC` varchar(256) DEFAULT NULL,
  `ACTIVE_FLAG` char(1) DEFAULT NULL,
  PRIMARY KEY (`ADMISSION_STATUS_CD`)
) ENGINE=InnoDB DEFAULT CHARSET=latin1;
/*!40101 SET character_set_client = @saved_cs_client */;

--
-- Dumping data for table `admission_status`
--

LOCK TABLES `admission_status` WRITE;
/*!40000 ALTER TABLE `admission_status` DISABLE KEYS */;
INSERT INTO `admission_status` VALUES ('ADMITTED','Admitted','Y'),('APPROVED','Approved','Y'),('BED_ASSIGNED','Bed assigned','Y'),('CANCELED','Canceled','Y'),('DISAPPROVED','Disapproved','Y'),('DISCHARED','Discharged','Y'),('EMERGENCY_REQUEST','Emergency Request','Y'),('PRE_DISCHARGE','Pre-Discharge','Y'),('REQUESTED','Requested','Y'),('RESCHEDULED','Rescheduled','Y');
/*!40000 ALTER TABLE `admission_status` ENABLE KEYS */;
UNLOCK TABLES;

--
-- Table structure for table `allergies`
--

DROP TABLE IF EXISTS `allergies`;
/*!40101 SET @saved_cs_client     = @@character_set_client */;
/*!40101 SET character_set_client = utf8 */;
CREATE TABLE `allergies` (
  `ALLERGIES_CODE` int(5) NOT NULL AUTO_INCREMENT,
  `ALLERGRY_DESCRIPTION` varchar(75) COLLATE utf8_unicode_ci DEFAULT NULL,
  `ACTIVE` smallint(1) DEFAULT NULL,
  PRIMARY KEY (`ALLERGIES_CODE`)
) ENGINE=InnoDB AUTO_INCREMENT=2983 DEFAULT CHARSET=utf8 COLLATE=utf8_unicode_ci;
/*!40101 SET character_set_client = @saved_cs_client */;

--
-- Dumping data for table `allergies`
--

LOCK TABLES `allergies` WRITE;
/*!40000 ALTER TABLE `allergies` DISABLE KEYS */;
INSERT INTO `allergies` VALUES (1,'A& D Emollient',1),(2,'A& D Zinc Oxide Cream',1),(3,'A-Fil',1),(4,'A-MANTLE',1),(5,'A.E.R Traveler',1),(6,'A.E.R. Witch Hazel',1),(7,'A.P.L.',1),(8,'A/G Pro',1),(9,'Abacavir',1),(10,'Abarelix',1),(11,'Abatacept',1),(12,'Abbokinase',1),(13,'Abciximab',1),(14,'ABDEK',1),(15,'Abelcet',1),(16,'Abilify',1),(17,'Abilify Discmelt',1),(18,'Abraxane',1),(19,'Abreva',1),(20,'Absorbine Jr.',1),(21,'Absorbine Jr. Extra Strength',1),(22,'Acacia',1),(23,'Acamprosate',1),(24,'Acamprosate And Derivatives',1),(25,'Acarbose',1),(26,'Accolate',1),(27,'AccuHist',1),(28,'Accuhist DM',1),(29,'Accuhist DM Pediatric',1),(30,'Accuhist LA',1),(31,'AccuHist PDX',1),(32,'Accuhist Pediatric',1),(33,'AccuNeb',1),(34,'Accupril',1),(35,'Accuretic',1),(36,'Accutane',1),(37,'AccuTuss DM',1),(38,'ACCUZYME',1),(39,'Accuzyme SE',1),(40,'ACD-A',1),(41,'Ace Inhibitors',1),(42,'Ace+Z',1),(43,'Acebutolol',1),(44,'Acecarbromal',1),(45,'Aceclidine',1),(46,'Aceclofenac',1),(47,'Acefylline',1),(48,'Acefylline Piperazine',1),(49,'Acemannan',1),(50,'Acemetacin',1),(51,'Acenocoumarol',1),(52,'Aceon',1),(53,'Acepromazine',1),(54,'Aceprometazine',1),(55,'Acerola',1),(56,'Acerola (Malpighia Glabra)',1),(57,'Acesulfame',1),(58,'Acetadote',1),(59,'Acetamide MEA',1),(60,'Acetaminophen',1),(61,'Acetanilide',1),(62,'Acetarsol',1),(63,'Acetazolamide',1),(64,'Acetiamine',1),(65,'Acetic Acid',1),(66,'Acetohexamide',1),(67,'Acetohydroxamic Acid',1),(68,'Acetomenaphthone',1),(69,'Acetone',1),(70,'Acetophenazine',1),(71,'Acetoxolone',1),(72,'Acetoxolone Aluminum',1),(73,'Acetrizoic Acid',1),(74,'Acetyl-D-Glucosamine',1),(75,'Acetylated Monoglceride',1),(76,'Acetylcholine',1),(77,'Acetylcysteine',1),(78,'Acetyldigitoxin',1),(79,'Acetyldigoxin',1),(80,'Acetylleucine',1),(81,'Acetylmethionine',1),(82,'Acetyltributyl Citrate',1),(83,'Acetyltryptophanate',1),(84,'Acexamic Acid',1),(85,'Achromycin',1),(86,'Achromycin V',1),(87,'Acid Green 50',1),(88,'Acid Mantle',1),(89,'Acidoll',1),(90,'Acigest II',1),(91,'Aciphex',1),(92,'Acipimox',1),(93,'Acitazanolast',1),(94,'Acitretin',1),(95,'Aclaro',1),(96,'Aclaro PD',1),(97,'Aclarubicin',1),(98,'Aclovate',1),(99,'Acne-Aid',1),(100,'Aconite',1),(101,'Aconitum',1),(102,'Acridine Analogues',1),(103,'Acriflavine',1),(104,'Acrisorcin',1),(105,'Acrivastine',1),(106,'Acrylate Copolymers',1),(107,'Acrylic Acid',1),(108,'ACT Fluoride',1),(109,'ACT for Kids',1),(110,'Acta-Char',1),(111,'Actamin Maximum Strength',1),(112,'Acthar H.P.',1),(113,'ActHIB',1),(114,'Acthrel',1),(115,'Actical',1),(116,'Actidose/Sorbitol',1),(117,'Actifed',1),(118,'Actifed Allergy Daytime/Night',1),(119,'Actifed Cold and Sinus',1),(120,'Actifed Cold-Allergy',1),(121,'Actifed Plus',1),(122,'Actifed Sinus',1),(123,'Actifed Sinus Daytime/Night',1),(124,'Actifed With Codeine',1),(125,'Actigall',1),(126,'Actimmune',1),(127,'Actinoquinol',1),(128,'Actiq',1),(129,'Actisite',1),(130,'Activase',1),(131,'Activated Charcoal',1),(132,'Activella',1),(133,'Actonel',1),(134,'Actonel With Calcium',1),(135,'actoplus met',1),(136,'Actos',1),(137,'Acuflex',1),(138,'Acular',1),(139,'Acular LS',1),(140,'Acular PF',1),(141,'Acunol',1),(142,'Acuprin',1),(143,'Acyclovir',1),(144,'Acyclovir Analogues',1),(145,'Acys-5',1),(146,'Adacel',1),(147,'Adagen',1),(148,'Adalat',1),(149,'Adalat CC',1),(150,'Adalimumab',1),(151,'Adapalene',1),(152,'Adderall',1),(153,'Adderall XR',1),(154,'Ade',1),(155,'Adeflor M',1),(156,'Adefovir',1),(157,'ADEKS',1),(158,'Adeks Pediatric',1),(159,'Ademetionine',1),(160,'Adenine',1),(161,'Adenocard',1),(162,'Adenoscan',1),(163,'Adenosine',1),(164,'Adenosine Analogues',1),(165,'Adexol',1),(166,'Adexol-DM',1),(167,'Adhesive',1),(168,'Adhesive Bandage',1),(169,'Adhesive Foot Cushion',1),(170,'Adhesive Remover',1),(171,'Adhesive Tape',1),(172,'Adhesive, Silicone',1),(173,'Adiphenine',1),(174,'Adipic Acid',1),(175,'Adonitol',1),(176,'ADOXA',1),(177,'ADOXA Pak',1),(178,'Adrafinil',1),(179,'Adrenal',1),(180,'Adrenal Cortex (Porcine)',1),(181,'Adrenalin',1),(182,'Adrenalone',1),(183,'Adriamycin',1),(184,'Adriamycin RDF',1),(185,'Adsorbocarpine',1),(186,'Adult Low Dose Aspirin',1),(187,'Advair Diskus',1),(188,'ADVAIR HFA',1),(189,'ADVANCED Calcium',1),(190,'ADVANCED Ester C',1),(191,'ADVANCED High Gamma E',1),(192,'Advantage 24 Bioad Contracept',1),(193,'ADVATE',1),(194,'Advicor',1),(195,'Advil Allergy Sinus',1),(196,'Advil Cold& Sinus',1),(197,'Advil Flu& Body Ache',1),(198,'Advil Liqui-Gel',1),(199,'Advil Migraine',1),(200,'Advil Multi-Symptom Cold',1),(201,'Aerobid',1),(202,'Aerobid-M',1),(203,'Aerohist',1),(204,'aeroKid',1),(205,'Aerolate 111',1),(206,'Aerolate III TD',1),(207,'AeroTuss 12',1),(208,'Aescin',1),(209,'Aescin Sodium Polysulfate',1),(210,'Aflexa',1),(211,'Afloqualone',1),(212,'Afrin',1),(213,'Afrin Childrens',1),(214,'Afrin Extra Moisturizing',1),(215,'Afrin Menthol Spray',1),(216,'Afrin Nasal Spray',1),(217,'Afrin Sinus',1),(218,'Aftate',1),(219,'Aftate Athletes Foot',1),(220,'Aftate Jock Itch',1),(221,'Agalsidase Alpha',1),(222,'Agalsidase Beta',1),(223,'Agar',1),(224,'Age Spot/Skin Lightning',1),(225,'Agenerase',1),(226,'Aggrastat',1),(227,'Aggrenox',1),(228,'Agoral',1),(229,'Agrimony',1),(230,'Agrimony (Agrimonia Eupatoria)',1),(231,'Agrylin',1),(232,'AH-Chew',1),(233,'AH-Chew D',1),(234,'AH-Chew II',1),(235,'AHIST',1),(236,'Airshield',1),(237,'Ajmaline',1),(238,'Akineton',1),(239,'Akne-Mycin',1),(240,'Akoline CB W/Zinc',1),(241,'Ala-Seb',1),(242,'Alacepril',1),(243,'Alacol',1),(244,'Alacol DM',1),(245,'Alamag',1),(246,'Alamast',1),(247,'Alanine',1),(248,'Alantolactone',1),(249,'Alanylglutamine',1),(250,'Alba-3',1),(251,'Alba-3 HC',1),(252,'Alba-Lybe NR',1),(253,'Alba-Temp 300',1),(254,'ALBAFORT',1),(255,'Albafort Pediatric',1),(256,'Albafort S',1),(257,'Albalybe',1),(258,'Albamycin',1),(259,'Albapec CF',1),(260,'Albatussin CF',1),(261,'Albatussin CF Pediatric',1),(262,'Albatussin DM',1),(263,'Albatussin DM Pediatric',1),(264,'Albatussin EX',1),(265,'Albatussin EX Pediatric',1),(266,'Albatussin LA',1),(267,'Albatussin NN',1),(268,'Albatussin PE',1),(269,'Albatussin PE Pediatric',1),(270,'Albatussin Pediatric',1),(271,'Albatussin Pediatric Drops',1),(272,'Albatussin Pediatric NR',1),(273,'Albatussin SR',1),(274,'Albatussin SR F',1),(275,'Albatussin SR Senior',1),(276,'Albay Honey Bee Venom',1),(277,'Albay Mixed Vespid Venom',1),(278,'Albay White Faced Hornet Venom',1),(279,'Albendazole',1),(280,'Albenza',1),(281,'Albumin Human',1),(282,'Albumin Products',1),(283,'Albutein',1),(284,'Albuterol',1),(285,'Alcalak Plus',1),(286,'ALCET',1),(287,'Alclometasone',1),(288,'Alcloxa',1),(289,'Alcohol',1),(290,'Alcoholado Maravilla 70',1),(291,'Alcomed Ca',1),(292,'Alconox',1),(293,'Alcortin',1),(294,'Alcuronium',1),(295,'Aldactazide',1),(296,'Aldactone',1),(297,'Aldara',1),(298,'Aldesleukin',1),(299,'ALDEX',1),(300,'ALDEX D',1),(301,'ALDEX DM',1),(302,'ALDEX G',1),(303,'ALDEX-CT',1),(304,'Aldioxa',1),(305,'Aldoclor',1),(306,'Aldomet',1),(307,'Aldoril D30',1),(308,'Aldoril D50',1),(309,'Aldoril-15',1),(310,'Aldoril-25',1),(311,'Aldosterone',1),(312,'Aldosterone Antagonists',1),(313,'Aldurazyme',1),(314,'Alefacept',1),(315,'Alemtuzumab',1),(316,'Alendronic Acid',1),(317,'Alera',1),(318,'Alesse (21)',1),(319,'Alesse-28',1),(320,'Aleve',1),(321,'Aleve Cold& Sinus',1),(322,'Aleve Sinus& Headache',1),(323,'Alexitol Sodium',1),(324,'Alfacalcidol',1),(325,'Alfalfa',1),(326,'Alfalfa (Medicago Sativa)',1),(327,'Alfenta',1),(328,'Alfentanil',1),(329,'Alferon N',1),(330,'Alfuzosin',1),(331,'Alga-K',1),(332,'Algestone',1),(333,'Alginate Dressing',1),(334,'Alginic Acid',1),(335,'Alglucerase',1),(336,'Alglucosidase Alfa',1),(337,'Alibendol',1),(338,'ALIMTA',1),(339,'Alinia',1),(340,'Aliphatic Alcohols',1),(341,'Alitretinoin',1),(342,'Alizapride',1),(343,'ALK SQ Cat Hair',1),(344,'Alka-Aid',1),(345,'Alka-Mint',1),(346,'Alka-Mints',1),(347,'Alka-Seltzer',1),(348,'Alka-Seltzer Antacid',1),(349,'Alka-Seltzer Extra Strength',1),(350,'Alka-Seltzer Gold',1),(351,'Alka-Seltzer Plus',1),(352,'Alka-Seltzer Plus Cold',1),(353,'Alka-Seltzer Plus Cold/Cough',1),(354,'Alka-Seltzer Plus Flu/Body',1),(355,'Alka-Seltzer Plus Night-Time',1),(356,'Alka-Seltzer Plus Sinus',1),(357,'Alka-Seltzer PM',1),(358,'Alkeran',1),(359,'Alkyl Acrylate Crosspolymer',1),(360,'Alkyl-Aryl Sulfonate',1),(361,'All Clear',1),(362,'All Clear AR',1),(363,'Allantoin',1),(364,'Allbee C-800',1),(365,'Allbee C-800 Plus Iron',1),(366,'Allclenz',1),(367,'Allegra',1),(368,'Allegra-D 12 Hour',1),(369,'Allegra-D 24 Hour',1),(370,'Alleract',1),(371,'Allerest',1),(372,'Allerest 12 Hour',1),(373,'Allerest Children\'s',1),(374,'Allergy Relief Spray',1),(375,'Allerscript',1),(376,'AllerTan',1),(377,'Allerwell Allergy Formula',1),(378,'AlleRx',1),(379,'AlleRx DF',1),(380,'AlleRx Dose Pack',1),(381,'AlleRx PE',1),(382,'AlleRx-D',1),(383,'Allethrins',1),(384,'ALLFEN',1),(385,'ALLFEN C',1),(386,'Allfen CX',1),(387,'Allfen Jr',1),(388,'ALLFEN-DM',1),(389,'Allobarbital',1),(390,'Allopurinol',1),(391,'Allspice',1),(392,'Allylestrenol',1),(393,'Allylisothiocyanate',1),(394,'Almagate',1),(395,'Almasilate',1),(396,'Almebex Plus B-12',1),(397,'Almecillin',1),(398,'Alminoprofen',1),(399,'Almitrine',1),(400,'Almond (Prunus Amygdalus)',1),(401,'Almond Oil',1),(402,'Almotriptan',1),(403,'Alocril',1),(404,'Aloe',1),(405,'Aloe Cape',1),(406,'Aloe Cort',1),(407,'Aloe Polysaccharide',1),(408,'Aloe Vera',1),(409,'Aloe Vesta',1),(410,'Aloe Vesta 2-n-1 Antifungal',1),(411,'Aloe Vesta 2-n-1 Body Wash',1),(412,'Aloe Vesta 2-n-1 Cleanser',1),(413,'Aloe Vesta 2-n-1 Protective',1),(414,'Aloe Vesta Antifungal',1),(415,'Aloe Vesta Bathing Cloths',1),(416,'Aloe Vesta Perineal',1),(417,'Aloe Vesta Perineal II',1),(418,'Aloe Vesta Protective',1),(419,'Aloe Vesta Whirlbath Additive',1),(420,'Aloglutamol',1),(421,'Aloin',1),(422,'Alomide',1),(423,'Aloprim',1),(424,'Alosetron',1),(425,'Aloxi',1),(426,'Aloxiprin',1),(427,'Alpha 2 Adrenergic Agonist',1),(428,'Alpha Cyclodextrin',1),(429,'Alpha Glow',1),(430,'Alpha Glucosidase',1),(431,'Alpha Hydroxy Acids',1),(432,'Alpha Interferon Moiety',1),(433,'Alpha Keri Shower-Bath',1),(434,'Alpha Pinene',1),(435,'Alpha-1-Proteinase Inhibitor',1),(436,'Alpha-Amylase',1),(437,'Alpha-D-Galactosidase',1),(438,'Alphagan',1),(439,'Alphagan P',1),(440,'Alphanate',1),(441,'AlphaNine SD',1),(442,'Alphaprodine',1),(443,'Alprazolam',1),(444,'Alprazolam Intensol',1),(445,'Alprenolol',1),(446,'Alprostadil',1),(447,'Alrex',1),(448,'Alseroxylon',1),(449,'Alstonia',1),(450,'Altace',1),(451,'Alteplase',1),(452,'Alteplase(Tissue Plasminogen Activator)',1),(453,'Althiazide',1),(454,'Altocor',1),(455,'Altoprev',1),(456,'Altretamine',1),(457,'Alu-Cap',1),(458,'Alu-Tab',1),(459,'Alumina,Colloidal',1),(460,'Aluminium Chlorate',1),(461,'Aluminum',1),(462,'Aluminum Aspirin',1),(463,'Aluminum Carbonate,Basic',1),(464,'Aluminum Containing Products',1),(465,'Aluminum Flufenamate',1),(466,'Aluminum Gluconate',1),(467,'Aluminum Histidinate',1),(468,'Aluminum Hydroxide',1),(469,'Aluminum Hydroxyphosphate',1),(470,'Aluminum Hydroxyquinoleate',1),(471,'Aluminum Lactate',1),(472,'Aluminum Lake',1),(473,'Aluminum Monostearate',1),(474,'Aluminum Nicotinate',1),(475,'Aluminum Oxide',1),(476,'Aluminum Phosphate',1),(477,'Aluminum Powder',1),(478,'Aluminum Salicylate',1),(479,'Aluminum Silicate',1),(480,'Aluminum Starch Octenylsucc.',1),(481,'Aluminum Stearate',1),(482,'Aluminum Triformate',1),(483,'Alupent',1),(484,'Alustra',1),(485,'Alverine',1),(486,'Amantadine',1),(487,'Amantadine And Derivatives',1),(488,'Amaranth',1),(489,'Amaryl',1),(490,'Ambenonium',1),(491,'Ambenyl-D',1),(492,'Amber Oil',1),(493,'AMBI 40-1000 (PE)',1),(494,'AMBI 40-1000-60 (PE)',1),(495,'AMBI 5-15-100',1),(496,'AMBI 60-1000',1),(497,'AMBI 60-1000-30',1),(498,'Ambien',1),(499,'Ambien CR',1),(500,'AMBIEN PAK',1),(501,'Ambifed-G',1),(502,'Ambifed-G DM',1),(503,'AmBisome',1),(504,'Ambroxol',1),(505,'Ambroxol Acefyllinate',1),(506,'Ambufylline',1),(507,'Ambutonium',1),(508,'Amcinonide',1),(509,'Amdinocillin',1),(510,'Amdinocillin Pivoxil',1),(511,'Amerge',1),(512,'Americaine',1),(513,'Americaine First Aid',1),(514,'Americaine Hemorrhoidal',1),(515,'American Ginseng',1),(516,'Amerifed',1),(517,'Amerifed DM',1),(518,'Amerigel Preventive Care',1),(519,'Amerigel Wound Wash',1),(520,'Amerituss AD',1),(521,'Amevive',1),(522,'Amezinium Metilsulfate',1),(523,'AMICAR',1),(524,'Amidate',1),(525,'Amide Type Anesthetics',1),(526,'Amifloxacin',1),(527,'Amifostine',1),(528,'Amikacin',1),(529,'Amikin',1),(530,'Amilomer',1),(531,'Amiloride',1),(532,'Amiloxate',1),(533,'Amina-21',1),(534,'Aminacrine',1),(535,'Aminaphthone',1),(536,'Amine Ergot Alkaloid',1),(537,'Amine Oxidase',1),(538,'Amineptine',1),(539,'Amino Acids',1),(540,'Amino Plus',1),(541,'Amino-Cerv',1),(542,'Aminobenzoic Acid',1),(543,'Aminobenzoic Acid (B Vit)',1),(544,'Aminobrain',1),(545,'Aminobrain Plus',1),(546,'Aminocaproic Acid',1),(547,'Aminoglutethimide',1),(548,'Aminoglycosides',1),(549,'Aminohippuric Acid',1),(550,'Aminohydroxybutyric Acid',1),(551,'Aminolevulinate Analogues',1),(552,'Aminolevulinic Acid HCl',1),(553,'Aminomethylbenzoic Acid',1),(554,'Aminomethylpropanol',1),(555,'Aminopentamide',1),(556,'Aminophyllin',1),(557,'Aminophylline',1),(558,'Aminopyrine',1),(559,'Aminoquinuride',1),(560,'Aminosalicylic Acid',1),(561,'Aminosyn',1),(562,'Aminoxin',1),(563,'Amiodarone',1),(564,'Amiodarone Analogues',1),(565,'Amipaque',1),(566,'Amipaque W/Diluent',1),(567,'Amisometradine',1),(568,'Amisulpride',1),(569,'Amitiza',1),(570,'Amitone',1),(571,'Amitriptyline',1),(572,'AmLactin',1),(573,'AmLactin AP',1),(574,'AmLactin Distribution Pack',1),(575,'AmLactin XL',1),(576,'Amlexanox',1),(577,'Amlodipine',1),(578,'Ammi Visnaga',1),(579,'Ammonia',1),(580,'Ammonia Water',1),(581,'Ammonia Water (Ammonium Hydroxide)',1),(582,'Ammonium',1),(583,'Ammonium Alum',1),(584,'Ammonium Chloride',1),(585,'Ammonium Glycolate',1),(586,'Ammonium Glycyrrhizinate',1),(587,'Ammonium Iodide',1),(588,'Ammonium Laureth Sulfate',1),(589,'Ammonium Lauryl Sulfate',1),(590,'Ammonium Metavanadate',1),(591,'Ammonium Molybdate',1),(592,'Ammonium Oleate',1),(593,'Ammonium Phosphate',1),(594,'Ammonium Stearate',1),(595,'AMMONUL',1),(596,'Amo Endosol Extra',1),(597,'Amobarbital',1),(598,'Amodiaquine',1),(599,'Amol',1),(600,'Amorolfine',1),(601,'Amosan',1),(602,'Amosulalol',1),(603,'Amoxapine',1),(604,'Amoxicillin',1),(605,'Amoxil',1),(606,'Amphetamine',1),(607,'Amphetaminil',1),(608,'Amphojel',1),(609,'Amphotec',1),(610,'Amphotericin B',1),(611,'Ampicillin',1),(612,'Amprenavir',1),(613,'Amprenavir Derivatives',1),(614,'Amprotropine',1),(615,'Amsacrine',1),(616,'Amur Corktree',1),(617,'Amvisc',1),(618,'Amvisc Plus',1),(619,'Amyl Nitrite',1),(620,'Amyl Salicylate',1),(621,'Amylamine',1),(622,'Amylase',1),(623,'Amylene Hydrate',1),(624,'Amylmetacresol',1),(625,'Amylocaine',1),(626,'Amytal',1),(627,'Ana-Guard',1),(628,'Anacardium Orientale',1),(629,'Anacin',1),(630,'Anaclasine',1),(631,'Anadrol-50',1),(632,'Anafranil',1),(633,'Anagrelide',1),(634,'Anagrelide Analogues',1),(635,'Anahist',1),(636,'Anakinra',1),(637,'Analpram-HC',1),(638,'Analpram-HC Singles',1),(639,'AnaMantle HC',1),(640,'AnaMantle HC Forte',1),(641,'Anana',1),(642,'Anana Forte',1),(643,'Anaplex DM',1),(644,'Anaplex DMX',1),(645,'Anaplex HD',1),(646,'Anaprox',1),(647,'Anaprox DS',1),(648,'Anastrozole',1),(649,'Anatuss DM',1),(650,'Anavar',1),(651,'Anbesol',1),(652,'Anbesol Maximum Strength',1),(653,'Ancef',1),(654,'Ancestim',1),(655,'Ancobon',1),(656,'Ancrod',1),(657,'Ancrod Antiserum',1),(658,'Androderm',1),(659,'AndroGel',1),(660,'Androgenic Anabolic Steroid',1),(661,'Androgens',1),(662,'Andrographis Paniculata',1),(663,'Andropogon Schoenanthus',1),(664,'Androstenedione',1),(665,'Anecortave',1),(666,'Anectine',1),(667,'Anectine Flo-Pack',1),(668,'Anemagen OB',1),(669,'Anestacon',1),(670,'Anethole',1),(671,'Anethole Trithione',1),(672,'Anexsia',1),(673,'Angelica',1),(674,'ANGELIQ',1),(675,'Angio-Conray',1),(676,'Angio-Pak with Conray',1),(677,'Angio-Pak with Conray-30',1),(678,'Angio-Pak with Conray-325',1),(679,'Angio-Pak with Conray-400',1),(680,'Angio-Pak with Conray-43',1),(681,'Angio-Pak with Vascoray',1),(682,'Angiomax',1),(683,'Angiotensin I,Human',1),(684,'Angiotensin II,Human',1),(685,'Angiotensin III,Human',1),(686,'Angiscein',1),(687,'Anidulafungin',1),(688,'Anileridine',1),(689,'Animi-3',1),(690,'Anion Exchange Resins',1),(691,'Aniracetam',1),(692,'Anise',1),(693,'Anise Flavor',1),(694,'Anise Oil',1),(695,'Aniseed',1),(696,'Anisindione',1),(697,'Anisohydrocinnamol',1),(698,'Anisotropine Methylbromide',1),(699,'Anistreplase',1),(700,'Annato Extract',1),(701,'Annatto',1),(702,'Ansaid',1),(703,'Anspor',1),(704,'Antabuse',1),(705,'Antacid',1),(706,'Antagon',1),(707,'Antara',1),(708,'Antazoline',1),(709,'Anthra-Derm',1),(710,'Anthracyclines',1),(711,'Anthralin',1),(712,'Anthraquinone',1),(713,'Anthrax Vaccine',1),(714,'Anthroposophic Drugs,O.U.',1),(715,'Anti-Bacterial Cleansing',1),(716,'Anti-Inhibitor Coagulant Comp.',1),(717,'ANTI-NAUSEA GINGER',1),(718,'Anti-Snore',1),(719,'Anticholinergics,Other',1),(720,'Anticholinergics,Quaternary',1),(721,'Antidiuretic Hormone',1),(722,'Antifoam',1),(723,'Antifoam A',1),(724,'Antifoam AF',1),(725,'Antifoam DC',1),(726,'Antifoam M',1),(727,'Antihaemophilic Globulin',1),(728,'Antihemophilic Factor VIII',1),(729,'Antihemophilic Factors',1),(730,'Antihistamine',1),(731,'Antihistamines',1),(732,'Antilirium',1),(733,'Antiminth',1),(734,'Antimony',1),(735,'Antiox',1),(736,'Antioxidant',1),(737,'Antioxidant Formula',1),(738,'Antioxidant Vitamin& Mineral',1),(739,'Antioxidant Vitamins',1),(740,'Antipyrine',1),(741,'Antirabies Serum',1),(742,'Antiseptic',1),(743,'Antiseptic Bio-Hand',1),(744,'Antiseptic Gel',1),(745,'Antiseptic Wound-Skin',1),(746,'Antiseptic& Anesthetic',1),(747,'Antisera',1),(748,'Antithrombin III,Human',1),(749,'Antivenin Crotalidae',1),(750,'Antivenin,Crotalidae (Equine)',1),(751,'Antivenin,Crotalidae Fab(Ovin)',1),(752,'Antivenin,Latrodectus Mactans',1),(753,'Antivenin,Micrurus Fulvius',1),(754,'Antivenom, Cobra',1),(755,'Antivenom, Five Pace Snake',1),(756,'Antivenom, Green Pit Viper',1),(757,'Antivenom, King Cobra',1),(758,'Antivenom, Krait Snake',1),(759,'Antivenom, Naja Naja',1),(760,'Antivenom, Russells Viper',1),(761,'Antivenom, Siberian Pit Viper',1),(762,'Antivenom, Spitting Cobra',1),(763,'Antivenom,Black Mamba',1),(764,'Antivenom,Black Snake',1),(765,'Antivenom,Bothrops Alternatus',1),(766,'Antivenom,Bothrops Neuwiedii',1),(767,'Antivenom,Box Jellyfish',1),(768,'Antivenom,Brown Snake',1),(769,'Antivenom,Cape Cobra',1),(770,'Antivenom,Centruroide Scorpion',1),(771,'Antivenom,Crotalus Terrifus',1),(772,'Antivenom,Death Adder',1),(773,'Antivenom,European Viper',1),(774,'Antivenom,Eygptian Cobra',1),(775,'Antivenom,Forest Cobra',1),(776,'Antivenom,Funnel Web Spider',1),(777,'Antivenom,Gaboon Adder',1),(778,'Antivenom,Green Mamba',1),(779,'Antivenom,Jameson\'s Mamba',1),(780,'Antivenom,Mozambique Spitting',1),(781,'Antivenom,Paralysis Tick',1),(782,'Antivenom,Polyvalent Snake',1),(783,'Antivenom,Puff Adder',1),(784,'Antivenom,Red Back Spider',1),(785,'Antivenom,Rinkhals',1),(786,'Antivenom,Sea Snake',1),(787,'Antivenom,Stonefish',1),(788,'Antivenom,Taipan',1),(789,'Antivenom,Tiger Snake',1),(790,'Antivert',1),(791,'Antivert/25',1),(792,'Antiviral Drugs',1),(793,'Antizol',1),(794,'Anturane',1),(795,'Anusert',1),(796,'Anusol',1),(797,'Anusol HC-1',1),(798,'Anzemet',1),(799,'Apalcillin',1),(800,'APAP 500',1),(801,'Apatate',1),(802,'Apatate/Fluoride',1),(803,'Apazone',1),(804,'Apetigen',1),(805,'Apetigen Plus',1),(806,'Apetimar',1),(807,'Apetizinc',1),(808,'Aphthasol',1),(809,'Apidra',1),(810,'Apis Mellifera Venom',1),(811,'Apligraf',1),(812,'Aplisol',1),(813,'Aplitest',1),(814,'APOKYN',1),(815,'Apomorphine',1),(816,'Appearex',1),(817,'Appetite Control',1),(818,'Apple',1),(819,'Apple Bitter',1),(820,'Apple Cider Vinegar Complex',1),(821,'Apple Cider Vinegar Plus',1),(822,'Apple Flavor',1),(823,'Apple Juice',1),(824,'Apple Pectin',1),(825,'Apple Tree',1),(826,'AppTrim',1),(827,'AppTrim Program',1),(828,'AppTrim-D',1),(829,'Apraclonidine',1),(830,'Aprepitant',1),(831,'Apresazide',1),(832,'Apresoline',1),(833,'Apricot',1),(834,'Apricot Flavor',1),(835,'Apricot Kernel Oil',1),(836,'Apricot Tree',1),(837,'Aprindine',1),(838,'Aprobarbital',1),(839,'Aprotinin',1),(840,'Aptigen-Plus',1),(841,'Aptivus',1),(842,'Aqua Glycolic',1),(843,'Aqua Glycolic Astringent',1),(844,'Aqua Lacten',1),(845,'Aqua-Ban/Pamabrom',1),(846,'Aqua-Film Tears',1),(847,'Aqua-Mephyton',1),(848,'Aquacare Hp',1),(849,'Aquachloral',1),(850,'AquADEKs',1),(851,'AquADEKs Pediatric',1),(852,'AQUADERM',1),(853,'Aquamed',1),(854,'Aquaphilic with Tac+Carbamide',1),(855,'Aquaphor',1),(856,'Aquaphor with Natural Healing',1),(857,'Aquasite',1),(858,'Aquasol A',1),(859,'Aquasol E',1),(860,'AQUATAB D',1),(861,'AQUATAB DM',1),(862,'AQUATAB-C',1),(863,'Arabinogalactan',1),(864,'Arabinoxylan',1),(865,'Arachidonic Acid (ARA)',1),(866,'Arachidyl Alcohol',1),(867,'Arachidyl Glucoside',1),(868,'Aralen',1),(869,'Aranesp',1),(870,'Aranesp (Polysorbate)',1),(871,'Aranesp SureClick -Polysorbate',1),(872,'Arava',1),(873,'Arbekacin',1),(874,'Arbutamine',1),(875,'Arcitumomab',1),(876,'Ardeparin,Porcine',1),(877,'Areca',1),(878,'Aredia',1),(879,'Arestin',1),(880,'Arformoterol',1),(881,'Argatroban',1),(882,'Argentum Metallicum',1),(883,'ArgiMent',1),(884,'Arginine',1),(885,'Arginine Zinc',1),(886,'Arginine-Pyroglutamate',1),(887,'Argipressin',1),(888,'Argitein',1),(889,'Aricept',1),(890,'Aricept ODT',1),(891,'Aridex Pediatric',1),(892,'ARIDEX-D pediatric',1),(893,'Arimidex',1),(894,'Aripiprazole',1),(895,'Aristo-Pak',1),(896,'Aristocort',1),(897,'Aristocort A',1),(898,'Aristocort HP',1),(899,'Aristocort Intralesional',1),(900,'Aristocort LP',1),(901,'Aristocort R',1),(902,'Aristospan Intra-Articular',1),(903,'Aristospan Intralesional',1),(904,'Aristospan Parenteral',1),(905,'Arixtra',1),(906,'Armour Thyroid',1),(907,'Arnica',1),(908,'Aromasin',1),(909,'Arotinolol',1),(910,'Arranon',1),(911,'Arrow Root',1),(912,'Arsenic',1),(913,'Arsenic Analogues',1),(914,'Artane',1),(915,'Artemether',1),(916,'Artesunate',1),(917,'Arthricare Pain Relieving Rub',1),(918,'Arthritis Foundation',1),(919,'Arthritis Hot Pain Relief',1),(920,'Arthritis Strength BC Powder',1),(921,'Arthropan',1),(922,'Arthropod-Borne And Other Neurotoxic Virus Va',1),(923,'Arthrotec 50',1),(924,'Arthrotec 75',1),(925,'Arthx SS',1),(926,'Articaine',1),(927,'Artichoke',1),(928,'Artra Beauty',1),(929,'Asacol',1),(930,'Asafetida',1),(931,'Ascocid-1000',1),(932,'Ascocid-500-D',1),(933,'Ascorbic Acid',1),(934,'Ascorbic Acid (Vitamin C)',1),(935,'Ascriptin',1),(936,'Ascriptin A/D',1),(937,'Ascriptin AP',1),(938,'Asendin',1),(939,'Ashwagandha',1),(940,'Asiatic Dogwood',1),(941,'Asmanex Twisthaler',1),(942,'Asparaginase',1),(943,'Asparaginase (E. Coli)',1),(944,'Asparaginase (Erwinia)',1),(945,'Asparaginase (PEG, E. Coli)',1),(946,'Asparagine',1),(947,'Asparagus',1),(948,'Asparagus Flavor',1),(949,'Aspartame',1),(950,'Aspartate-Mg+K',1),(951,'Aspartic Acid',1),(952,'Aspercreme',1),(953,'Aspercreme with Aloe',1),(954,'Aspergillus Nidulans',1),(955,'Aspergillus Oryzae Enzymes',1),(956,'Aspergum',1),(957,'Aspidium',1),(958,'Aspirin',1),(959,'Aspirin Regimen Bayer/Calcium',1),(960,'Astelin',1),(961,'Astemizole',1),(962,'Asthmatic Paroxysms No.21',1),(963,'Astragalus',1),(964,'Astragalus (Astragalus Membranaceus)',1),(965,'Astramorph-PF',1),(966,'Astringents',1),(967,'Astringyn',1),(968,'Astroglide',1),(969,'ATABEX PRENATAL',1),(970,'Atacand',1),(971,'Atacand HCT',1),(972,'Atarax',1),(973,'Atazanavir',1),(974,'Atazanavir Derivatives',1),(975,'Atenolol',1),(976,'Atgam',1),(977,'Ativan',1),(978,'Atmos 300',1),(979,'Atomoxetine',1),(980,'Atopiclair',1),(981,'Atorvastatin',1),(982,'Atosiban',1),(983,'Atovaquone',1),(984,'ATP',1),(985,'Atrac-Tain',1),(986,'Atractylodes, O.U.',1),(987,'Atracurium Besylate',1),(988,'ATRIDOX',1),(989,'ATRIPLA',1),(990,'Atromid-S',1),(991,'Atropa Belladonna',1),(992,'Atropine',1),(993,'Atropine Borate',1),(994,'Atrovent',1),(995,'Atrovent HFA',1),(996,'Attapulgite',1),(997,'Attends Washcloths',1),(998,'Attenuvax',1),(999,'Atuss DR',1),(1000,'Atuss DS',1),(1001,'Atuss EX',1),(1002,'Atuss G',1),(1003,'Atuss HC',1),(1004,'Atuss HD',1),(1005,'Atuss HS',1),(1006,'Atuss HX',1),(1007,'Atuss MR',1),(1008,'Atuss MS',1),(1009,'Atuss NX',1),(1010,'Atuss-12 DM',1),(1011,'Atuss-12 DX',1),(1012,'Augmentin',1),(1013,'Augmentin ES-600',1),(1014,'Augmentin XR',1),(1015,'Auragen',1),(1016,'Auranofin',1),(1017,'Aurothioglucose',1),(1018,'Aurotioprol',1),(1019,'Aurum Chloratum',1),(1020,'Autologous Cult. Chondrocytes',1),(1021,'Autoplex T',1),(1022,'Autumn Crocus',1),(1023,'Avage',1),(1024,'Avalide',1),(1025,'AVANDAMET',1),(1026,'Avandaryl',1),(1027,'Avandia',1),(1028,'Avapro',1),(1029,'Avar',1),(1030,'AVASTIN',1),(1031,'AVC Vaginal',1),(1032,'Aveeno',1),(1033,'Aveeno Anti-Itch',1),(1034,'Aveeno Daily Moisturizing',1),(1035,'Aveeno Moisturizing',1),(1036,'Aveeno Oatmeal Bath Oilated',1),(1037,'Aveeno Oatmeal Bath Regular',1),(1038,'Aveenobar',1),(1039,'Avelox',1),(1040,'Avelox ABC Pack',1),(1041,'Aventyl',1),(1042,'Avinza',1),(1043,'Avitene',1),(1044,'Avitene Flour',1),(1045,'Avlosulfon',1),(1046,'Avobenzone',1),(1047,'Avocado',1),(1048,'Avocado (Laurus Persea)',1),(1049,'Avodart',1),(1050,'Avonex',1),(1051,'Avonex Administration Pack',1),(1052,'Avosil',1),(1053,'Axert',1),(1054,'Axid',1),(1055,'Axid AR',1),(1056,'Axsain',1),(1057,'Ayahuasca',1),(1058,'Ayr Allergy& Sinus',1),(1059,'Ayr Saline',1),(1060,'Ayr Saline Gel',1),(1061,'Ayr Sinus Rinse',1),(1062,'Ayr Sinus Rinse Refill',1),(1063,'Ayr Snore Relieving',1),(1064,'Azacitidine',1),(1065,'Azactam',1),(1066,'Azactam-Iso-osmotic Dextrose',1),(1067,'Azapetine',1),(1068,'Azaribine',1),(1069,'Azasan',1),(1070,'Azaserine',1),(1071,'Azasetron',1),(1072,'Azatadine',1),(1073,'Azathioprine',1),(1074,'Azelaic Acid',1),(1075,'Azelastine',1),(1076,'Azelex',1),(1077,'Azidamfenicol',1),(1078,'Azidocillin',1),(1079,'AZILECT',1),(1080,'Azintamide',1),(1081,'Azithromycin',1),(1082,'Azlocillin',1),(1083,'Azmacort',1),(1084,'Azo-Dine',1),(1085,'Azo-Dine Urinary Analgesic',1),(1086,'Azopt',1),(1087,'Azosemide',1),(1088,'Aztreonam',1),(1089,'Azulene',1),(1090,'Azulfidine',1),(1091,'Azulfidine EN-tabs',1),(1092,'Azuresin',1),(1093,'B& O 15-A Supprette',1),(1094,'B& O 16-A Supprette',1),(1095,'B+DRIER Anti-Perspirant',1),(1096,'B-50 Formula',1),(1097,'B-6-500',1),(1098,'B-Redi/Red Hearts/Red Roosters',1),(1099,'B.F.I',1),(1100,'Ba Ji Tian',1),(1101,'Babee Teething',1),(1102,'Baby Anbesol',1),(1103,'Baby Orajel',1),(1104,'Baby Orajel Tooth/Gum Cleanser',1),(1105,'Baby Sunblock',1),(1106,'Bacampicillin',1),(1107,'Baciguent',1),(1108,'Bacillus Cereus',1),(1109,'Bacitracin',1),(1110,'Bacitracin Zinc',1),(1111,'Bacitracin Zinc Micronized',1),(1112,'Backache',1),(1113,'Baclofen',1),(1114,'Bacmin',1),(1115,'Bacteriostatic Sodium Chloride',1),(1116,'Bactine',1),(1117,'Bactrim',1),(1118,'Bactrim Iv',1),(1119,'Bactroban',1),(1120,'Bactroban Nasal',1),(1121,'Badger Fat',1),(1122,'Baicalin',1),(1123,'Bal in Oil',1),(1124,'Balamine DM',1),(1125,'Balnetar',1),(1126,'Balofloxacin',1),(1127,'Balsalazide',1),(1128,'Balsam Canada',1),(1129,'Balsam Peru',1),(1130,'Baltussin',1),(1131,'Bamboo',1),(1132,'Bambuterol',1),(1133,'Bamethan',1),(1134,'Bamifylline',1),(1135,'Bamipine',1),(1136,'Bamipine Salicylate',1),(1137,'Banaba',1),(1138,'Banalg-HS Liniment',1),(1139,'Banana',1),(1140,'Banana Flavor',1),(1141,'Bancap HC',1),(1142,'Baquacil',1),(1143,'Bar-Test',1),(1144,'Baraclude',1),(1145,'Barberry',1),(1146,'Barberry (Berberis Vulgaris)',1),(1147,'Barbexaclone',1),(1148,'Barbidonna',1),(1149,'Barbidonna #2',1),(1150,'Barbital',1),(1151,'Barbiturates',1),(1152,'Baricon',1),(1153,'Barium Iodide',1),(1154,'Barium Lake',1),(1155,'Barium Sulfate',1),(1156,'Barley',1),(1157,'Barnidipine',1),(1158,'Barobag Enema Kit',1),(1159,'Baros',1),(1160,'Barosperse 110',1),(1161,'Barosperse Enema',1),(1162,'Barosperse-Baro-Flex',1),(1163,'Barrenwort',1),(1164,'Barri-Care',1),(1165,'Basaljel',1),(1166,'Basil',1),(1167,'Basiliximab',1),(1168,'Basis',1),(1169,'Bassorin',1),(1170,'Batherapy Mineral Bath',1),(1171,'Batroxobin',1),(1172,'Bavarian Cream Flavor',1),(1173,'Bay Oil',1),(1174,'Bayberry',1),(1175,'Baycol',1),(1176,'Bayer Aspirin',1),(1177,'Bayer Childrens Aspirin',1),(1178,'Bayer Select',1),(1179,'Bayer Select Menstrual',1),(1180,'BayRab',1),(1181,'BayTet',1),(1182,'Baza Cleanse& Protect',1),(1183,'BAZA CLEAR',1),(1184,'Baza Cream Hospital Care Pack',1),(1185,'Baza Cream Skin Care Pack',1),(1186,'Baza Pro',1),(1187,'Baza Protect',1),(1188,'BC',1),(1189,'Bc Cold',1),(1190,'BC Cold Powder/Cold-Sinus',1),(1191,'BC Headache',1),(1192,'BC Headache Powder',1),(1193,'BCG Live',1),(1194,'BCG Tice Vaccine',1),(1195,'BCG Vaccine',1),(1196,'BD Glucose',1),(1197,'Be-Flex Plus',1),(1198,'Bean Pod',1),(1199,'Beano',1),(1200,'Bear\'s Garlic',1),(1201,'Bear-E-Yum GI',1),(1202,'Bearberry',1),(1203,'Bebulin VH',1),(1204,'Becaplermin',1),(1205,'Beclomethasone',1),(1206,'Beclovent/Beconase Refill',1),(1207,'Beconase AQ',1),(1208,'Bedsore Spray',1),(1209,'Bee Pollen',1),(1210,'Bee Pollen Plus Ginseng',1),(1211,'Bee Pollen with Royal Jelly',1),(1212,'Bee Pollens',1),(1213,'Bee Sting Kit',1),(1214,'Beef Containing Products',1),(1215,'Beef Protein',1),(1216,'Beeswax',1),(1217,'Beet',1),(1218,'Beet Juice',1),(1219,'Befunolol',1),(1220,'Behenamidopropyl Dimeth.Behen.',1),(1221,'Belladonna',1),(1222,'Belladonna Alkaloids',1),(1223,'Belladonna Leaf',1),(1224,'Bellergal-S',1),(1225,'Bemegride',1),(1226,'Bemetizide',1),(1227,'Bemiparin',1),(1228,'Ben Loz',1),(1229,'Ben-Aqua 10',1),(1230,'Benactyzine',1),(1231,'Benadryl',1),(1232,'Benadryl Allergy',1),(1233,'Benadryl Allergy Decongestant',1),(1234,'Benadryl Allergy Sinus Child\'s',1),(1235,'Benadryl Allergy-Sinus',1),(1236,'Benadryl Allergy-Sinus-Head',1),(1237,'Benadryl Allergy/Cold',1),(1238,'Benadryl Allergy/Sinus/Headach',1),(1239,'Benadryl Childrens Formula',1),(1240,'Benadryl Cold',1),(1241,'Benadryl Cold/Flu',1),(1242,'Benadryl Decongestant',1),(1243,'Benadryl Dye-Free Allergy',1),(1244,'Benadryl Extra Strength',1),(1245,'Benadryl Itch Relief',1),(1246,'Benadryl Itch Relief Stick',1),(1247,'Benadryl Itch Stopping',1),(1248,'Benadryl Itch Stopping Child',1),(1249,'Benadryl Itch Stopping Max St',1),(1250,'Benadryl Maximum Strength',1),(1251,'Benadryl Spray',1),(1252,'Benadryl Steri-Dose',1),(1253,'Benadryl Steri-Vial',1),(1254,'Benadryl-D Allergy& Sinus',1),(1255,'Benadryl-D Fastmelt',1),(1256,'Benazepril',1),(1257,'Bencyclane',1),(1258,'Bendamustine',1),(1259,'Bendazac',1),(1260,'Bendito Alcoholado',1),(1261,'Bendroflumethiazide',1),(1262,'Benecol',1),(1263,'Benefiber Clear',1),(1264,'Benefiber Plus Calcium',1),(1265,'BeneFIX',1),(1266,'Benemid',1),(1267,'Benethamine Penicillin',1),(1268,'Benexate',1),(1269,'Benfluorex',1),(1270,'Benfotiamine',1),(1271,'BenGay Daytime',1),(1272,'BenGay Pain Relieving',1),(1273,'BenGay Vanishing Scent',1),(1274,'BenGay Warming Ice',1),(1275,'Benicar',1),(1276,'Benicar HCT',1),(1277,'Benidipine',1),(1278,'Benoquin',1),(1279,'Benorilate',1),(1280,'Benoxaprofen',1),(1281,'Benoxinate',1),(1282,'Benoxyl 10',1),(1283,'Benoxyl 5',1),(1284,'Benperidol',1),(1285,'Benproperine',1),(1286,'Bensal HP',1),(1287,'Benserazide',1),(1288,'Bentiromide',1),(1289,'Bentonite',1),(1290,'Bentyl',1),(1291,'Benylin',1),(1292,'Benylin Expectorant',1),(1293,'Benylin-DME',1),(1294,'Benz-O-Sthetic',1),(1295,'Benz-Protect',1),(1296,'Benz-Protect Sterile',1),(1297,'Benzac',1),(1298,'Benzac AC',1),(1299,'Benzac AC Wash',1),(1300,'Benzac W',1),(1301,'Benzac W Wash',1),(1302,'Benzaclin',1),(1303,'Benzagel-10',1),(1304,'Benzagel-5',1),(1305,'Benzaldehyde',1),(1306,'Benzalkonium',1),(1307,'Benzamycin',1),(1308,'BenzamycinPak',1),(1309,'Benzbromarone',1),(1310,'Benzedrex',1),(1311,'Benzene',1),(1312,'Benzeneacetic Acid',1),(1313,'Benzestrol',1),(1314,'Benzethonium Chloride',1),(1315,'Benzimidazole',1),(1316,'Benziq',1),(1317,'Benziq LS',1),(1318,'Benznidazole',1),(1319,'Benzo-Creme',1),(1320,'Benzo-Menth',1),(1321,'Benzoate Derivatives',1),(1322,'Benzocaine',1),(1323,'Benzodent',1),(1324,'Benzodiazepines',1),(1325,'Benzododecinium',1),(1326,'Benzoic Acid',1),(1327,'Benzoin',1),(1328,'Benzoin Compound',1),(1329,'Benzonatate',1),(1330,'Benzophenone',1),(1331,'Benzoquinonium',1),(1332,'Benzoxonium',1),(1333,'Benzoyl Peroxide',1),(1334,'Benzoyl Peroxide 10',1),(1335,'Benzoyl Peroxide 5',1),(1336,'Benzphetamine',1),(1337,'Benzpyrinium',1),(1338,'Benzquercin',1),(1339,'Benzquinamide',1),(1340,'Benzthiazide',1),(1341,'Benztropine',1),(1342,'Benzydamine',1),(1343,'Benzyl Alcohol',1),(1344,'Benzyl Cinnamate',1),(1345,'Benzyl Mandelate',1),(1346,'Benzyl Nicotinate',1),(1347,'Benzyl Salicylate',1),(1348,'Benzylephedrine',1),(1349,'Benzylhydrochlorothiazide',1),(1350,'Benzylisoquinolinium',1),(1351,'Benzylparaben',1),(1352,'Benzylthiouracil',1),(1353,'Bephenium',1),(1354,'Bepridil',1),(1355,'Beractant',1),(1356,'Beraprost',1),(1357,'Berberine',1),(1358,'Bergamot Oil',1),(1359,'Bergamot Oil, Imitation',1),(1360,'Berry Flavor',1),(1361,'Beta Greens',1),(1362,'Beta Interferon Moiety',1),(1363,'Beta Pinene',1),(1364,'Beta-Adrenergic Agents',1),(1365,'Beta-Adrenergic Blocking Agents',1),(1366,'Beta-Alanine',1),(1367,'Beta-Carotene',1),(1368,'Beta-Carotene(A) w-C& E',1),(1369,'Betadex',1),(1370,'Betadine',1),(1371,'Betadine Antibiotic/Moisturize',1),(1372,'Betadine Ophthalmic Prep',1),(1373,'Betadine Perineal Wash',1),(1374,'Betadine Plus',1),(1375,'Betadine Prepstick',1),(1376,'Betadine Prepstick Plus',1),(1377,'Betadine RTU',1),(1378,'Betadine Skin Cleanser',1),(1379,'Betadine Spray',1),(1380,'Betadine Surgi-Prep',1),(1381,'Betadine Surgical Scrub',1),(1382,'Betadine Swab Aid',1),(1383,'Betadine Swabsticks',1),(1384,'Betagan',1),(1385,'Betahistine',1),(1386,'Betahistines',1),(1387,'Betaine',1),(1388,'Betalactams',1),(1389,'Betamethasone',1),(1390,'Betamethasone Benzoate',1),(1391,'Betamide',1),(1392,'Betanaphthol',1),(1393,'Betapace',1),(1394,'Betapace AF',1),(1395,'Betasal',1),(1396,'Betaseron',1),(1397,'BetaTan',1),(1398,'Betatar Gel',1),(1399,'Betavent',1),(1400,'Betaxolol',1),(1401,'Betazole',1),(1402,'Betazyme',1),(1403,'Bethanechol',1),(1404,'Bethanidine',1),(1405,'Betimol',1),(1406,'Betoptic S',1),(1407,'Betotastine',1),(1408,'Betula Leaf (Birch)',1),(1409,'Bevacizumab',1),(1410,'Bevantolol',1),(1411,'Bexarotene',1),(1412,'Bextra',1),(1413,'Bexxar',1),(1414,'Bezafibrate',1),(1415,'Bi-Zets',1),(1416,'Bi-Zets/Benzotroches',1),(1417,'Biafine Emulsion',1),(1418,'Biavax II',1),(1419,'Biaxin',1),(1420,'Biaxin XL',1),(1421,'Biaxin XL Pak',1),(1422,'Bibrocathol',1),(1423,'Bicalutamide',1),(1424,'Bicarsim Forte',1),(1425,'Bicillin C-R',1),(1426,'Bicillin L-A',1),(1427,'Bicisate',1),(1428,'Bicitra',1),(1429,'Biclotymol',1),(1430,'BiCNU',1),(1431,'Bicozene',1),(1432,'Bidex-DM',1),(1433,'BiDil',1),(1434,'Bifemelane',1),(1435,'Bifido Factor',1),(1436,'Bifidobacterium Bifidum',1),(1437,'Bifidobacterium Breve',1),(1438,'Bifidobacterium Infantis',1),(1439,'Bifidobacterium longum',1),(1440,'Bifonazole',1),(1441,'Biguanides',1),(1442,'Bilax',1),(1443,'Bilberry',1),(1444,'Bilberry Extract',1),(1445,'Bile And Bile Salts',1),(1446,'Bilopaque',1),(1447,'Biltricide',1),(1448,'Bimatoprost',1),(1449,'Binaca Drops',1),(1450,'binora',1),(1451,'Bio-Immunex',1),(1452,'Bio-Statin',1),(1453,'Bio-Throid',1),(1454,'Bioallethrin',1),(1455,'Bioflavonoid, Lemon',1),(1456,'Bioflavonoids',1),(1457,'Bioflavonoids, Citrus',1),(1458,'Biohist LA',1),(1459,'Biolex',1),(1460,'Bionect',1),(1461,'Biotect Plus',1),(1462,'Biotene',1),(1463,'Biotin',1),(1464,'Biotin Forte',1),(1465,'Biozyme-C',1),(1466,'Biperiden',1),(1467,'Biphenamine',1),(1468,'Bipyridine Inotropic Agents',1),(1469,'Birch',1),(1470,'Birch Tar Oil(Rec)',1),(1471,'Bisabolol',1),(1472,'Bisacodyl',1),(1473,'Bisdequalinium',1),(1474,'Bismuth',1),(1475,'Bismuth Aluminate',1),(1476,'Bismuth Chloride Oxide',1),(1477,'Bismuth Containing Compounds',1),(1478,'Bismuth Hydroxide',1),(1479,'Bismuth Iodide Oxide',1),(1480,'Bismuth Magma',1),(1481,'Bismuth Oil',1),(1482,'Bismuth Oxide',1),(1483,'Bismuth Resorcin',1),(1484,'Bismuth Subcarbonate',1),(1485,'Bismuth Subgallate',1),(1486,'Bismuth Subnitrate',1),(1487,'Bismuth Subsalicylate',1),(1488,'Bismuth Tribromophenate',1),(1489,'Bismuth Valproate',1),(1490,'Bisoprolol',1),(1491,'Bisphosphonates',1),(1492,'Bithionol',1),(1493,'Bitolterol',1),(1494,'Bitter Almond Oil',1),(1495,'Bitter Melon',1),(1496,'Bitter-Bur',1),(1497,'Bittersweet',1),(1498,'Bivalirudin',1),(1499,'Black Cherry Flavor',1),(1500,'Black Cohosh',1),(1501,'Black Cohosh Extract',1),(1502,'Black Currant',1),(1503,'Black Currant Flavor',1),(1504,'Black Dye',1),(1505,'Black Haw',1),(1506,'Black Pepper',1),(1507,'Black Raspberry Flavor',1),(1508,'Black Root',1),(1509,'Black Seed',1),(1510,'Black Seed (Nigella Sativa)',1),(1511,'Black Walnut',1),(1512,'Blackberry',1),(1513,'Blackberry Flavor',1),(1514,'Blackberry Leaf',1),(1515,'Blackthorn,Sloe',1),(1516,'Bladderwrack',1),(1517,'Bladderwrack (Fucus Vesiculosus)',1),(1518,'Blend 15',1),(1519,'Blenoxane',1),(1520,'Bleomycin',1),(1521,'Bleomycin Analogues',1),(1522,'Blephamide',1),(1523,'Blephamide S.O.P.',1),(1524,'Blessed Thistle',1),(1525,'Blinx Eye Wash',1),(1526,'Blistex',1),(1527,'Blistex Lip Ointment',1),(1528,'Blistik',1),(1529,'Blistik Lip Balm',1),(1530,'Blocadren',1),(1531,'Blood Clotting Spray',1),(1532,'Blood-Group Specific Substance',1),(1533,'Bloodroot',1),(1534,'Blue Algae (Haslea Ostrearia)',1),(1535,'Blue D&C No.2',1),(1536,'Blue Dye',1),(1537,'Blue Flag',1),(1538,'Blue Green Algae',1),(1539,'Blue Mussel Extract',1),(1540,'Blue-Green Algae',1),(1541,'Blueberry',1),(1542,'Blueberry Flavor',1),(1543,'BODI Kleen',1),(1544,'BODI LUX',1),(1545,'BODI OIL',1),(1546,'BODI PROTECT',1),(1547,'BODI Whirl OIL',1),(1548,'Bogbean',1),(1549,'Bogbean (Menyanthes)',1),(1550,'Boldine',1),(1551,'Boldo',1),(1552,'Bone Marrow',1),(1553,'Bone Meal',1),(1554,'Boneset',1),(1555,'Boneset (Eupatorium Perfoliatum)',1),(1556,'Bonine',1),(1557,'Bonisara',1),(1558,'Boniva',1),(1559,'Boost Diabetic',1),(1560,'Boost Pudding',1),(1561,'BOOSTRIX',1),(1562,'Bopindolol',1),(1563,'Borage',1),(1564,'Borage (Borago Officinalis)',1),(1565,'Boric Acid',1),(1566,'Bornaprine',1),(1567,'Bornyl',1),(1568,'Bornyl Salicylate',1),(1569,'Boroglycerin Glycerite',1),(1570,'Boron',1),(1571,'Bortezomib',1),(1572,'Bosentan',1),(1573,'Botox',1),(1574,'Botox Cosmetic',1),(1575,'Botulinum Toxin',1),(1576,'Botulinum Toxin Type A',1),(1577,'Botulinum Toxin Type B',1),(1578,'Botulism Antitoxin',1),(1579,'Bovine Cartilage',1),(1580,'Bovine Complex',1),(1581,'Brahmi',1),(1582,'Brain Extract',1),(1583,'Brallobarbital',1),(1584,'Bran',1),(1585,'Branchamin',1),(1586,'Brasivol',1),(1587,'Brassica Oleacea',1),(1588,'Bravelle',1),(1589,'Brazilian Ginseng',1),(1590,'Brazilian Ginseng (Suma Root)',1),(1591,'Breath Relief',1),(1592,'Breonesin',1),(1593,'Brethaire',1),(1594,'Brethine',1),(1595,'Bretylium',1),(1596,'Bretylol',1),(1597,'Brevibloc',1),(1598,'Brevital',1),(1599,'Brevoxyl-4',1),(1600,'Brevoxyl-4 Acne Wash Kit',1),(1601,'Brevoxyl-4 Creamy Wash',1),(1602,'Brevoxyl-8',1),(1603,'Brevoxyl-8 Acne Wash Kit',1),(1604,'Brevoxyl-8 Cleansing',1),(1605,'Brevoxyl-8 Creamy Wash',1),(1606,'Brewer\'s Yeast',1),(1607,'Bricanyl',1),(1608,'Bright Beginnings Prenatal',1),(1609,'Brij 30',1),(1610,'Brij 35',1),(1611,'Brij 58',1),(1612,'Brij 78',1),(1613,'Brij 99',1),(1614,'Brilliant Green',1),(1615,'Brimonidine',1),(1616,'Brindall Berry',1),(1617,'Brindall Berry (Garcinia Cambogia)',1),(1618,'Brinzolamide',1),(1619,'Brivudine',1),(1620,'Brodimoprim',1),(1621,'Brofed',1),(1622,'Bromase',1),(1623,'Bromase 3600',1),(1624,'Bromazepam',1),(1625,'Bromchlorophen',1),(1626,'Bromelains',1),(1627,'Bromfed',1),(1628,'Bromfed PD',1),(1629,'Bromfenac',1),(1630,'Bromhexine',1),(1631,'Bromi-Talc',1),(1632,'Bromi-Talc Plus',1),(1633,'Bromide',1),(1634,'Bromisovalum',1),(1635,'Bromochlorosalicylanilide',1),(1636,'Bromocriptine',1),(1637,'Bromodiphenhydramine',1),(1638,'Bromoform',1),(1639,'Bromopride',1),(1640,'Bromosalicylic Acid',1),(1641,'Bromperidol',1),(1642,'Brompheniramine',1),(1643,'Broncap',1),(1644,'Broncholate',1),(1645,'Broncodur',1),(1646,'Broncomar-1',1),(1647,'Broncopectol',1),(1648,'Broncopectol CF',1),(1649,'Broncopectol DM',1),(1650,'Broncopectol NN',1),(1651,'Broncopectol NNSR',1),(1652,'Broncotron-D',1),(1653,'Bronkaid',1),(1654,'Bronko Tuss',1),(1655,'Bronkometer',1),(1656,'Bronopol',1),(1657,'Brontex',1),(1658,'Brontuss SF',1),(1659,'Broparestrol',1),(1660,'Brotizolam',1),(1661,'Brovanexine',1),(1662,'Brovex',1),(1663,'Brovex CT',1),(1664,'Brovex HC',1),(1665,'Brovex SR',1),(1666,'BroveX-D',1),(1667,'Broxyquinoline',1),(1668,'Brucine Sulfate',1),(1669,'Bryonia Sp.',1),(1670,'BSS Plus',1),(1671,'Btrex',1),(1672,'Bucalcide',1),(1673,'Bucalsep',1),(1674,'Buchu',1),(1675,'Buchu,Juniper&Pot Acetate',1),(1676,'Buckley\'s DM',1),(1677,'Buckley\'s Mixture',1),(1678,'Buckley\'s White Rub',1),(1679,'Buckthorn',1),(1680,'Buckthorn (Frangula, Rhamnus Sp.)',1),(1681,'Buckwheat',1),(1682,'Buclizine',1),(1683,'Budesonide',1),(1684,'Budipine',1),(1685,'Buf-Oxal 10',1),(1686,'Buf-Puf',1),(1687,'Bufexamac',1),(1688,'Bufferin Arthritis Strength',1),(1689,'Buffers',1),(1690,'Buflomedil',1),(1691,'Bufo',1),(1692,'Bulgaricum I.B.',1),(1693,'Bullfrog',1),(1694,'Bullfrog for Kids',1),(1695,'Bullfrog Moisturizing Body',1),(1696,'Bullfrog Quik SPF18',1),(1697,'Bullfrog SPF18',1),(1698,'Bullfrog SPF36',1),(1699,'Bullfrog Sport SPF18',1),(1700,'Bumadizone',1),(1701,'Bumetanide',1),(1702,'Bumex',1),(1703,'Bunazosin',1),(1704,'Buphenyl',1),(1705,'Bupivacaine',1),(1706,'Bupleurum',1),(1707,'Bupranolol',1),(1708,'Buprenex',1),(1709,'Buprenorphine',1),(1710,'Bupropion',1),(1711,'Bupropion Analogues',1),(1712,'Burdock',1),(1713,'Burdock (Articum Lappa)',1),(1714,'Burn Calories',1),(1715,'BURN RELIEF',1),(1716,'Burn Spray',1),(1717,'Burn-O-Jel',1),(1718,'Burnet-Saxifrage Root',1),(1719,'Burnetosaxifrage Root (Pimpinell Radix)',1),(1720,'Buro-Sol',1),(1721,'Buserelin',1),(1722,'BuSpar',1),(1723,'Buspirone',1),(1724,'Busulfan',1),(1725,'Busulfex',1),(1726,'Butabarbital',1),(1727,'Butacaine',1),(1728,'Butalamine',1),(1729,'Butalbital',1),(1730,'Butamben',1),(1731,'Butamirate',1),(1732,'Butaperazine',1),(1733,'Butaverine',1),(1734,'Butchers Broom',1),(1735,'Butenafine',1),(1736,'Butesin Picrate',1),(1737,'Butetamate',1),(1738,'Butethal',1),(1739,'Butethamine',1),(1740,'Buthiazide',1),(1741,'Butibel',1),(1742,'Butibufen',1),(1743,'Butinoline',1),(1744,'Butirosin',1),(1745,'Butisol',1),(1746,'Butoconazole',1),(1747,'Butorphanol',1),(1748,'Butoxycaine',1),(1749,'Butriptyline',1),(1750,'Butropium',1),(1751,'Butter Flavor',1),(1752,'Butter Pecan Flavor',1),(1753,'Butterbur',1),(1754,'Butterscotch Flavor',1),(1755,'Butyl Acetate',1),(1756,'Butyl Alcohol',1),(1757,'Butylated Hydroxyanisole',1),(1758,'Butylated Hydroxytoluene (BHT)',1),(1759,'Butylparaben',1),(1760,'Butyric Acid',1),(1761,'Butyrophenones',1),(1762,'Buzepide Metiodide',1),(1763,'Byetta',1),(1764,'C-1000 with Rose Hips',1),(1765,'C-1500 With Rose Hips',1),(1766,'C-Buff',1),(1767,'C-Max',1),(1768,'C-Plex',1),(1769,'Ca-DTPA',1),(1770,'Ca-Orotate',1),(1771,'Cabbage',1),(1772,'Cabbage Juice',1),(1773,'Cabergoline',1),(1774,'Cadexomer Iodine',1),(1775,'Cadralazine',1),(1776,'Caduet',1),(1777,'Cafcit',1),(1778,'Cafedrine',1),(1779,'Cafergot',1),(1780,'Caffeine',1),(1781,'Cajeput Oil',1),(1782,'Cajuput Oil',1),(1783,'Cal-Carb Forte',1),(1784,'Cal-Citrate',1),(1785,'Cal-G',1),(1786,'Cal-Lac',1),(1787,'Cal-O.D.C.',1),(1788,'Cal-Stat',1),(1789,'Cal-Sup 600 Plus',1),(1790,'Cal-Tussic',1),(1791,'Cal-Y',1),(1792,'Caladryl',1),(1793,'Caladryl Clear',1),(1794,'Caladryl for Kids',1),(1795,'Calafol Rx',1),(1796,'Calamine',1),(1797,'Calamus',1),(1798,'Calamus (Sweet Flag)',1),(1799,'Calamycin',1),(1800,'Calan',1),(1801,'Calan SR',1),(1802,'Calcibind',1),(1803,'Calcibite',1),(1804,'Calcidrine',1),(1805,'Calcifediol',1),(1806,'Calciferol',1),(1807,'CalciFol',1),(1808,'Calcifolic-D',1),(1809,'Calcijex',1),(1810,'Calcimar',1),(1811,'Calcimin-250',1),(1812,'Calcimin-300',1),(1813,'Calciolysin',1),(1814,'Calcipotriene',1),(1815,'Calcitonin',1),(1816,'Calcitriol',1),(1817,'Calcium',1),(1818,'CALCIUM 600 + D',1),(1819,'Calcium Bromolactobionate',1),(1820,'Calcium Carbonate',1),(1821,'Calcium Carrageenan',1),(1822,'Calcium Caseinate',1),(1823,'Calcium Channel Blocking Agents-Benzothiazepines',1),(1824,'Calcium Channel Blocking Agents-Dihydropyridines',1),(1825,'Calcium Channel Blocking Agents-Phenylalkylamines',1),(1826,'Calcium Channel Blocking-Diarylaminopropylamines',1),(1827,'Calcium Citrate',1),(1828,'Calcium Disodium Versenate',1),(1829,'Calcium Fortified Cookie',1),(1830,'Calcium Hydroxide',1),(1831,'Calcium Iodate',1),(1832,'Calcium Lake',1),(1833,'Calcium Orotate',1),(1834,'Calcium Oxide',1),(1835,'Calcium Phosphate',1),(1836,'Calcium Plus Vitamin D-Iron',1),(1837,'Calcium Polysulfide',1),(1838,'Calcium Saccharate',1),(1839,'Calcium Silicate',1),(1840,'Calcium Stearate',1),(1841,'Calcium Sulfate Hemihydrate',1),(1842,'Calcium Thioglycollate',1),(1843,'Calcium Thiosulfate',1),(1844,'Calcium Threonate',1),(1845,'Calcobutrol',1),(1846,'Calderol',1),(1847,'Caldesene',1),(1848,'Caldiamide',1),(1849,'Caldiamide Analogues',1),(1850,'Caldyphen',1),(1851,'Calf Spleen',1),(1852,'Calfactant',1),(1853,'Calgon Vestal Medicated Soap',1),(1854,'Calicheamicin Analogues',1),(1855,'Calicylic',1),(1856,'California Poppy',1),(1857,'Calmoseptine',1),(1858,'Calomel',1),(1859,'Calor-Aid Instant Drink',1),(1860,'Calphosan',1),(1861,'Calphron',1),(1862,'Calteridol',1),(1863,'Caltrate 600',1),(1864,'Caltrate Jr.',1),(1865,'Caltrate Plus',1),(1866,'Caltussic',1),(1867,'Calusterone',1),(1868,'Calvite P&D',1),(1869,'Cama',1),(1870,'Cambendazole',1),(1871,'Camella Sinensis',1),(1872,'Camellia Oleifera Seed Oil',1),(1873,'Campath',1),(1874,'Camphene',1),(1875,'Campho-Phenique',1),(1876,'Campho-Phenique Antibiotic',1),(1877,'Camphor',1),(1878,'Camphor And Soap',1),(1879,'Camphoric Acid',1),(1880,'Campral',1),(1881,'Campral Dose Pak',1),(1882,'Camptosar',1),(1883,'Camylofin',1),(1884,'Canasa',1),(1885,'Cancidas',1),(1886,'Candelilla Wax',1),(1887,'Candesartan',1),(1888,'Candex',1),(1889,'Candicidin',1),(1890,'Candida Albicans Allergn Ext',1),(1891,'Candida Albicans Skin Test',1),(1892,'Candy Apple Flavor',1),(1893,'Canine Proteins',1),(1894,'Cannabidiol',1),(1895,'Canola Oil',1),(1896,'Canrenoic Acid',1),(1897,'Canrenone',1),(1898,'Cantharidin',1),(1899,'Canthaxanthin',1),(1900,'Cantil',1),(1901,'Capastat',1),(1902,'Capecitabine',1),(1903,'Capelin Oil',1),(1904,'Capex',1),(1905,'Caphosol',1),(1906,'Capital with Codeine',1),(1907,'Capitrol',1),(1908,'Capoten',1),(1909,'Capozide',1),(1910,'Capreomycin',1),(1911,'Caproic Acid',1),(1912,'Capromab',1),(1913,'Caprylic/Capric Triglyceride',1),(1914,'Capryloyl Glycine',1),(1915,'Capsagel',1),(1916,'Capsagel Extra Strength',1),(1917,'Capsagel Maximum Strength',1),(1918,'Capsaicin',1),(1919,'Capsicum',1),(1920,'Capsin',1),(1921,'Captodiamine',1),(1922,'Captopril',1),(1923,'Capzasin-HP',1),(1924,'Carac',1),(1925,'CaraCream',1),(1926,'Carafate',1),(1927,'Caramel',1),(1928,'Caramel Flavor',1),(1929,'Caramiphen',1),(1930,'Caraway',1),(1931,'Caraway Oil',1),(1932,'Carazolol',1),(1933,'Carba-XP',1),(1934,'Carbachol',1),(1935,'Carbacrylamine Resins',1),(1936,'Carbamates',1),(1937,'Carbamazepine',1),(1938,'Carbamazepine Derivatives',1),(1939,'Carbamide Peroxide',1),(1940,'Carbapenem',1),(1941,'Carbaphen 12',1),(1942,'Carbaphen 12 Ped',1),(1943,'Carbarsone',1),(1944,'Carbaryl',1),(1945,'Carbaspirin Calcium',1),(1946,'Carbatrol',1),(1947,'Carbatuss',1),(1948,'CARBATUSS-12',1),(1949,'Carbatuss-CL',1),(1950,'Carbazochrome',1),(1951,'Carbazochrome Salicylate',1),(1952,'Carbenicillin',1),(1953,'Carbenoxolone',1),(1954,'Carbetapentane',1),(1955,'Carbetocin',1),(1956,'Carbidopa',1),(1957,'Carbidopa/Levodopa',1),(1958,'Carbimazole',1),(1959,'Carbimazole And Derivatives',1),(1960,'Carbinoxamine',1),(1961,'Carbitol',1),(1962,'Carbo Grabber',1),(1963,'Carbo Vegetabilis',1),(1964,'Carbocaine',1),(1965,'Carbocaine W/Neo-Cobefrin',1),(1966,'Carbocysteine',1),(1967,'Carbomer',1),(1968,'Carbomer 940',1),(1969,'Carbomer 974',1),(1970,'Carbomer 980',1),(1971,'Carbon Monoxide',1),(1972,'Carbon Tetrachloride',1),(1973,'Carbonal',1),(1974,'Carbonal 971P',1),(1975,'Carbonic Anhydrase Inhibitors',1),(1976,'Carbopex',1),(1977,'Carboplatin',1),(1978,'Carboprost',1),(1979,'Carboxymethylcellulose',1),(1980,'Carboxymethylcellulose Calcium',1),(1981,'Carboxypolyethylene',1),(1982,'Carbromal',1),(1983,'Carbutamide',1),(1984,'Carbuterol',1),(1985,'Cardamom',1),(1986,'Cardene',1),(1987,'Cardene IV',1),(1988,'Cardene SR',1),(1989,'Cardia',1),(1990,'Cardio-Green',1),(1991,'Cardioquin',1),(1992,'Cardiotek',1),(1993,'Cardiotek Rx',1),(1994,'CardioVid PLUS',1),(1995,'Cardizem',1),(1996,'Cardizem CD',1),(1997,'Cardizem LA',1),(1998,'Cardizem SR',1),(1999,'Cardura',1),(2000,'Cardura XL',1),(2001,'Care-Creme',1),(2002,'Carglumic Acid',1),(2003,'Carisoprodol',1),(2004,'Carlesta',1),(2005,'Carmex',1),(2006,'Carmine',1),(2007,'Carmofur',1),(2008,'CARMOL',1),(2009,'CARMOL 10',1),(2010,'CARMOL 20',1),(2011,'CARMOL 40',1),(2012,'CARMOL HC',1),(2013,'CARMOL Scalp Treatment',1),(2014,'Carmustine',1),(2015,'Carnauba Wax',1),(2016,'Carni Q-Gel Forte',1),(2017,'Carni-Vite',1),(2018,'Carnitine',1),(2019,'Carnitine Analogues',1),(2020,'Carnitor',1),(2021,'Carnosine',1),(2022,'Carnosine (L-Carnosine)',1),(2023,'Carob',1),(2024,'Caroid Laxative',1),(2025,'Carotenoid Dye E160',1),(2026,'Carphenazine',1),(2027,'Carpipramine',1),(2028,'Carprofen',1),(2029,'Carqueja',1),(2030,'CarraFoam',1),(2031,'CarraFree Odor Eliminator',1),(2032,'Carrageenan',1),(2033,'Carraklenz',1),(2034,'Carrasyn V',1),(2035,'Carrasyn V Wound Dressing',1),(2036,'CarraVite',1),(2037,'CarraWash',1),(2038,'Carrington',1),(2039,'Carrington Moist Barrier-Zinc',1),(2040,'Carrot',1),(2041,'Carteolol',1),(2042,'Carticel',1),(2043,'Cartilage',1),(2044,'Cartrol',1),(2045,'Carumonam',1),(2046,'Carvacrol',1),(2047,'Carvedilol',1),(2048,'Carzenide',1),(2049,'Casanthranol',1),(2050,'Cascara Sagrada',1),(2051,'Casec',1),(2052,'Casein',1),(2053,'Casodex',1),(2054,'Caspofungin',1),(2055,'Cassia Angustifolia Seed Polys',1),(2056,'Castellani Paint Modified',1),(2057,'Castor Oil',1),(2058,'Castor Oil And Derivatives',1),(2059,'Cat Hair Std Extract',1),(2060,'Cat Pelt Std Extract',1),(2061,'Cat\'s Claw',1),(2062,'Cat\'s Claw (Uncaria Tomentosa)',1),(2063,'Cat/Feline Product Derivatives',1),(2064,'Cataflam',1),(2065,'Catalase',1),(2066,'Catapres',1),(2067,'Catapres-TTS-1',1),(2068,'Catapres-TTS-2',1),(2069,'Catapres-TTS-3',1),(2070,'Catechin',1),(2071,'Catechu',1),(2072,'Cathflo Activase',1),(2073,'Cathine',1),(2074,'Catnip',1),(2075,'Catuaba',1),(2076,'Caverject',1),(2077,'Caverject Impulse',1),(2078,'Cayenne',1),(2079,'CCP',1),(2080,'CCP Caffeine Free',1),(2081,'Ceclor',1),(2082,'Ceclor CD',1),(2083,'Cecon',1),(2084,'Cedar Leaf (Thuja)',1),(2085,'Cedar Leaf Oil',1),(2086,'Cedar Leaf(Thuja occidentalis)',1),(2087,'Cedarwood',1),(2088,'Cedarwood (Juniperus)',1),(2089,'Cedax',1),(2090,'CeeNU',1),(2091,'Cefaclor',1),(2092,'Cefadroxil',1),(2093,'Cefadyl',1),(2094,'Cefamandole',1),(2095,'Cefatrizine',1),(2096,'Cefazedone',1),(2097,'Cefazolin',1),(2098,'Cefbuperazone',1),(2099,'Cefdinir',1),(2100,'Cefditoren',1),(2101,'Cefepime',1),(2102,'Cefetamet',1),(2103,'Cefixime',1),(2104,'Cefizox',1),(2105,'Cefmenoxime',1),(2106,'Cefmetazole',1),(2107,'Cefminox',1),(2108,'Cefobid',1),(2109,'Cefodizime',1),(2110,'Cefonicid',1),(2111,'Cefoperazone',1),(2112,'Ceforanide',1),(2113,'Cefotan',1),(2114,'Cefotaxime',1),(2115,'Cefotetan',1),(2116,'Cefotiam',1),(2117,'Cefoxitin',1),(2118,'Cefpiramide',1),(2119,'Cefpirome',1),(2120,'Cefpodoxime',1),(2121,'Cefprozil',1),(2122,'Cefroxadine',1),(2123,'Cefsulodin',1),(2124,'Ceftazidime',1),(2125,'Cefteram',1),(2126,'Ceftezole',1),(2127,'Ceftibuten',1),(2128,'Ceftin',1),(2129,'Ceftizoxime',1),(2130,'Ceftriaxone',1),(2131,'Cefuroxime',1),(2132,'Cefzil',1),(2133,'Celebrex',1),(2134,'Celecoxib',1),(2135,'Celery',1),(2136,'Celery (Apium Graveolens) (Umbelliferae)',1),(2137,'Celestone',1),(2138,'Celestone Soluspan',1),(2139,'Celexa',1),(2140,'Celiprolol',1),(2141,'Cell Wall Skeleton',1),(2142,'Cellacefate',1),(2143,'CellCept',1),(2144,'CellCept Intravenous',1),(2145,'Cellugel',1),(2146,'Cellulase',1),(2147,'Cellulose',1),(2148,'Cellulose 90',1),(2149,'Cellulose Analogues',1),(2150,'Cellulose HD 90',1),(2151,'Cellulose Sodium Phosphate',1),(2152,'Cellulose,Oxidized',1),(2153,'Celluvisc',1),(2154,'Celontin',1),(2155,'Cemill + Bioflavonoids',1),(2156,'Cenestin',1),(2157,'Cenogen Ultra',1),(2158,'Cenogen-OB',1),(2159,'Cenolate',1),(2160,'Centaury',1),(2161,'Centella Asiaticoside',1),(2162,'Central Vite',1),(2163,'Centrum',1),(2164,'Centrum Heart',1),(2165,'Centrum Performance',1),(2166,'Century',1),(2167,'Ceo-Two',1),(2168,'Cepacol',1),(2169,'Cepacol Maximum Strength',1),(2170,'Cepacol Mouthwash/Gargle',1),(2171,'Cepacol Sore Throat',1),(2172,'Cepacol Sore Throat Spray',1),(2173,'Cepacol Viractin',1),(2174,'Cepacol Zinc Lozenges',1),(2175,'Cepastat',1),(2176,'Cephacetrile',1),(2177,'Cephaeline',1),(2178,'Cephalexin',1),(2179,'Cephaloglycin',1),(2180,'Cephaloridine',1),(2181,'Cephalosporins',1),(2182,'Cephalothin',1),(2183,'Cephapirin',1),(2184,'Cephradine',1),(2185,'Cephulac',1),(2186,'Ceptaz',1),(2187,'CeraLyte 50',1),(2188,'CeraLyte 70',1),(2189,'CeraLyte 90',1),(2190,'Ceralyte-70',1),(2191,'Ceramide',1),(2192,'CeraSport Concentrate',1),(2193,'CeraVe',1),(2194,'Cerebrolysin',1),(2195,'Cerebyx',1),(2196,'Ceredase',1),(2197,'Cerefolin',1),(2198,'Cerefolin NAC',1),(2199,'Ceresin',1),(2200,'Cerezyme',1),(2201,'Cerivastatin',1),(2202,'Cernevit',1),(2203,'Cerose-DM',1),(2204,'Cerous Nitrate',1),(2205,'Certoparin',1),(2206,'CERTUSS',1),(2207,'CERTUSS-D',1),(2208,'Cerubidine',1),(2209,'Ceruletide',1),(2210,'Cervical Cap',1),(2211,'Cervidil',1),(2212,'Cesamet',1),(2213,'Cetamolol',1),(2214,'Cetaphil',1),(2215,'Cetaphil Antibacterial',1),(2216,'Cetaphil Gentle Cleanser',1),(2217,'Cetaphil Hand',1),(2218,'Cetaphil Moisturizing',1),(2219,'Ceteareth-12',1),(2220,'Ceteareth-15',1),(2221,'Ceteareth-20',1),(2222,'Ceteareth-30',1),(2223,'Cetearyl Ethylhexanoate',1),(2224,'Ceteth-10',1),(2225,'Cethexonium',1),(2226,'Cetiedil',1),(2227,'Cetirizine',1),(2228,'Cetomacrogol 1000',1),(2229,'Cetomacrogol Cream',1),(2230,'Cetomacrogol Emulsifier',1),(2231,'Cetostearyl Alcohol',1),(2232,'Cetostearyl Glucoside',1),(2233,'Cetostearyl Octanoate',1),(2234,'Cetraxate',1),(2235,'Cetrimide',1),(2236,'Cetrimonium',1),(2237,'Cetrorelix',1),(2238,'Cetrotide',1),(2239,'Cetuximab',1),(2240,'Cetuximab Analogues',1),(2241,'Cetyl Acetate',1),(2242,'Cetyl Alcohol',1),(2243,'Cetyl Esthers',1),(2244,'Cetyl Myristoleate',1),(2245,'Cetyl Palmitate',1),(2246,'Cevalin',1),(2247,'Cevimeline',1),(2248,'Chamomile Flower',1),(2249,'Chamomile Flowers',1),(2250,'Chantix',1),(2251,'Chap-Et',1),(2252,'CharcoAid',1),(2253,'CharcoAid 2000',1),(2254,'Charcoal Plus',1),(2255,'Charcoal Plus DS',1),(2256,'Charcoal, Animal Based',1),(2257,'CharcoCaps',1),(2258,'CharcoCaps A-D',1),(2259,'Charcodote',1),(2260,'Chaste Tree',1),(2261,'Chaulmoogra',1),(2262,'Cheetah',1),(2263,'Chem-Hist D',1),(2264,'Chem-Sol',1),(2265,'Chem-Tuss N',1),(2266,'Chem-Tuss Ne',1),(2267,'Chemet',1),(2268,'Chenodiol',1),(2269,'Cheracol Cough/Sore Throat',1),(2270,'Cherokee Rose',1),(2271,'Cherry Creme Flavor',1),(2272,'Cherry Flavor',1),(2273,'Cherry Ice Lipbalm',1),(2274,'Chest Congestion Relief PE',1),(2275,'Chew Q',1),(2276,'Chewable Amino Acids',1),(2277,'Chewable Calcium',1),(2278,'Chewable Prenatal',1),(2279,'Chibroxin',1),(2280,'Chicken Derived',1),(2281,'Chicken Embryo Derived',1),(2282,'Chicken Flavor',1),(2283,'Chickweed',1),(2284,'Chicory',1),(2285,'Chigg-Away',1),(2286,'Chiggerex',1),(2287,'Chiggertox',1),(2288,'Child Tylenol Plus Cold-Allerg',1),(2289,'Child\'s Dimetapp Nighttime Flu',1),(2290,'Child\'s Tylenol Cough& R.Nose',1),(2291,'Child\'s Tylenol Plus Cough&ST',1),(2292,'Children\'s Advil Allergy Sinus',1),(2293,'Children\'s Benadryl Allergy',1),(2294,'Children\'s Benadryl Allg-Cold',1),(2295,'Children\'s Formula',1),(2296,'Children\'s Motrin',1),(2297,'Children\'s Motrin Cold',1),(2298,'Children\'s Motrin Jr Strength',1),(2299,'Children\'s Mucinex',1),(2300,'Children\'s Mylanta',1),(2301,'Children\'s Nasalcrom',1),(2302,'Children\'s NyQuil Cold/Cough',1),(2303,'Children\'s Sudafed',1),(2304,'Children\'s Sudafed Cold-Cough',1),(2305,'Children\'s Tylenol',1),(2306,'Children\'s Tylenol Allergy-D',1),(2307,'Children\'s Tylenol Cold',1),(2308,'Children\'s Tylenol Cold-Cough',1),(2309,'Children\'s Tylenol Flu',1),(2310,'Children\'s Tylenol Meltaways',1),(2311,'Children\'s Tylenol Plus',1),(2312,'Children\'s Tylenol Plus Cold',1),(2313,'Children\'s Tylenol Plus Flu',1),(2314,'Children\'s Tylenol Sinus',1),(2315,'Childrens Tylenol Plus MS Cold',1),(2316,'Chinese Boxthorn',1),(2317,'Chinese Licorice',1),(2318,'Chinese Peony',1),(2319,'Chinese Rubber Tree',1),(2320,'Chiniofon',1),(2321,'Chirocaine (PF)',1),(2322,'Chitosan',1),(2323,'Chitosan-Plus',1),(2324,'Chlo-Amine',1),(2325,'Chlophedianol',1),(2326,'Chlor-3',1),(2327,'Chlor-Trimeton',1),(2328,'Chlor-Trimeton Allergy Repetab',1),(2329,'Chlor-Trimeton Non-Drowsy',1),(2330,'Chlor-Trimeton Repetabs',1),(2331,'Chloral Hydrate',1),(2332,'Chloral Hydrate Analogues',1),(2333,'Chloralose',1),(2334,'Chlorambucil',1),(2335,'Chloramine T',1),(2336,'Chloramphenicol',1),(2337,'Chloraseptic',1),(2338,'Chloraseptic Sore Throat',1),(2339,'Chlorbutol',1),(2340,'Chlorcyclizine',1),(2341,'Chlordiazepoxide',1),(2342,'Chlorella Algae',1),(2343,'Chlorella Algae (Green, Species Unspec.)',1),(2344,'Chloresium',1),(2345,'Chloresium Plain',1),(2346,'Chlorfenethazine',1),(2347,'Chlorhexidine',1),(2348,'Chlorinated Lime',1),(2349,'Chlormadinone',1),(2350,'Chlormerodrin',1),(2351,'Chlormethiazole',1),(2352,'Chlormethiazole Analogues',1),(2353,'Chlormezanone',1),(2354,'Chlorobutanol',1),(2355,'Chlorobutanol And Deriv',1),(2356,'Chlorocresol',1),(2357,'Chloroform',1),(2358,'Chloromycetin',1),(2359,'Chlorophenothane',1),(2360,'Chlorophyllin',1),(2361,'Chlorophyllin (Chlorophyll) Analogues',1),(2362,'Chloroprocaine',1),(2363,'Chloropyramine',1),(2364,'Chloroquine',1),(2365,'Chlorothen',1),(2366,'Chlorotheophylline',1),(2367,'Chlorothiazide',1),(2368,'Chlorothymol',1),(2369,'Chlorotrianisene',1),(2370,'Chloroxine',1),(2371,'Chloroxylenol',1),(2372,'Chlorphenesin',1),(2373,'Chlorphenindione',1),(2374,'Chlorpheniramine',1),(2375,'Chlorphenoxamine',1),(2376,'Chlorphentermine',1),(2377,'Chlorproethazine',1),(2378,'Chlorproguanil',1),(2379,'Chlorpromazine',1),(2380,'Chlorpropamide',1),(2381,'Chlorprothixene',1),(2382,'Chlorquinaldol',1),(2383,'Chlortetracycline',1),(2384,'Chlorthalidone',1),(2385,'Chlorthenoxazine',1),(2386,'Chlorzoxazone',1),(2387,'ChocoBase',1),(2388,'Cholebrine',1),(2389,'Cholecalciferol',1),(2390,'Cholecystokinin',1),(2391,'Choledyl SA',1),(2392,'Cholera Vaccine',1),(2393,'Cholest Off',1),(2394,'Cholesterol And Deriv',1),(2395,'Cholesterol Fighter',1),(2396,'Cholestryl Benzoate',1),(2397,'Cholestyramine',1),(2398,'Cholic Acid',1),(2399,'Choline',1),(2400,'Choline Alfoscerate',1),(2401,'Choline Analogues',1),(2402,'Cholinesterase Inhibitor(Carbamate)',1),(2403,'Cholografin Meglumine',1),(2404,'Choloxin',1),(2405,'Chondroitin And Derivatives',1),(2406,'Chondroitin Sulfate A',1),(2407,'Chondroitin Sulfate Complex',1),(2408,'Chondroitinase',1),(2409,'Chorex-10',1),(2410,'Chromacaps',1),(2411,'Chromagen',1),(2412,'Chromagen (w/Sumalate)',1),(2413,'Chromagen FA',1),(2414,'Chromagen FA (w/Sumalate)',1),(2415,'Chromagen FORTE',1),(2416,'Chromagen Forte (w/Sumalate)',1),(2417,'Chromagen-OB',1),(2418,'Chrome Alum',1),(2419,'Chromelin',1),(2420,'Chromic Acid',1),(2421,'Chromimin',1),(2422,'Chromium',1),(2423,'Chromium And Derivatives',1),(2424,'Chromium Nicotinate',1),(2425,'Chromium Oxide Green',1),(2426,'Chromium Picolinate KLB6',1),(2427,'Chromium-51',1),(2428,'Chromocarb',1),(2429,'Chromonar',1),(2430,'Chronulac',1),(2431,'Chrysarobin',1),(2432,'Chrysin',1),(2433,'Chymodiactin',1),(2434,'Chymopapain',1),(2435,'Chymotripsinogen',1),(2436,'Chymotrypsin',1),(2437,'CIALIS',1),(2438,'Ciclesonide',1),(2439,'Cicletanine',1),(2440,'Cicliomennol',1),(2441,'Ciclonium',1),(2442,'Ciclopirox',1),(2443,'Cicloxilic Acid',1),(2444,'Cider Vinegar',1),(2445,'Cidex Plus 28 Day',1),(2446,'Cidofovir',1),(2447,'Cifenline',1),(2448,'Cilastatin',1),(2449,'Cilazapril',1),(2450,'Cilnidipine',1),(2451,'Cilostazol',1),(2452,'Ciloxan',1),(2453,'Cimetidine',1),(2454,'Cimetropium',1),(2455,'Cin-Quin',1),(2456,'Cinacalcet',1),(2457,'Cinacalcet Derivatives',1),(2458,'Cinametic Acid',1),(2459,'Cinchona Bark',1),(2460,'Cinchona Succirubra',1),(2461,'Cinchonine',1),(2462,'Cinepazide',1),(2463,'Cinepazide Analogues',1),(2464,'Cinitapride',1),(2465,'Cinnamate Derivatives',1),(2466,'Cinnamaverine',1),(2467,'Cinnamedrine',1),(2468,'Cinnamic Acid (Tolu Sy)',1),(2469,'Cinnamon',1),(2470,'Cinnamon Analogues',1),(2471,'Cinnamon Oil',1),(2472,'Cinnarizine',1),(2473,'Cinobac',1),(2474,'Cinoxacin',1),(2475,'Cinoxate',1),(2476,'Cipro',1),(2477,'Cipro HC',1),(2478,'Cipro XR',1),(2479,'Ciprocinonide',1),(2480,'CIPRODEX',1),(2481,'Ciprofibrate',1),(2482,'Ciprofloxacin',1),(2483,'Cisapride',1),(2484,'Cisatracurium',1),(2485,'Cisplatin',1),(2486,'Cit-Phos-Dex-Aden Solution',1),(2487,'Citalopram',1),(2488,'Citalopram Analogues',1),(2489,'Citanest',1),(2490,'Citanest Forte',1),(2491,'Citicoline',1),(2492,'Citiolone',1),(2493,'Citracal',1),(2494,'Citracal + D',1),(2495,'Citracal Plus',1),(2496,'Citracal Prenatal + DHA',1),(2497,'Citracal Prenatal Rx',1),(2498,'Citracal Ultradense',1),(2499,'Citraderm',1),(2500,'Citrate',1),(2501,'Citrate Ester',1),(2502,'Citrate-Phos-Dex Solution',1),(2503,'Citric Acid',1),(2504,'Citrimax',1),(2505,'Citrimax 500 Plus',1),(2506,'Citrocarbonate',1),(2507,'Citrolith',1),(2508,'Citronella Oil',1),(2509,'Citrucel',1),(2510,'Citrucel Fiber Laxative',1),(2511,'Citrucel Fiber Shake',1),(2512,'Citrudex',1),(2513,'Citrulline',1),(2514,'Citrulline (L-Citrulline)',1),(2515,'Citrus And Derivatives',1),(2516,'Citrus Berry Flavor',1),(2517,'Citrus Derived',1),(2518,'Citrus Flavor',1),(2519,'Cladribine',1),(2520,'Claforan',1),(2521,'Claforan Viaflex Plus',1),(2522,'Clarinex',1),(2523,'Clarinex-D 12 HOUR',1),(2524,'Clarinex-D 24 HOUR',1),(2525,'Claripel',1),(2526,'Clarithromycin',1),(2527,'Claritin',1),(2528,'Claritin RediTabs',1),(2529,'Claritin-D 12 Hour',1),(2530,'Claritin-D 24 Hour',1),(2531,'Clary Sage',1),(2532,'Clavulanic Acid',1),(2533,'CLEAR COUGH PM',1),(2534,'Clear Eyes ACR',1),(2535,'Clear Total Lice',1),(2536,'Clearasil Maximum Strength',1),(2537,'Clebopride',1),(2538,'Clebopride Analogues',1),(2539,'Cleeravue-M Convenience Kit',1),(2540,'Clemastine',1),(2541,'Clemizole',1),(2542,'Clemizole Analogues',1),(2543,'Clenbuterol',1),(2544,'Cleocin',1),(2545,'Cleocin T',1),(2546,'Clidinium',1),(2547,'Climara',1),(2548,'Climara Pro',1),(2549,'Climbazole',1),(2550,'Clinac BPO',1),(2551,'Clindagel',1),(2552,'Clindamycin',1),(2553,'Clindesse',1),(2554,'Clinimix 2.75/D5 Sulfite Free',1),(2555,'Clinimix 4.25/D5 Sulfite Free',1),(2556,'Clinimix 5/D15 Sulfite Free',1),(2557,'Clinimix 5/D20 Sulfite Free',1),(2558,'Clinimix 5/D25 Sulfite Free',1),(2559,'Clinimix E 2.75/D10 SulfitFree',1),(2560,'Clinimix E 2.75/D5 SulfiteFree',1),(2561,'Clinimix E 4.25/D10 SulfitFree',1),(2562,'Clinimix E 4.25/D5 SulfiteFree',1),(2563,'Clinimix E 5/D15 Sulfite Free',1),(2564,'Clinimix E 5/D20 Sulfite Free',1),(2565,'Clinimix E 5/D25 Sulfite Free',1),(2566,'Clinimix E 5/D35 Sulfite Free',1),(2567,'Clinisol SF 15%',1),(2568,'Clinoril',1),(2569,'Clioquinol',1),(2570,'Clivers',1),(2571,'Clivers (Galium Aparine)',1),(2572,'Clobazam',1),(2573,'Clobenzorex',1),(2574,'Clobetasol',1),(2575,'Clobetasone',1),(2576,'CLOBEX',1),(2577,'Clobutinol',1),(2578,'Clocinizine',1),(2579,'Cloconazole',1),(2580,'Clocortolone',1),(2581,'Cloderm',1),(2582,'Clodronic Acid',1),(2583,'Clofarabine',1),(2584,'Clofazimine',1),(2585,'Clofexamide',1),(2586,'Clofezone',1),(2587,'Clofibrate',1),(2588,'Clofibrate Aluminum',1),(2589,'Clofibride',1),(2590,'Clofoctol',1),(2591,'CLOLAR',1),(2592,'Clomid',1),(2593,'Clomiphene',1),(2594,'Clomipramine',1),(2595,'Clomocycline',1),(2596,'Clonazepam',1),(2597,'Clonidine',1),(2598,'Clonixin',1),(2599,'Clopamide',1),(2600,'Clopidogrel',1),(2601,'Cloponone',1),(2602,'Cloprednol',1),(2603,'Clorazepic Acid',1),(2604,'Clorfed',1),(2605,'Clorophene',1),(2606,'Clorpactin',1),(2607,'Clorpactin Xcb',1),(2608,'Clorprenaline',1),(2609,'Clortermine',1),(2610,'Clostebol',1),(2611,'Clostridium tet(Hvrd st) Deriv',1),(2612,'Clothiapine',1),(2613,'Clotiazepam',1),(2614,'Clotrimazole',1),(2615,'Clove',1),(2616,'Clove Oil',1),(2617,'Cloxacillin',1),(2618,'Cloxazolam',1),(2619,'Cloxyquin',1),(2620,'Clozapine',1),(2621,'Clozaril',1),(2622,'Clubmoss',1),(2623,'CMC 7-HF',1),(2624,'Co Advil',1),(2625,'Co Q-10',1),(2626,'Co Q-10 (with Vit E)',1),(2627,'Co Q-10-Vitamin E-Fish Oil',1),(2628,'CO-CO Bear Calcium',1),(2629,'Co-Pyronil 2',1),(2630,'Coal Tar',1),(2631,'Cobalamin And Derivatives',1),(2632,'Cobalt',1),(2633,'Cobamamide',1),(2634,'Cobra Venom',1),(2635,'Cocaine',1),(2636,'Cocamide DEA',1),(2637,'Cocamidopropyl Analogues',1),(2638,'Cocamidopropyl Betaine',1),(2639,'Coccidioidin Skin Test',1),(2640,'Cochineal',1),(2641,'Cocillana',1),(2642,'Cocoa',1),(2643,'Cocoa Butter',1),(2644,'Cocoa Flavor',1),(2645,'Cocoamido Ether Sulfate Cmplx',1),(2646,'Cocoamidopropylbetaine',1),(2647,'Cocoamine Oxide',1),(2648,'Cocoamphocarboxyglycinate, Disodium',1),(2649,'Cocoglycerides',1),(2650,'Coconut',1),(2651,'Coconut Custard Flavor',1),(2652,'Coconut Fatty Acid Diethanolam',1),(2653,'Coconut Flavor',1),(2654,'Coconut Milk',1),(2655,'Coconut Oil',1),(2656,'Cod Liver Oil',1),(2657,'Cod Liver Oil Conc with Vit C',1),(2658,'Codeine',1),(2659,'Codeine Antitussive Cough',1),(2660,'Codeine Phosphate Soluble',1),(2661,'CodiCLEAR DH',1),(2662,'Codimal DH',1),(2663,'Codimal DM',1),(2664,'Codimal PH',1),(2665,'Coenzyme A',1),(2666,'Coffea Tosta',1),(2667,'Coffee Break',1),(2668,'Coffee Carbon',1),(2669,'Coffee Flavor',1),(2670,'Cogentin',1),(2671,'Cognex',1),(2672,'Cola Flavor',1),(2673,'Cola Syrup',1),(2674,'Colace',1),(2675,'Colace Microenema',1),(2676,'Colazal',1),(2677,'Colchicine',1),(2678,'Colchicine Derivatives',1),(2679,'Cold Cream',1),(2680,'Cold Relief',1),(2681,'Cold Sore',1),(2682,'Cold& Allergy',1),(2683,'Cold& Hot Extra Strength',1),(2684,'Cold-Eeze',1),(2685,'Colesevelam',1),(2686,'Colestid',1),(2687,'Colestid Flavored',1),(2688,'Colestipol',1),(2689,'Coleus',1),(2690,'Coleus (Coleus Forskholii)',1),(2691,'Colfosceril Palmitate',1),(2692,'Colistimethate Sodium',1),(2693,'Colistin',1),(2694,'Colistin Methanesulfonate',1),(2695,'Collagen',1),(2696,'Collagen Implant,Ophthalmic',1),(2697,'Collagen Plus Vitamin C',1),(2698,'Collagen Type II',1),(2699,'Collagen, Hydrolyzed',1),(2700,'Collagen,Bovine',1),(2701,'Collagenase',1),(2702,'Collodion',1),(2703,'Colloidal Bismuth Subcitrate',1),(2704,'Colloidal Oatmeal',1),(2705,'Colombo',1),(2706,'Colon-Help Nutrition',1),(2707,'Colony Stimulating Factors',1),(2708,'Color Bar Schirmer Tear Test',1),(2709,'Colrex Compound',1),(2710,'Coltsfoot',1),(2711,'Coly-Mycin M',1),(2712,'Coly-Mycin M Parenteral',1),(2713,'Coly-Mycin S',1),(2714,'Colytrol Pediatric',1),(2715,'CombiPatch',1),(2716,'Combipres',1),(2717,'Combipres-1',1),(2718,'Combipres-2',1),(2719,'Combipres-3',1),(2720,'Combivent',1),(2721,'Combivir',1),(2722,'Combunox',1),(2723,'COMFORT SHIELD',1),(2724,'COMFORT SHIELD Large',1),(2725,'Comfrey',1),(2726,'Comfrey (Symphytum Officinale)',1),(2727,'Comhist',1),(2728,'Comhist LA',1),(2729,'Commit',1),(2730,'Compazine',1),(2731,'Complement C1 Esterase Inhib',1),(2732,'Complete Sinus Relief',1),(2733,'Complex 15',1),(2734,'Complex B',1),(2735,'Complex B-50',1),(2736,'Computer Eye',1),(2737,'Comt Inhibitor,Nitrocatechols',1),(2738,'Comtan',1),(2739,'Comtrex Cold-Cough',1),(2740,'Comtrex Day& Night',1),(2741,'Comtrex Day/Night Cold& Cough',1),(2742,'Comtrex Flu Therapy',1),(2743,'Comtrex Nighttime Cold& Cough',1),(2744,'Comtrex Severe Cold& Sinus',1),(2745,'Comvax',1),(2746,'Conceptrol',1),(2747,'Conceptrol Inserts',1),(2748,'CONCERTA',1),(2749,'Condoms, Female',1),(2750,'Condurango',1),(2751,'Condylox',1),(2752,'Conex Pediatric',1),(2753,'Congo Red',1),(2754,'Conivaptan',1),(2755,'Conpec',1),(2756,'Conpec DM',1),(2757,'Conpec LA NR',1),(2758,'Conray',1),(2759,'Conray 43',1),(2760,'Conray-30',1),(2761,'Conray-325',1),(2762,'Conray-400',1),(2763,'Constant Clens',1),(2764,'Contac',1),(2765,'Contac 12 Hour',1),(2766,'Converzyme',1),(2767,'Copaiba Balsam',1),(2768,'Copaxone',1),(2769,'Cope',1),(2770,'Copegus',1),(2771,'Cophene-S',1),(2772,'Copolymer Foam',1),(2773,'Copper',1),(2774,'Copper Chloride',1),(2775,'Copper Sulfate',1),(2776,'Copperas Crystals Tech',1),(2777,'Coppermin',1),(2778,'Coppertone',1),(2779,'Coppertone Kids',1),(2780,'CoQ-10& Fish Oil',1),(2781,'CoQ10 SG 100',1),(2782,'Coral',1),(2783,'Coral Calcium',1),(2784,'Cordarone',1),(2785,'Cordarone IV',1),(2786,'Cordran',1),(2787,'Cordran Patch',1),(2788,'Cordran SP',1),(2789,'Coreg',1),(2790,'Coreg CR',1),(2791,'Corgard',1),(2792,'Coriander',1),(2793,'Coriander Oil',1),(2794,'Coricidin HBP',1),(2795,'Coricidin HBP Cough& Cold',1),(2796,'Corlopam',1),(2797,'Corn',1),(2798,'Corn Containing Products',1),(2799,'Corn Liquid',1),(2800,'Corn Oil',1),(2801,'Corn Oil Solvent',1),(2802,'Corn Starch',1),(2803,'Corn Syrup',1),(2804,'Cornflower',1),(2805,'Correctol',1),(2806,'Cort-Dome',1),(2807,'Cortaid',1),(2808,'Cortaid FastStick Max St',1),(2809,'Cortaid Maximum Strength',1),(2810,'Cortane',1),(2811,'Cortane-B',1),(2812,'Cortef',1),(2813,'Cortef Acetate',1),(2814,'Cortef Feminine Itch',1),(2815,'Cortef Rectal Itch',1),(2816,'Cortenema',1),(2817,'Cortex Eucommiae',1),(2818,'Corticorelin Ovine Triflutate',1),(2819,'Corticotropin',1),(2820,'Corticotropin-Releasing Hormon',1),(2821,'Corticotropin-RF,Ovine',1),(2822,'Corticotropin-Zinc',1),(2823,'Cortifoam',1),(2824,'Cortisone',1),(2825,'Cortisporin',1),(2826,'Cortisporin-TC',1),(2827,'Cortivazol',1),(2828,'Cortizone-10',1),(2829,'Cortone',1),(2830,'Cortril',1),(2831,'Cortrosyn',1),(2832,'Corvert',1),(2833,'CORVITE',1),(2834,'Corynebacterium Cutis',1),(2835,'Corynebacterium Parvum',1),(2836,'Coryza Forte',1),(2837,'Corzide',1),(2838,'Cosamin DS',1),(2839,'Cosmegen',1),(2840,'Cosmetic,O.U.',1),(2841,'Cosopt',1),(2842,'Cosyntropin',1),(2843,'Cosyntropin Acetate-Zinc',1),(2844,'Cotazym-S',1),(2845,'Cottonseed Oil',1),(2846,'CoTylenol',1),(2847,'Couch Grass',1),(2848,'Couch Grass (Triticum Repens)',1),(2849,'Cough And Cold Reliever',1),(2850,'Cough Drops',1),(2851,'Cough Due To Colds No.7',1),(2852,'Cough Formula',1),(2853,'Cough& Runny Nose',1),(2854,'Cough-X',1),(2855,'Coumadin',1),(2856,'Coumarin',1),(2857,'Coumarin Analogues',1),(2858,'Covera-HS',1),(2859,'Cowslip',1),(2860,'Cowslip (Primula Veris)',1),(2861,'Cozaar',1),(2862,'CP-2',1),(2863,'CR-Plus-Protein',1),(2864,'Cramp Bark',1),(2865,'Cranberry',1),(2866,'Cranberry Juice',1),(2867,'Cream Flavor',1),(2868,'Creamalin',1),(2869,'Creatine',1),(2870,'Creatinine',1),(2871,'Cremophor El',1),(2872,'Creomulsion Complete',1),(2873,'Creon 10',1),(2874,'Creon 20',1),(2875,'Creon 5',1),(2876,'Creosote',1),(2877,'Cresol',1),(2878,'Crestor',1),(2879,'Cresylate',1),(2880,'Crinone',1),(2881,'Critic-Aid',1),(2882,'Critic-Aid Clear',1),(2883,'Critic-Aid Clear AF',1),(2884,'Critic-Aid Skin Care Pack',1),(2885,'Crixivan',1),(2886,'CrM',1),(2887,'CroFab',1),(2888,'Cromolyn',1),(2889,'Croscarmellose Calcium',1),(2890,'Croscarmellose Sodium',1),(2891,'Crotalus Horridus Horridus',1),(2892,'Crotamiton',1),(2893,'Croton Oil',1),(2894,'CRP',1),(2895,'Cruex',1),(2896,'Cryptenamine',1),(2897,'Crypthecodinium Cohnii Oil',1),(2898,'Crystodigin',1),(2899,'Cu-Plus',1),(2900,'CUBICIN',1),(2901,'Cucumber (Cucumis Sativus)',1),(2902,'Cudbear',1),(2903,'Cult Skin Subst,Human-Porcine',1),(2904,'Culturelle',1),(2905,'Cuprimine',1),(2906,'Curasol Wound Cleanser',1),(2907,'Curel',1),(2908,'Curity Plain Packing Strip',1),(2909,'Curosurf',1),(2910,'Curtal',1),(2911,'Cutar',1),(2912,'Cutivate',1),(2913,'Cyamemazine',1),(2914,'Cyanamide',1),(2915,'Cyanocobalamin',1),(2916,'Cyclacillin',1),(2917,'Cyclamate',1),(2918,'Cyclamate And Deriv',1),(2919,'Cyclandelate',1),(2920,'Cyclessa',1),(2921,'Cyclinex-2',1),(2922,'Cyclizine',1),(2923,'Cyclobarbital',1),(2924,'Cyclobenzaprine',1),(2925,'Cyclobutyrol',1),(2926,'Cyclocort',1),(2927,'Cyclocumarol',1),(2928,'Cyclodrine',1),(2929,'Cyclofenil',1),(2930,'Cycloguanil',1),(2931,'Cyclogyl',1),(2932,'Cycloheximide',1),(2933,'Cyclomethicone',1),(2934,'Cyclomethycaine',1),(2935,'Cyclomydril',1),(2936,'Cyclooctaamylose',1),(2937,'Cyclopentamine',1),(2938,'Cyclopentasiloxane',1),(2939,'Cyclopenthiazide',1),(2940,'Cyclopentolate',1),(2941,'Cyclophosphamide',1),(2942,'Cyclopropane',1),(2943,'Cycloserine',1),(2944,'Cyclosporine',1),(2945,'Cyclothiazide',1),(2946,'Cycrimine',1),(2947,'Cyklokapron',1),(2948,'Cylert',1),(2949,'Cymarin',1),(2950,'Cymbalta',1),(2951,'Cynara (Artichoke)',1),(2952,'Cypress',1),(2953,'Cyprodenate',1),(2954,'Cyproheptadine',1),(2955,'Cyproterone',1),(2956,'Cystadane',1),(2957,'Cystagon',1),(2958,'Cysteamine',1),(2959,'Cysteic Acid',1),(2960,'Cysteine',1),(2961,'Cysteine Derivatives',1),(2962,'Cystex',1),(2963,'Cystine',1),(2964,'Cystine(L-Cystine)',1),(2965,'Cysto-Conray',1),(2966,'Cystografin',1),(2967,'Cystografin-Dilute',1),(2968,'Cystospaz',1),(2969,'Cytadren',1),(2970,'Cytarabine',1),(2971,'Cytidine',1),(2972,'Cytochrome C',1),(2973,'CytoGam',1),(2974,'Cytomegalovirus Immune Glob',1),(2975,'Cytomel',1),(2976,'Cytosar-U',1),(2977,'Cytosar-U Powder W/Diluent',1),(2978,'Cytotec',1),(2979,'Cytovene',1),(2980,'Cytoxan',1),(2981,'Cytoxan Lyophilized',1),(2982,'Calamine,Phenolated',1);
/*!40000 ALTER TABLE `allergies` ENABLE KEYS */;
UNLOCK TABLES;

--
-- Table structure for table `app_entities`
--

DROP TABLE IF EXISTS `app_entities`;
/*!40101 SET @saved_cs_client     = @@character_set_client */;
/*!40101 SET character_set_client = utf8 */;
CREATE TABLE `app_entities` (
  `ENTITY_TYPE` varchar(20) COLLATE utf8_unicode_ci NOT NULL,
  `ENTITY_NAME` varchar(45) COLLATE utf8_unicode_ci DEFAULT NULL,
  `DESCRIPTION` varchar(255) COLLATE utf8_unicode_ci DEFAULT NULL,
  `ACTIVE` smallint(1) DEFAULT NULL,
  PRIMARY KEY (`ENTITY_TYPE`),
  UNIQUE KEY `ENTITY_NAME_UQ` (`ENTITY_NAME`)
) ENGINE=InnoDB DEFAULT CHARSET=utf8 COLLATE=utf8_unicode_ci;
/*!40101 SET character_set_client = @saved_cs_client */;

--
-- Dumping data for table `app_entities`
--

LOCK TABLES `app_entities` WRITE;
/*!40000 ALTER TABLE `app_entities` DISABLE KEYS */;
INSERT INTO `app_entities` VALUES ('ADMINISTRATOR','Administrator','Administrator',1),('DOCTOR','Doctor','Doctor',1),('NURSE','Nurse','Nurse',1),('PATIENT','Patient','Patient',1),('WARD_BOY','Ward Boy','Ward Boy',1);
/*!40000 ALTER TABLE `app_entities` ENABLE KEYS */;
UNLOCK TABLES;

--
-- Table structure for table `appointment_history`
--

DROP TABLE IF EXISTS `appointment_history`;
/*!40101 SET @saved_cs_client     = @@character_set_client */;
/*!40101 SET character_set_client = utf8 */;
CREATE TABLE `appointment_history` (
  `APPOINTMENT_NUMBER` int(11) NOT NULL,
  `STATUS_CODE` varchar(25) COLLATE utf8_unicode_ci NOT NULL,
  `CREATED_DTM` datetime DEFAULT NULL,
  `CREATED_BY` varchar(45) COLLATE utf8_unicode_ci DEFAULT NULL,
  `VERSION` int(11) NOT NULL,
  PRIMARY KEY (`APPOINTMENT_NUMBER`,`STATUS_CODE`),
  KEY `Appointment_History_Appointmnet_Number_FK` (`APPOINTMENT_NUMBER`),
  KEY `Appointment_History_Status_Coder_FK` (`STATUS_CODE`),
  CONSTRAINT `appointment_history_ibfk_1` FOREIGN KEY (`STATUS_CODE`) REFERENCES `appointment_status` (`STATUS_CODE`),
  CONSTRAINT `appointment_history_ibfk_2` FOREIGN KEY (`APPOINTMENT_NUMBER`) REFERENCES `appointments` (`APPOINTMENT_NUMBER`)
) ENGINE=InnoDB DEFAULT CHARSET=utf8 COLLATE=utf8_unicode_ci;
/*!40101 SET character_set_client = @saved_cs_client */;

--
-- Dumping data for table `appointment_history`
--

LOCK TABLES `appointment_history` WRITE;
/*!40000 ALTER TABLE `appointment_history` DISABLE KEYS */;
INSERT INTO `appointment_history` VALUES (1,'CAPTURED','2010-07-20 06:46:19',NULL,0),(1,'CONFIRMED','2010-07-19 16:15:46',NULL,0),(2,'CAPTURED','2010-07-23 13:51:20','ajit kumar',0),(2,'CONFIRMED','2010-07-20 19:21:00',NULL,0),(2,'VISITED','2010-07-20 08:46:03','ajit kumar',0),(3,'CAPTURED','2010-07-20 13:22:40','ajit kumar',0),(3,'CONFIRMED','2010-07-20 07:24:28',NULL,0),(3,'VISITED','2010-07-20 07:34:31',NULL,0),(4,'CAPTURED','2010-07-23 14:50:17','Bhavesh ',0),(4,'CONFIRMED','2010-07-20 10:11:15',NULL,0),(4,'TOVISIT','2010-07-23 14:34:16',NULL,0),(4,'VISITED','2010-07-23 14:34:41','Bhavesh ',0),(5,'CAPTURED','2010-09-15 10:54:59',NULL,0),(5,'CONFIRMED','2010-08-02 12:12:56',NULL,0),(6,'CAPTURED','2010-09-15 13:55:19',NULL,0),(6,'CONFIRMED','2010-09-14 13:43:54',NULL,0),(7,'CAPTURED','2010-09-15 09:59:34',NULL,0),(7,'CONFIRMED','2010-09-14 13:57:49',NULL,0),(8,'CAPTURED','2010-10-05 14:15:30',NULL,0),(8,'CONFIRMED','2010-09-15 15:01:14',NULL,0),(14,'CAPTURED','2010-09-15 16:28:40',NULL,0),(14,'CONFIRMED','2010-09-15 15:37:19',NULL,0),(18,'CAPTURED','2010-09-15 17:02:00',NULL,0),(18,'CONFIRMED','2010-09-15 16:56:48',NULL,0),(22,'CAPTURED','2010-10-05 14:26:15',NULL,0),(22,'CONFIRMED','2010-09-24 18:33:53',NULL,0),(26,'CAPTURED','2010-10-05 14:29:30','Alok Ranjan',0),(26,'CONFIRMED','2010-09-24 19:03:42',NULL,0),(26,'TOVISIT','2010-10-05 14:28:43',NULL,0),(26,'VISITED','2010-10-05 14:29:04','Alok Ranjan',0),(27,'CONFIRMED','2010-10-05 15:26:56',NULL,0),(28,'CONFIRMED','2010-10-05 15:23:45',NULL,0),(29,'CAPTURED','2010-10-07 15:52:47',NULL,0),(29,'CONFIRMED','2010-10-07 12:40:46',NULL,0),(36,'CAPTURED','2010-12-01 17:58:35','Alok Ranjan',0),(36,'CONFIRMED','2010-10-07 16:14:27',NULL,0),(36,'TOVISIT','2010-10-18 09:51:08',NULL,0),(37,'CAPTURED','2010-10-14 20:34:04','Alok Ranjan',0),(37,'CONFIRMED','2010-10-13 19:34:58',NULL,0),(37,'TOVISIT','2010-10-14 20:29:47',NULL,0),(37,'VISITED','2010-10-14 20:30:42','Alok Ranjan',0),(38,'CAPTURED','2010-10-18 09:57:06','Alok Ranjan',0),(38,'CONFIRMED','2010-10-18 09:49:16',NULL,0),(38,'TOVISIT','2010-10-18 09:49:57',NULL,0),(38,'VISITED','2010-10-18 09:51:30','Alok Ranjan',0),(39,'CAPTURED','2010-10-19 15:12:38','Alok Ranjan',0),(39,'CONFIRMED','2010-10-19 13:08:40',NULL,0),(39,'TOVISIT','2010-10-19 14:52:52',NULL,0),(40,'CAPTURED','2010-10-20 20:29:30','Alok Ranjan',0),(40,'CONFIRMED','2010-10-20 20:28:52',NULL,0),(40,'TOVISIT','2010-10-20 20:29:19',NULL,0),(41,'CAPTURED','2010-10-21 15:46:13',NULL,0),(41,'CONFIRMED','2010-10-21 15:45:20',NULL,0),(42,'CONFIRMED','2010-10-21 19:44:01',NULL,0),(43,'CAPTURED','2010-10-22 10:14:31','Bhavesh ',0),(43,'CONFIRMED','2010-10-22 10:06:23',NULL,0),(43,'TOVISIT','2010-10-22 10:07:25',NULL,0),(43,'VISITED','2010-10-22 10:08:46','Bhavesh ',0),(44,'CONFIRMED','2010-10-22 12:00:20',NULL,0),(45,'CONFIRMED','2010-10-22 12:02:26',NULL,0),(46,'CAPTURED','2010-10-22 14:51:49','Bhavesh ',0),(46,'CONFIRMED','2010-10-22 14:49:45',NULL,0),(46,'TOVISIT','2010-10-22 14:50:46',NULL,0),(47,'CONFIRMED','2010-10-22 15:53:33',NULL,0),(48,'CAPTURED','2010-10-22 17:50:44',NULL,0),(48,'CONFIRMED','2010-10-22 17:44:01',NULL,0),(49,'CAPTURED','2010-10-22 18:31:03',NULL,0),(49,'CONFIRMED','2010-10-22 18:23:27',NULL,0),(50,'CAPTURED','2010-10-27 12:24:25',NULL,0),(50,'CONFIRMED','2010-10-27 12:23:57',NULL,0),(51,'CAPTURED','2010-11-01 12:57:28',NULL,0),(51,'CONFIRMED','2010-11-01 11:55:05',NULL,0),(52,'CAPTURED','2010-11-01 12:58:20',NULL,0),(52,'CONFIRMED','2010-11-01 12:00:31',NULL,0),(53,'CAPTURED','2010-11-01 13:01:40',NULL,0),(53,'CONFIRMED','2010-11-01 13:00:20',NULL,0),(54,'CAPTURED','2010-11-01 13:09:55',NULL,0),(54,'CONFIRMED','2010-11-01 13:04:19',NULL,0),(55,'CAPTURED','2010-11-01 13:16:57',NULL,0),(55,'CONFIRMED','2010-11-01 13:16:23',NULL,0),(56,'CAPTURED','2010-11-01 13:26:55',NULL,0),(56,'CONFIRMED','2010-11-01 13:24:39',NULL,0),(57,'CAPTURED','2010-11-01 14:32:15',NULL,0),(57,'CONFIRMED','2010-11-01 14:31:48',NULL,0),(58,'CAPTURED','2010-11-01 14:36:11',NULL,0),(58,'CONFIRMED','2010-11-01 14:35:48',NULL,0),(59,'CAPTURED','2010-11-01 14:51:13',NULL,0),(59,'CONFIRMED','2010-11-01 14:48:05',NULL,0),(60,'CAPTURED','2010-11-01 17:58:33',NULL,0),(60,'CONFIRMED','2010-11-01 15:03:01',NULL,0),(61,'CONFIRMED','2010-11-01 17:28:47',NULL,0),(62,'CAPTURED','2010-11-01 18:37:52',NULL,0),(62,'CONFIRMED','2010-11-01 18:37:32',NULL,0),(63,'CONFIRMED','2010-11-01 18:44:41',NULL,0),(64,'CONFIRMED','2010-11-03 17:33:34',NULL,0),(65,'CONFIRMED','2010-11-08 14:53:37',NULL,0),(66,'CAPTURED','2010-11-09 11:31:58',NULL,0),(66,'CONFIRMED','2010-11-09 11:28:23',NULL,0),(67,'CAPTURED','2010-11-09 12:10:36',NULL,0),(67,'CONFIRMED','2010-11-09 12:06:18',NULL,0),(68,'CONFIRMED','2010-11-09 15:48:38',NULL,0),(69,'CAPTURED','2010-11-09 15:52:02',NULL,0),(69,'CONFIRMED','2010-11-09 15:51:47',NULL,0),(70,'CONFIRMED','2010-11-09 15:53:46',NULL,0),(71,'CONFIRMED','2010-11-09 16:05:21',NULL,0),(71,'VISITED','2010-11-29 16:07:03',NULL,0),(72,'CAPTURED','2010-11-10 13:10:27',NULL,0),(72,'CONFIRMED','2010-11-10 12:49:57',NULL,0),(73,'CAPTURED','2010-11-29 16:12:59',NULL,0),(73,'CONFIRMED','2010-11-29 16:12:35',NULL,0);
/*!40000 ALTER TABLE `appointment_history` ENABLE KEYS */;
UNLOCK TABLES;

--
-- Table structure for table `appointment_status`
--

DROP TABLE IF EXISTS `appointment_status`;
/*!40101 SET @saved_cs_client     = @@character_set_client */;
/*!40101 SET character_set_client = utf8 */;
CREATE TABLE `appointment_status` (
  `STATUS_CODE` varchar(25) COLLATE utf8_unicode_ci NOT NULL,
  `DESCRIPTION` varchar(45) COLLATE utf8_unicode_ci DEFAULT NULL,
  `ACTIVE` smallint(1) DEFAULT NULL,
  PRIMARY KEY (`STATUS_CODE`)
) ENGINE=InnoDB DEFAULT CHARSET=utf8 COLLATE=utf8_unicode_ci;
/*!40101 SET character_set_client = @saved_cs_client */;

--
-- Dumping data for table `appointment_status`
--

LOCK TABLES `appointment_status` WRITE;
/*!40000 ALTER TABLE `appointment_status` DISABLE KEYS */;
INSERT INTO `appointment_status` VALUES ('BOOKED','Booked',1),('CANCELLED','Cancelled',1),('CAPTURED','Doctor has seen the patient',1),('CONFIRMED','Confirmed',1),('INVALID_ROSTER','Invalid Roster',1),('RESCHEDULED','Rescheduled',1),('ROSTER_MODIFIED','Roster Modified',1),('TOVISIT','Patient came to visit ',1),('VISITED','Patient visited the doctor',1);
/*!40000 ALTER TABLE `appointment_status` ENABLE KEYS */;
UNLOCK TABLES;

--
-- Table structure for table `appointments`
--

DROP TABLE IF EXISTS `appointments`;
/*!40101 SET @saved_cs_client     = @@character_set_client */;
/*!40101 SET character_set_client = utf8 */;
CREATE TABLE `appointments` (
  `APPOINTMENT_NUMBER` int(11) NOT NULL AUTO_INCREMENT,
  `APPOINTMENT_DATE` datetime NOT NULL,
  `PATIENT_ID` int(11) DEFAULT NULL,
  `BOOKING_TYPE_CODE` varchar(5) COLLATE utf8_unicode_ci DEFAULT NULL,
  `PHONE_NO` varchar(15) COLLATE utf8_unicode_ci DEFAULT NULL COMMENT 'If appointment is taken over phone then populate it',
  `EMAIL` varchar(50) COLLATE utf8_unicode_ci DEFAULT NULL COMMENT 'If appointment is taken by mail then populate it',
  `APPOINTMENT_TYPE_CODE` varchar(150) COLLATE utf8_unicode_ci NOT NULL,
  `ESPECIALTY_CODE` varchar(25) COLLATE utf8_unicode_ci NOT NULL,
  `DOCTOR_ID` int(11) DEFAULT NULL,
  `APPT_START_TIME` varchar(8) COLLATE utf8_unicode_ci DEFAULT NULL,
  `APPT_END_TIME` varchar(8) COLLATE utf8_unicode_ci DEFAULT NULL,
  `APPOINTMENT_AGENDA` varchar(225) COLLATE utf8_unicode_ci DEFAULT NULL,
  `REFERRAL_CODE` int(11) DEFAULT NULL,
  `CONSULTATION_CHARGE` double DEFAULT '0',
  `PRIMARY_APPOINTMENT_NUMBER` int(11) DEFAULT NULL COMMENT 'In case of follow up  appointmnets this field contain primary appointment number',
  `APPOINTMENT_STATUS_CODE` varchar(20) COLLATE utf8_unicode_ci DEFAULT NULL,
  `CAPTURED_DTM` datetime DEFAULT NULL,
  `APPOINTMENT_REMARKS` varchar(225) COLLATE utf8_unicode_ci DEFAULT NULL,
  `NEXT_VISIT_DT` date DEFAULT NULL,
  `ROSTER_CODE` int(11) DEFAULT NULL,
  `DATE_DIM_ID` int(11) DEFAULT NULL,
  `CREATE_DTM` datetime DEFAULT NULL,
  `CREATED_BY` varchar(45) COLLATE utf8_unicode_ci DEFAULT NULL,
  `LAST_MODIFIED_DTM` datetime DEFAULT NULL,
  `MODIFIED_BY` varchar(45) COLLATE utf8_unicode_ci DEFAULT NULL,
  `VERSION` int(11) NOT NULL,
  PRIMARY KEY (`APPOINTMENT_NUMBER`),
  KEY `Appointments_Patient_id_FK` (`PATIENT_ID`),
  KEY `Appointments_Booking_Type_Code_FK` (`BOOKING_TYPE_CODE`),
  KEY `Appointments_Appointment_Status_Code_FK` (`APPOINTMENT_STATUS_CODE`),
  KEY `Appointments_Rooster_Code_FK` (`ROSTER_CODE`),
  KEY `DOCTOR_ID` (`DOCTOR_ID`),
  KEY `appointments_ibfk_3` (`REFERRAL_CODE`),
  KEY `ESPECIALTY_CODE_FK` (`ESPECIALTY_CODE`),
  CONSTRAINT `appointments_ibfk_1` FOREIGN KEY (`PATIENT_ID`) REFERENCES `patient` (`PATIENT_ID`),
  CONSTRAINT `appointments_ibfk_2` FOREIGN KEY (`BOOKING_TYPE_CODE`) REFERENCES `booking_type` (`BOOKING_TYPE_CODE`),
  CONSTRAINT `appointments_ibfk_3` FOREIGN KEY (`REFERRAL_CODE`) REFERENCES `referral` (`REFERRAL_CODE`),
  CONSTRAINT `appointments_ibfk_4` FOREIGN KEY (`ROSTER_CODE`) REFERENCES `roster` (`ROSTER_CODE`),
  CONSTRAINT `appointments_ibfk_5` FOREIGN KEY (`DOCTOR_ID`) REFERENCES `doctor` (`DOCTOR_ID`),
  CONSTRAINT `appointments_ibfk_6` FOREIGN KEY (`APPOINTMENT_STATUS_CODE`) REFERENCES `appointment_status` (`STATUS_CODE`),
  CONSTRAINT `appointments_ibfk_7` FOREIGN KEY (`ESPECIALTY_CODE`) REFERENCES `especialty` (`ESPECIALTY_CODE`)
) ENGINE=InnoDB AUTO_INCREMENT=74 DEFAULT CHARSET=utf8 COLLATE=utf8_unicode_ci;
/*!40101 SET character_set_client = @saved_cs_client */;

--
-- Dumping data for table `appointments`
--

LOCK TABLES `appointments` WRITE;
/*!40000 ALTER TABLE `appointments` DISABLE KEYS */;
INSERT INTO `appointments` VALUES (1,'2010-07-29 00:00:00',2,'WALK',NULL,NULL,'PRIMARY','CARDIOLOGISTS',1,'1400','1420',NULL,NULL,100,NULL,'CAPTURED','2010-07-20 06:46:19','',NULL,5,NULL,'2010-07-19 16:15:46','ajit kumar',NULL,'ajit kumar',1),(2,'2010-07-27 00:00:00',4,'WALK',NULL,NULL,'PRIMARY','CARDIOLOGISTS',1,'1300','0120',NULL,6,200,NULL,'CAPTURED','2010-07-23 13:51:20','',NULL,3,NULL,'2010-07-20 19:21:00','Bhavesh ',NULL,'Bhavesh ',4),(3,'2010-07-31 00:00:00',1,'WALK',NULL,NULL,'PRIMARY','CARDIOLOGISTS',1,'1440','1540',NULL,5,200,NULL,'CAPTURED','2010-07-20 13:22:40','',NULL,7,NULL,'2010-07-20 07:24:28','ajit kumar',NULL,'ajit kumar',3),(4,'2010-08-30 00:00:00',4,'WALK',NULL,NULL,'PRIMARY','NEUROLOGISTS',2,'1840','1900',NULL,5,200,NULL,'CAPTURED','2010-07-23 14:50:17','',NULL,23,NULL,'2010-07-20 10:11:15','ajit kumar',NULL,'Bhavesh ',3),(5,'2010-08-09 00:00:00',10,'WALK',NULL,NULL,'PRIMARY','NEUROLOGISTS',2,'1820','1840',NULL,9,200,NULL,'CAPTURED','2010-09-15 10:54:59','',NULL,8,NULL,'2010-08-02 12:12:53','Bhavesh ',NULL,'ajit kumar',1),(6,'2010-09-14 00:00:00',6,'WALK',NULL,NULL,'PRIMARY','CARDIOLOGISTS',1,'0900','0920',NULL,NULL,NULL,NULL,'CAPTURED','2010-09-15 13:55:19','',NULL,25,NULL,'2010-09-14 13:43:54','ajit kumar',NULL,'ajit kumar',1),(7,'2010-09-14 00:00:00',8,'WALK',NULL,NULL,'PRIMARY','CARDIOLOGISTS',1,'0920','0940',NULL,NULL,NULL,NULL,'CAPTURED','2010-09-15 09:59:34','',NULL,25,NULL,'2010-09-14 13:57:49','ajit kumar',NULL,'ajit kumar',1),(8,'2010-09-15 00:00:00',10,'WALK',NULL,NULL,'PRIMARY','CARDIOLOGISTS',1,'0900','0920',NULL,NULL,NULL,NULL,'CAPTURED','2010-10-05 14:15:30','',NULL,26,NULL,'2010-09-15 15:01:13','ajit kumar',NULL,'Alok Ranjan',1),(14,'2010-09-15 00:00:00',5,'WALK',NULL,NULL,'PRIMARY','CARDIOLOGISTS',1,'0940','1000',NULL,NULL,NULL,NULL,'CAPTURED','2010-09-15 16:28:40','Testing',NULL,26,NULL,'2010-09-15 15:37:19','ajit kumar',NULL,'ajit kumar',1),(18,'2010-09-15 00:00:00',5,'WALK',NULL,NULL,'PRIMARY','CARDIOLOGISTS',1,'1020','1040',NULL,NULL,NULL,NULL,'CAPTURED','2010-09-15 17:02:00','Testing',NULL,26,NULL,'2010-09-15 16:56:48','ajit kumar',NULL,'ajit kumar',1),(22,'2010-09-24 00:00:00',5,'WALK',NULL,NULL,'PRIMARY','CARDIOLOGISTS',1,'0000','0020',NULL,NULL,NULL,NULL,'CAPTURED','2010-10-05 14:26:15','',NULL,27,NULL,'2010-09-24 18:33:52','Bhavesh ',NULL,'Alok Ranjan',1),(26,'2010-09-25 00:00:00',4,'WALK',NULL,NULL,'PRIMARY','CARDIOLOGISTS',1,'0000','0020',NULL,NULL,NULL,NULL,'CAPTURED','2010-10-05 14:29:30',' ',NULL,28,NULL,'2010-09-24 19:03:42','ajit kumar',NULL,'Alok Ranjan',3),(27,'2010-10-05 00:00:00',10,'WALK',NULL,NULL,'PRIMARY','CARDIOLOGISTS',1,'0900','0920','Testing',NULL,NULL,NULL,'CONFIRMED',NULL,'Testing',NULL,142,NULL,'2010-10-05 15:26:56','ajit kumar',NULL,NULL,0),(28,'2010-10-05 00:00:00',5,'WALK',NULL,NULL,'PRIMARY','CARDIOLOGISTS',1,'0920','0940','Test',NULL,NULL,NULL,'CONFIRMED',NULL,'Test',NULL,142,NULL,'2010-10-05 15:23:45','Alok Ranjan',NULL,NULL,0),(29,'2010-10-07 00:00:00',1,'WALK',NULL,NULL,'PRIMARY','NEUROLOGISTS',2,'0200','0220',NULL,18,200,NULL,'CAPTURED','2010-10-07 15:52:47','dsfsdf',NULL,144,NULL,'2010-10-07 12:40:46','Alok Ranjan',NULL,'Alok Ranjan',1),(36,'2010-10-07 00:00:00',9,'WALK','','','PRIMARY','CARDIOLOGISTS',1,'0000','0600',NULL,NULL,NULL,NULL,'CAPTURED','2010-12-01 17:58:35','Test',NULL,145,NULL,'2010-10-07 16:14:27','ajit kumar',NULL,'Bhavesh ',2),(37,'2010-10-13 00:00:00',71,'WALK',NULL,NULL,'PRIMARY','NEUROLOGISTS',2,'1920','1940',NULL,NULL,NULL,NULL,'CAPTURED','2010-10-14 20:34:04','no',NULL,53,NULL,'2010-10-13 19:34:58','Alok Ranjan',NULL,'Alok Ranjan',3),(38,'2010-10-18 00:00:00',73,'WALK',NULL,NULL,'PRIMARY','NEUROLOGISTS',2,'1920','1940',NULL,19,200,NULL,'CAPTURED','2010-10-18 09:57:06','no',NULL,58,NULL,'2010-10-18 09:49:16','Alok Ranjan',NULL,'Alok Ranjan',3),(39,'2010-10-19 00:00:00',74,'WALK',NULL,NULL,'PRIMARY','NEUROLOGISTS',2,'1920','1940',NULL,20,200,NULL,'CAPTURED','2010-10-19 15:12:38','no',NULL,59,NULL,'2010-10-19 13:08:40','Alok Ranjan',NULL,'Alok Ranjan',2),(40,'2010-10-20 00:00:00',74,'WALK',NULL,NULL,'PRIMARY','NEUROLOGISTS',2,'1920','1940',NULL,NULL,NULL,NULL,'CAPTURED','2010-10-20 20:29:30','no',NULL,60,NULL,'2010-10-20 20:28:52','Alok Ranjan',NULL,'Alok Ranjan',2),(41,'2010-10-21 00:00:00',1,'WALK','','','FOLLOW-UP','NEUROLOGISTS',2,'2000','2100',NULL,NULL,NULL,29,'CAPTURED','2010-10-21 15:46:13','Take rest',NULL,61,NULL,'2010-10-21 15:45:20','Bhavesh ',NULL,'Bhavesh ',1),(42,'2010-10-21 00:00:00',6,'PHONE','767868678',NULL,'PRIMARY','CARDIOLOGISTS',1,'1400','1420','gffhfgh',NULL,NULL,NULL,'CONFIRMED',NULL,'gffhfgh',NULL,150,NULL,'2010-10-21 19:44:01','Bhavesh ',NULL,NULL,0),(43,'2010-10-22 00:00:00',78,'WALK','','','PRIMARY','NEUROLOGISTS',2,'0520','0540',NULL,14,200,NULL,'CAPTURED','2010-10-22 10:14:31','no',NULL,155,NULL,'2010-10-22 10:06:23','Bhavesh ',NULL,'Bhavesh ',3),(44,'2010-10-22 00:00:00',78,'WALK',NULL,NULL,'PRIMARY','NEUROLOGISTS',8,'1020','1040','no',NULL,NULL,NULL,'CONFIRMED',NULL,'no',NULL,429,NULL,'2010-10-22 12:00:20','Bhavesh ',NULL,NULL,0),(45,'2010-10-22 00:00:00',78,'WALK',NULL,NULL,'FOLLOW-UP','NEUROLOGISTS',2,'2000','2020','no',NULL,NULL,43,'CONFIRMED',NULL,'no',NULL,62,NULL,'2010-10-22 12:02:26','Bhavesh ',NULL,NULL,0),(46,'2010-10-22 00:00:00',79,'WALK','','','PRIMARY','NEUROLOGISTS',8,'1500','1520',NULL,6,200,NULL,'CAPTURED','2010-10-22 14:51:49','nothing',NULL,429,NULL,'2010-10-22 14:49:45','Bhavesh ',NULL,'Bhavesh ',2),(47,'2010-10-29 00:00:00',73,'WALK',NULL,NULL,'FOLLOW-UP','NEUROLOGISTS',2,'2000','2020','dfgdfg',NULL,NULL,38,'CONFIRMED',NULL,'dfgdfg',NULL,69,NULL,'2010-10-22 15:53:33','Bhavesh ',NULL,NULL,0),(48,'2010-10-22 00:00:00',80,'WALK','','','PRIMARY','NEUROLOGISTS',8,'1400','1420',NULL,NULL,NULL,NULL,'CAPTURED','2010-10-22 17:50:44','Take rest properly',NULL,157,NULL,'2010-10-22 17:44:01','Bhavesh ',NULL,'Bhavesh ',1),(49,'2010-10-22 00:00:00',80,'WALK','','','FOLLOW-UP','NEUROLOGISTS',8,'1000','1020',NULL,NULL,NULL,48,'CAPTURED','2010-10-22 18:31:03','take rest',NULL,157,NULL,'2010-10-22 18:23:27','Bhavesh ',NULL,'Bhavesh ',1),(50,'2010-10-27 00:00:00',90,'WALK','','','PRIMARY','NEUROLOGISTS',8,'1220','1440',NULL,NULL,NULL,NULL,'CAPTURED','2010-10-27 12:24:25','no',NULL,162,NULL,'2010-10-27 12:23:57','Alok Ranjan',NULL,'Alok Ranjan',1),(51,'2010-11-01 00:00:00',91,'WALK','','','PRIMARY','NEUROLOGISTS',8,'1420','1440',NULL,19,200,NULL,'CAPTURED','2010-11-01 12:57:28','no',NULL,167,NULL,'2010-11-01 11:55:05','Alok Ranjan',NULL,'Alok Ranjan',1),(52,'2010-11-01 00:00:00',92,'WALK','','','PRIMARY','NEUROLOGISTS',2,'1900','1920',NULL,19,200,NULL,'CAPTURED','2010-11-01 12:58:20','no',NULL,72,NULL,'2010-11-01 12:00:31','Alok Ranjan',NULL,'Alok Ranjan',1),(53,'2010-11-01 00:00:00',91,'WALK','','','PRIMARY','NEUROLOGISTS',2,'2020','2040',NULL,NULL,NULL,NULL,'CAPTURED','2010-11-01 13:01:40','NO',NULL,72,NULL,'2010-11-01 13:00:20','Alok Ranjan',NULL,'Alok Ranjan',1),(54,'2010-11-01 00:00:00',92,'WALK','','','PRIMARY','NEUROLOGISTS',8,'1300','1340',NULL,8,200,NULL,'CAPTURED','2010-11-01 13:09:57','NO',NULL,167,NULL,'2010-11-01 13:04:19','Alok Ranjan',NULL,'Alok Ranjan',1),(55,'2010-11-01 00:00:00',90,'WALK','','','PRIMARY','NEUROLOGISTS',2,'1920','2000',NULL,20,200,NULL,'CAPTURED','2010-11-01 13:16:57','NO',NULL,72,NULL,'2010-11-01 13:16:23','Alok Ranjan',NULL,'Alok Ranjan',1),(56,'2010-11-01 00:00:00',91,'WALK','','','FOLLOW-UP','NEUROLOGISTS',8,'1140','1200',NULL,1,200,51,'CAPTURED','2010-11-01 13:26:55','NO',NULL,167,NULL,'2010-11-01 13:24:39','Alok Ranjan',NULL,'Alok Ranjan',1),(57,'2010-11-01 00:00:00',80,'WALK','','','FOLLOW-UP','NEUROLOGISTS',8,'1340','1400',NULL,19,200,48,'CAPTURED','2010-11-01 14:32:15','no remarks\n',NULL,167,NULL,'2010-11-01 14:31:48','Alok Ranjan',NULL,'Alok Ranjan',1),(58,'2010-11-01 00:00:00',71,'WALK','','','FOLLOW-UP','NEUROLOGISTS',2,'2000','2020',NULL,18,200,37,'CAPTURED','2010-11-01 14:36:11','ro',NULL,72,NULL,'2010-11-01 14:35:48','Alok Ranjan',NULL,'Alok Ranjan',1),(59,'2010-11-01 00:00:00',70,'WALK','','','PRIMARY','NEUROLOGISTS',2,'2040','2100',NULL,14,200,NULL,'CAPTURED','2010-11-01 14:51:13','no',NULL,72,NULL,'2010-11-01 14:48:05','Alok Ranjan',NULL,'Alok Ranjan',1),(60,'2010-11-01 00:00:00',93,'WALK','','','PRIMARY','NEUROLOGISTS',8,'1000','1020',NULL,5,200,NULL,'CAPTURED','2010-11-01 17:58:33','no',NULL,167,NULL,'2010-11-01 15:03:01','Alok Ranjan',NULL,'Alok Ranjan',1),(61,'2010-11-01 00:00:00',93,'WALK',NULL,NULL,'PRIMARY','NEUROLOGISTS',8,'1320','1340','no',8,200,NULL,'CONFIRMED',NULL,'no',NULL,167,NULL,'2010-11-01 17:28:47','Alok Ranjan',NULL,NULL,0),(62,'2010-11-01 00:00:00',95,'WALK','','','PRIMARY','NEUROLOGISTS',8,'1440','1500',NULL,18,NULL,NULL,'CAPTURED','2010-11-01 18:37:52','no',NULL,167,NULL,'2010-11-01 18:37:32','Alok Ranjan',NULL,'Alok Ranjan',1),(63,'2010-11-03 00:00:00',54,'WALK',NULL,NULL,'PRIMARY','NEUROLOGISTS',2,'2000','2020','bvhghghg',NULL,500,NULL,'CONFIRMED',NULL,'bvhghghg',NULL,74,NULL,'2010-11-01 18:44:41','Alok Ranjan',NULL,NULL,0),(64,'2010-11-03 00:00:00',97,'WALK',NULL,NULL,'PRIMARY','NEUROLOGISTS',2,'1900','1920','Testing',NULL,500,NULL,'CONFIRMED',NULL,'Testing',NULL,74,NULL,'2010-11-03 17:33:34','Manish ',NULL,NULL,0),(65,'2010-11-08 00:00:00',79,'WALK',NULL,NULL,'PRIMARY','NEUROLOGISTS',8,'1040','1100','testing',19,200,NULL,'CONFIRMED',NULL,'testing',NULL,174,NULL,'2010-11-08 14:53:37','Alok Ranjan',NULL,NULL,0),(66,'2010-11-09 00:00:00',102,'WALK','','','PRIMARY','NEUROLOGISTS',2,'1940','2020',NULL,18,NULL,NULL,'CAPTURED','2010-11-09 11:31:58','no',NULL,80,NULL,'2010-11-09 11:28:23','Manish ',NULL,'Manish ',1),(67,'2010-11-09 00:00:00',103,'WALK','','','PRIMARY','NEUROLOGISTS',8,'1140','1200',NULL,17,NULL,NULL,'CAPTURED','2010-11-09 12:10:36','no',NULL,175,NULL,'2010-11-09 12:06:18','Manish ',NULL,'Manish ',3),(68,'2010-11-09 00:00:00',70,'WALK',NULL,NULL,'FOLLOW-UP','NEUROLOGISTS',2,'2040','2100','no',19,250,59,'CONFIRMED',NULL,'no',NULL,80,NULL,'2010-11-09 15:48:38','Manish ',NULL,NULL,0),(69,'2010-11-09 00:00:00',103,'WALK','','','PRIMARY','NEUROLOGISTS',2,'2020','2040',NULL,NULL,NULL,NULL,'CAPTURED','2010-11-09 15:52:02','no',NULL,80,NULL,'2010-11-09 15:51:47','Manish ',NULL,'Manish ',1),(70,'2010-11-09 00:00:00',103,'WALK',NULL,NULL,'FOLLOW-UP','NEUROLOGISTS',2,'1900','1920','haaaaaaaa',19,250,69,'CONFIRMED',NULL,'haaaaaaaa',NULL,80,NULL,'2010-11-09 15:53:46','Manish ',NULL,NULL,0),(71,'2010-11-09 00:00:00',92,'WALK','','','FOLLOW-UP','NEUROLOGISTS',8,'1200','1500',NULL,19,NULL,54,'VISITED',NULL,'no',NULL,175,NULL,'2010-11-09 16:05:21','Manish ',NULL,'Manish ',1),(72,'2010-11-10 00:00:00',104,'WALK','','','PRIMARY','NEUROLOGISTS',2,'1900','1920',NULL,14,NULL,NULL,'CAPTURED','2010-11-10 13:10:27','Testing',NULL,81,NULL,'2010-11-10 12:49:57','ajit kumar',NULL,'ajit kumar',1),(73,'2010-12-01 00:00:00',104,'WALK','','','FOLLOW-UP','NEUROLOGISTS',2,'1900','2000',NULL,NULL,NULL,72,'CAPTURED','2010-11-29 16:12:59','Testing',NULL,102,NULL,'2010-11-29 16:12:35','Manish ',NULL,'Manish ',1);
/*!40000 ALTER TABLE `appointments` ENABLE KEYS */;
UNLOCK TABLES;

--
-- Table structure for table `assigned_package`
--

DROP TABLE IF EXISTS `assigned_package`;
/*!40101 SET @saved_cs_client     = @@character_set_client */;
/*!40101 SET character_set_client = utf8 */;
CREATE TABLE `assigned_package` (
  `PACKAGE_ASGM_ID` int(11) NOT NULL AUTO_INCREMENT,
  `SERVICE_ORDER_NUMBER` int(11) NOT NULL,
  `PACKAGE_ID` varchar(25) CHARACTER SET utf8 COLLATE utf8_unicode_ci NOT NULL,
  `REFERENCE_NUMBER` varchar(25) NOT NULL DEFAULT '0',
  `REFERENCE_TYPE` varchar(30) NOT NULL DEFAULT 'DIRECT',
  `REQUESTED_UNIT` int(11) NOT NULL DEFAULT '1',
  `EFFECTIVE_CHARGE` double NOT NULL,
  `STATUS_CODE` varchar(25) CHARACTER SET utf8 COLLATE utf8_unicode_ci NOT NULL,
  `DOCTOR_ID` int(11) DEFAULT NULL,
  `PATIENT_ID` int(11) DEFAULT NULL,
  `CREATE_DATE` date NOT NULL,
  `CREATED_BY` varchar(45) DEFAULT NULL,
  `MODIFICATION_DTM` datetime DEFAULT NULL,
  `MODIFIED_BY` varchar(45) DEFAULT NULL,
  `BILL_NBR` int(11) DEFAULT NULL,
  `VERSION` int(11) NOT NULL,
  PRIMARY KEY (`PACKAGE_ASGM_ID`),
  KEY `assigned_package_ibfk_2` (`STATUS_CODE`),
  KEY `DOCTOR_ID` (`DOCTOR_ID`),
  KEY `PATIENT_ID` (`PATIENT_ID`),
  KEY `PACKAGE_ID` (`PACKAGE_ID`),
  CONSTRAINT `assigned_package_ibfk_2` FOREIGN KEY (`STATUS_CODE`) REFERENCES `assigned_package_status` (`STATUS_CODE`),
  CONSTRAINT `assigned_package_ibfk_3` FOREIGN KEY (`DOCTOR_ID`) REFERENCES `doctor` (`DOCTOR_ID`),
  CONSTRAINT `assigned_package_ibfk_4` FOREIGN KEY (`PATIENT_ID`) REFERENCES `patient` (`PATIENT_ID`),
  CONSTRAINT `assigned_package_ibfk_5` FOREIGN KEY (`PACKAGE_ID`) REFERENCES `service_package` (`PACKAGE_ID`)
) ENGINE=InnoDB AUTO_INCREMENT=6 DEFAULT CHARSET=utf8;
/*!40101 SET character_set_client = @saved_cs_client */;

--
-- Dumping data for table `assigned_package`
--

LOCK TABLES `assigned_package` WRITE;
/*!40000 ALTER TABLE `assigned_package` DISABLE KEYS */;
INSERT INTO `assigned_package` VALUES (1,54,'Pack1','63','PAT',1,1200,'REQUESTED',NULL,63,'2010-10-01',NULL,'2010-10-01 09:34:25','Billing Process',1000609,1),(2,90,'Pack1','37','OPD',1,1200,'REQUESTED',2,71,'2010-10-14',NULL,NULL,NULL,NULL,0),(3,96,'Pack1','73','PAT',1,1200,'REQUESTED',NULL,73,'2010-10-20',NULL,NULL,NULL,NULL,0),(4,99,'Pack1','40','OPD',1,1200,'REQUESTED',NULL,74,'2010-10-21',NULL,'2010-10-21 21:15:03','Billing Process',1000762,1),(5,113,'Pack1','43','OPD',1,1200,'REQUESTED',2,78,'2010-10-22',NULL,'2010-10-22 11:11:07','Billing Process',1000771,1);
/*!40000 ALTER TABLE `assigned_package` ENABLE KEYS */;
UNLOCK TABLES;

--
-- Table structure for table `assigned_package_status`
--

DROP TABLE IF EXISTS `assigned_package_status`;
/*!40101 SET @saved_cs_client     = @@character_set_client */;
/*!40101 SET character_set_client = utf8 */;
CREATE TABLE `assigned_package_status` (
  `STATUS_CODE` varchar(25) COLLATE utf8_unicode_ci NOT NULL,
  `DESCRIPTION` varchar(45) COLLATE utf8_unicode_ci DEFAULT NULL,
  PRIMARY KEY (`STATUS_CODE`)
) ENGINE=InnoDB DEFAULT CHARSET=utf8 COLLATE=utf8_unicode_ci;
/*!40101 SET character_set_client = @saved_cs_client */;

--
-- Dumping data for table `assigned_package_status`
--

LOCK TABLES `assigned_package_status` WRITE;
/*!40000 ALTER TABLE `assigned_package_status` DISABLE KEYS */;
INSERT INTO `assigned_package_status` VALUES ('CANCELED','Canceled'),('DELETED','Deleted'),('RENDERED','Rendered'),('REQUESTED','Requested');
/*!40000 ALTER TABLE `assigned_package_status` ENABLE KEYS */;
UNLOCK TABLES;

--
-- Table structure for table `assigned_service_history`
--

DROP TABLE IF EXISTS `assigned_service_history`;
/*!40101 SET @saved_cs_client     = @@character_set_client */;
/*!40101 SET character_set_client = utf8 */;
CREATE TABLE `assigned_service_history` (
  `SERVICE_UID` int(11) NOT NULL,
  `CHANGE_STATUS_CODE` varchar(25) COLLATE utf8_unicode_ci NOT NULL DEFAULT '',
  `CREATED_DTM` datetime NOT NULL DEFAULT '0000-00-00 00:00:00',
  `CREATED_BY` varchar(45) COLLATE utf8_unicode_ci DEFAULT NULL,
  `VERSION` int(11) NOT NULL,
  PRIMARY KEY (`SERVICE_UID`,`CHANGE_STATUS_CODE`,`CREATED_DTM`),
  KEY `Service_History_Service_UID_FK` (`SERVICE_UID`),
  KEY `Service_History_Change_Status_Code_FK` (`CHANGE_STATUS_CODE`),
  CONSTRAINT `assigned_service_history_ibfk_1` FOREIGN KEY (`SERVICE_UID`) REFERENCES `assigned_services` (`SERVICE_UID`),
  CONSTRAINT `assigned_service_history_ibfk_2` FOREIGN KEY (`CHANGE_STATUS_CODE`) REFERENCES `assigned_service_status` (`SERVICE_STATUS_CODE`)
) ENGINE=InnoDB DEFAULT CHARSET=utf8 COLLATE=utf8_unicode_ci;
/*!40101 SET character_set_client = @saved_cs_client */;

--
-- Dumping data for table `assigned_service_history`
--

LOCK TABLES `assigned_service_history` WRITE;
/*!40000 ALTER TABLE `assigned_service_history` DISABLE KEYS */;
INSERT INTO `assigned_service_history` VALUES (1,'REQUESTED','2010-08-26 11:09:13','Bhavesh ',0),(2,'REQUESTED','2010-09-02 14:00:31','ajit kumar',0),(3,'RENDERED','2010-10-19 18:27:55','Alok Ranjan',0),(3,'REQUESTED','2010-09-02 14:19:03','ajit kumar',0),(4,'REQUESTED','2010-09-02 14:34:13','ajit kumar',0),(5,'CANCELED','2010-09-15 15:47:33','Bhavesh ',0),(5,'REQUESTED','2010-09-02 16:54:30','ajit kumar',0),(6,'REQUESTED','2010-09-09 10:15:19','ajit kumar',0),(7,'CANCELED','2010-09-15 15:58:23','Bhavesh ',0),(7,'REQUESTED','2010-09-13 17:28:00','Bhavesh ',0),(8,'REQUESTED','2010-09-13 17:30:46','Bhavesh ',0),(9,'RENDERED','2010-10-21 17:25:54','Bhavesh ',0),(9,'REQUESTED','2010-09-13 17:30:46','Bhavesh ',0),(10,'REQUESTED','2010-09-13 17:42:20','Bhavesh ',0),(11,'CANCELED','2010-09-14 10:37:43','Bhavesh ',0),(11,'REQUESTED','2010-09-13 17:45:55','Bhavesh ',0),(12,'REQUESTED','2010-09-13 17:45:55','Bhavesh ',0),(15,'RENDERED','2010-09-14 09:45:22','ajit kumar',0),(15,'REQUESTED','2010-09-14 09:45:22','ajit kumar',0),(16,'RENDERED','2010-09-14 10:30:46','ajit kumar',0),(16,'REQUESTED','2010-09-14 10:30:46','ajit kumar',0),(17,'RENDERED','2010-09-14 10:34:22','ajit kumar',0),(17,'REQUESTED','2010-09-14 10:34:22','ajit kumar',0),(18,'RENDERED','2010-09-14 10:37:15','ajit kumar',0),(18,'REQUESTED','2010-09-14 10:37:15','ajit kumar',0),(19,'REQUESTED','2010-09-14 10:58:31','Bhavesh ',0),(20,'RENDERED','2010-09-14 11:01:12','ajit kumar',0),(20,'REQUESTED','2010-09-14 11:01:12','ajit kumar',0),(21,'RENDERED','2010-09-14 12:14:47','ajit kumar',0),(21,'REQUESTED','2010-09-14 12:13:55','ajit kumar',0),(22,'REQUESTED','2010-09-14 13:43:54','ajit kumar',0),(23,'REQUESTED','2010-09-14 13:57:49','ajit kumar',0),(24,'CANCELED','2010-09-15 09:37:10','Bhavesh ',0),(24,'REQUESTED','2010-09-14 14:45:11','Bhavesh ',0),(25,'CANCELED','2010-09-15 09:44:20','ajit kumar',0),(25,'REQUESTED','2010-09-14 14:45:11','Bhavesh ',0),(26,'CANCELED','2010-09-15 15:13:49','Bhavesh ',0),(26,'REQUESTED','2010-09-14 17:52:09','Bhavesh ',0),(27,'CANCELED','2010-09-15 15:10:53','Bhavesh ',0),(27,'REQUESTED','2010-09-14 17:52:09','Bhavesh ',0),(28,'CANCELED','2010-09-15 15:25:45','Bhavesh ',0),(28,'REQUESTED','2010-09-15 09:56:21','ajit kumar',0),(29,'CANCELED','2010-09-15 14:45:16','Bhavesh ',0),(29,'REQUESTED','2010-09-15 13:55:47','ajit kumar',0),(30,'REQUESTED','2010-09-15 15:01:14','ajit kumar',0),(36,'REQUESTED','2010-09-15 15:37:22','ajit kumar',0),(40,'REQUESTED','2010-09-15 17:00:13','ajit kumar',0),(41,'CANCELED','2011-06-23 15:49:26','Bhavesh ',0),(41,'REQUESTED','2010-09-16 12:08:29','ajit kumar',0),(45,'REQUESTED','2010-09-24 18:33:57','Bhavesh ',0),(49,'RENDERED','2010-09-24 19:03:46','ajit kumar',0),(49,'REQUESTED','2010-09-24 19:03:46','ajit kumar',0),(50,'REQUESTED','2010-09-30 16:19:36','Bhavesh ',0),(51,'REQUESTED','2010-09-30 17:05:10','Bhavesh ',0),(52,'REQUESTED','2010-09-30 17:05:12','Bhavesh ',0),(53,'RENDERED','2010-09-30 18:11:47','Bhavesh ',0),(53,'REQUESTED','2010-09-30 18:11:47','Bhavesh ',0),(54,'REQUESTED','2010-09-30 19:00:21','ajit kumar',0),(55,'RENDERED','2010-09-30 19:01:17','ajit kumar',0),(55,'REQUESTED','2010-09-30 19:01:17','ajit kumar',0),(56,'REQUESTED','2010-10-01 09:19:44','Bhavesh ',0),(57,'REQUESTED','2010-10-01 09:20:50','Bhavesh ',0),(58,'REQUESTED','2010-10-01 09:20:50','Bhavesh ',0),(59,'REQUESTED','2010-10-01 09:22:28','Bhavesh ',0),(61,'RENDERED','2010-10-01 11:50:21','Bhavesh ',0),(61,'REQUESTED','2010-10-01 09:34:24','Bhavesh ',0),(62,'REQUESTED','2010-10-01 09:36:02','Bhavesh ',0),(63,'REQUESTED','2010-10-01 11:14:41','Bhavesh ',0),(64,'RENDERED','2010-10-01 12:08:39','ajit kumar',0),(64,'REQUESTED','2010-10-01 12:08:39','ajit kumar',0),(65,'REQUESTED','2010-10-01 12:56:19','Bhavesh ',0),(66,'REQUESTED','2010-10-01 13:02:24','Bhavesh ',0),(67,'RENDERED','2010-10-01 18:43:03','ajit kumar',0),(67,'REQUESTED','2010-10-01 18:43:03','ajit kumar',0),(68,'REQUESTED','2010-10-05 11:07:55','ajit kumar',0),(69,'REQUESTED','2010-10-05 11:07:55','ajit kumar',0),(70,'REQUESTED','2010-10-05 14:27:28','Alok Ranjan',0),(71,'REQUESTED','2010-10-05 14:34:39','Alok Ranjan',0),(72,'REQUESTED','2010-10-05 14:34:39','Alok Ranjan',0),(73,'RENDERED','2010-10-05 15:26:56','ajit kumar',0),(73,'REQUESTED','2010-10-05 15:26:56','ajit kumar',0),(74,'REQUESTED','2010-10-05 15:23:45','Alok Ranjan',0),(75,'REQUESTED','2010-10-06 21:45:22','ajit kumar',0),(76,'REQUESTED','2010-10-06 21:55:42','ajit kumar',0),(77,'REQUESTED','2010-10-06 21:59:09','ajit kumar',0),(78,'REQUESTED','2010-10-06 23:54:06','ajit kumar',0),(79,'RENDERED','2010-10-07 12:40:46','Alok Ranjan',0),(79,'REQUESTED','2010-10-07 12:40:46','Alok Ranjan',0),(92,'RENDERED','2010-10-07 16:14:27','ajit kumar',0),(92,'REQUESTED','2010-10-07 16:14:27','ajit kumar',0),(93,'RENDERED','2010-10-13 17:09:13','Alok Ranjan',0),(93,'REQUESTED','2010-10-13 17:09:13','Alok Ranjan',0),(94,'RENDERED','2010-10-21 17:34:07','Bhavesh ',0),(94,'REQUESTED','2010-10-13 17:26:14','Alok Ranjan',0),(95,'RENDERED','2010-10-21 17:34:10','Bhavesh ',0),(95,'REQUESTED','2010-10-13 17:26:14','Alok Ranjan',0),(96,'RENDERED','2010-10-21 17:34:13','Bhavesh ',0),(96,'REQUESTED','2010-10-13 18:18:17','Alok Ranjan',0),(97,'RENDERED','2010-10-21 17:34:18','Bhavesh ',0),(97,'REQUESTED','2010-10-13 18:18:17','Alok Ranjan',0),(98,'RENDERED','2010-10-13 19:32:03','Alok Ranjan',0),(98,'REQUESTED','2010-10-13 19:32:03','Alok Ranjan',0),(99,'RENDERED','2010-10-13 19:34:58','Alok Ranjan',0),(99,'REQUESTED','2010-10-13 19:34:58','Alok Ranjan',0),(100,'RENDERED','2010-10-14 10:26:04','Alok Ranjan',0),(100,'REQUESTED','2010-10-14 10:26:04','Alok Ranjan',0),(102,'REQUESTED','2010-10-14 20:36:33','Alok Ranjan',0),(103,'CANCELED','2010-10-20 15:19:54','Alok Ranjan',0),(103,'REQUESTED','2010-10-14 20:36:33','Alok Ranjan',0),(104,'REQUESTED','2010-10-14 20:36:33','Alok Ranjan',0),(105,'REQUESTED','2010-10-14 20:36:33','Alok Ranjan',0),(106,'REQUESTED','2010-10-14 20:36:33','Alok Ranjan',0),(107,'RENDERED','2010-10-18 09:45:17','Alok Ranjan',0),(107,'REQUESTED','2010-10-18 09:45:17','Alok Ranjan',0),(108,'RENDERED','2010-10-18 09:49:16','Alok Ranjan',0),(108,'REQUESTED','2010-10-18 09:49:16','Alok Ranjan',0),(109,'RENDERED','2010-10-20 14:58:40','Alok Ranjan',0),(109,'REQUESTED','2010-10-18 09:58:47','Alok Ranjan',0),(110,'RENDERED','2010-10-20 14:58:45','Alok Ranjan',0),(110,'REQUESTED','2010-10-18 09:58:47','Alok Ranjan',0),(111,'RENDERED','2010-10-20 14:58:48','Alok Ranjan',0),(111,'REQUESTED','2010-10-18 09:58:47','Alok Ranjan',0),(112,'RENDERED','2010-10-19 11:04:19','Alok Ranjan',0),(112,'REQUESTED','2010-10-19 11:04:19','Alok Ranjan',0),(113,'RENDERED','2010-10-19 13:08:40','Alok Ranjan',0),(113,'REQUESTED','2010-10-19 13:08:40','Alok Ranjan',0),(115,'RENDERED','2010-10-21 17:21:38','Bhavesh ',0),(115,'REQUESTED','2010-10-20 19:15:18','Alok Ranjan',0),(116,'RENDERED','2010-10-21 17:21:34','Bhavesh ',0),(116,'REQUESTED','2010-10-20 19:15:18','Alok Ranjan',0),(117,'RENDERED','2010-10-21 17:31:34','Bhavesh ',0),(117,'REQUESTED','2010-10-20 19:15:18','Alok Ranjan',0),(118,'RENDERED','2010-10-21 17:31:27','Bhavesh ',0),(118,'REQUESTED','2010-10-20 19:20:26','Alok Ranjan',0),(119,'RENDERED','2010-10-21 17:31:25','Bhavesh ',0),(119,'REQUESTED','2010-10-20 19:20:26','Alok Ranjan',0),(120,'RENDERED','2010-10-21 17:31:18','Bhavesh ',0),(120,'REQUESTED','2010-10-20 19:24:48','Alok Ranjan',0),(121,'RENDERED','2010-10-21 17:31:16','Bhavesh ',0),(121,'REQUESTED','2010-10-20 19:24:48','Alok Ranjan',0),(122,'RENDERED','2010-10-20 20:28:52','Alok Ranjan',0),(122,'REQUESTED','2010-10-20 20:28:52','Alok Ranjan',0),(123,'RENDERED','2010-10-21 17:20:39','Bhavesh ',0),(123,'REQUESTED','2010-10-20 20:53:22','Alok Ranjan',0),(124,'RENDERED','2010-10-21 17:20:41','Bhavesh ',0),(124,'REQUESTED','2010-10-20 20:53:22','Alok Ranjan',0),(125,'RENDERED','2010-10-21 17:20:43','Bhavesh ',0),(125,'REQUESTED','2010-10-20 20:53:22','Alok Ranjan',0),(126,'RENDERED','2010-10-21 15:45:20','Bhavesh ',0),(126,'REQUESTED','2010-10-21 15:45:20','Bhavesh ',0),(127,'RENDERED','2010-10-21 17:20:09','Bhavesh ',0),(127,'REQUESTED','2010-10-21 16:06:53','Bhavesh ',0),(128,'RENDERED','2010-10-21 17:20:03','Bhavesh ',0),(128,'REQUESTED','2010-10-21 16:11:13','Bhavesh ',0),(129,'RENDERED','2010-10-21 17:19:24','Bhavesh ',0),(129,'REQUESTED','2010-10-21 17:14:32','Bhavesh ',0),(130,'REQUESTED','2010-10-21 17:15:28','Bhavesh ',0),(131,'RENDERED','2010-10-21 17:27:07','Bhavesh ',0),(131,'REQUESTED','2010-10-21 17:26:31','Bhavesh ',0),(132,'REQUESTED','2010-10-21 17:46:31','Bhavesh ',0),(134,'REQUESTED','2010-10-21 19:38:42','Bhavesh ',0),(135,'RENDERED','2010-10-21 19:44:01','Bhavesh ',0),(135,'REQUESTED','2010-10-21 19:44:01','Bhavesh ',0),(136,'REQUESTED','2010-10-21 20:42:13','Alok Ranjan',0),(137,'RENDERED','2010-10-21 20:54:50','Bhavesh ',0),(137,'REQUESTED','2010-10-21 20:54:50','Bhavesh ',0),(139,'RENDERED','2010-10-22 09:02:54','Alok Ranjan',0),(139,'REQUESTED','2010-10-22 09:02:54','Alok Ranjan',0),(140,'RENDERED','2010-10-22 10:03:14','Bhavesh ',0),(140,'REQUESTED','2010-10-22 10:03:14','Bhavesh ',0),(141,'RENDERED','2010-10-22 10:06:23','Bhavesh ',0),(141,'REQUESTED','2010-10-22 10:06:23','Bhavesh ',0),(142,'RENDERED','2010-10-22 11:12:31','Bhavesh ',0),(143,'RENDERED','2010-10-22 11:13:14','Bhavesh ',0),(143,'REQUESTED','2010-10-22 10:19:13','Bhavesh ',0),(144,'RENDERED','2010-10-22 11:13:10','Bhavesh ',0),(144,'REQUESTED','2010-10-22 10:19:13','Bhavesh ',0),(145,'RENDERED','2010-10-22 11:12:55','Bhavesh ',0),(145,'REQUESTED','2010-10-22 10:19:13','Bhavesh ',0),(146,'RENDERED','2010-10-22 11:12:48','Bhavesh ',0),(146,'REQUESTED','2010-10-22 10:19:13','Bhavesh ',0),(147,'REQUESTED','2010-10-22 10:48:41','Bhavesh ',0),(148,'REQUESTED','2010-10-22 10:51:19','Bhavesh ',0),(149,'REQUESTED','2010-10-22 10:58:12','Bhavesh ',0),(150,'RENDERED','2010-10-22 12:00:20','Bhavesh ',0),(150,'REQUESTED','2010-10-22 12:00:20','Bhavesh ',0),(151,'RENDERED','2010-10-22 12:02:26','Bhavesh ',0),(151,'REQUESTED','2010-10-22 12:02:26','Bhavesh ',0),(152,'RENDERED','2010-10-22 14:47:33','Bhavesh ',0),(152,'REQUESTED','2010-10-22 14:47:33','Bhavesh ',0),(153,'RENDERED','2010-10-22 14:49:45','Bhavesh ',0),(153,'REQUESTED','2010-10-22 14:49:45','Bhavesh ',0),(154,'RENDERED','2010-10-22 16:18:53','Bhavesh ',0),(154,'REQUESTED','2010-10-22 15:01:45','Bhavesh ',0),(155,'RENDERED','2010-10-22 16:18:55','Bhavesh ',0),(155,'REQUESTED','2010-10-22 15:01:45','Bhavesh ',0),(156,'RENDERED','2010-10-22 16:18:58','Bhavesh ',0),(156,'REQUESTED','2010-10-22 15:01:45','Bhavesh ',0),(157,'RENDERED','2010-10-22 16:19:01','Bhavesh ',0),(157,'REQUESTED','2010-10-22 15:01:45','Bhavesh ',0),(158,'RENDERED','2010-10-22 16:19:03','Bhavesh ',0),(158,'REQUESTED','2010-10-22 15:01:45','Bhavesh ',0),(159,'RENDERED','2010-10-22 15:53:33','Bhavesh ',0),(159,'REQUESTED','2010-10-22 15:53:33','Bhavesh ',0),(160,'RENDERED','2010-10-22 17:33:44','Bhavesh ',0),(160,'REQUESTED','2010-10-22 17:33:44','Bhavesh ',0),(161,'RENDERED','2010-10-22 17:44:01','Bhavesh ',0),(161,'REQUESTED','2010-10-22 17:44:01','Bhavesh ',0),(162,'REQUESTED','2010-10-22 17:54:21','Bhavesh ',0),(163,'RENDERED','2010-10-22 18:23:27','Bhavesh ',0),(163,'REQUESTED','2010-10-22 18:23:27','Bhavesh ',0),(164,'REQUESTED','2010-10-22 18:32:45','Bhavesh ',0),(165,'RENDERED','2010-10-22 19:28:20','Bhavesh ',0),(165,'REQUESTED','2010-10-22 19:28:20','Bhavesh ',0),(166,'RENDERED','2010-10-22 19:44:44','Bhavesh ',0),(166,'REQUESTED','2010-10-22 19:44:44','Bhavesh ',0),(167,'REQUESTED','2010-10-22 19:52:36','Bhavesh ',0),(168,'RENDERED','2010-10-22 21:07:16','Bhavesh ',0),(168,'REQUESTED','2010-10-22 21:07:16','Bhavesh ',0),(169,'RENDERED','2010-10-25 18:07:28','Alok Ranjan',0),(169,'REQUESTED','2010-10-25 18:07:28','Alok Ranjan',0),(170,'RENDERED','2010-10-25 18:08:55','Alok Ranjan',0),(170,'REQUESTED','2010-10-25 18:08:55','Alok Ranjan',0),(171,'RENDERED','2010-10-25 18:24:16','Alok Ranjan',0),(171,'REQUESTED','2010-10-25 18:24:16','Alok Ranjan',0),(172,'RENDERED','2010-10-25 18:28:37','Alok Ranjan',0),(172,'REQUESTED','2010-10-25 18:28:37','Alok Ranjan',0),(173,'RENDERED','2010-10-25 18:31:39','Alok Ranjan',0),(173,'REQUESTED','2010-10-25 18:31:39','Alok Ranjan',0),(174,'RENDERED','2010-10-26 11:48:18','Alok Ranjan',0),(174,'REQUESTED','2010-10-26 11:48:18','Alok Ranjan',0),(175,'RENDERED','2010-10-27 12:22:42','Alok Ranjan',0),(175,'REQUESTED','2010-10-27 12:22:42','Alok Ranjan',0),(176,'RENDERED','2010-10-27 12:23:57','Alok Ranjan',0),(176,'REQUESTED','2010-10-27 12:23:57','Alok Ranjan',0),(177,'REQUESTED','2010-10-27 12:25:20','Alok Ranjan',0),(178,'REQUESTED','2010-10-27 12:25:20','Alok Ranjan',0),(179,'REQUESTED','2010-10-27 17:26:00','Alok Ranjan',0),(180,'REQUESTED','2010-10-27 17:28:35','Alok Ranjan',0),(181,'REQUESTED','2010-10-27 17:29:13','Alok Ranjan',0),(182,'REQUESTED','2010-10-27 18:00:52','Alok Ranjan',0),(183,'REQUESTED','2010-10-27 19:05:17','ajit kumar',0),(184,'REQUESTED','2010-10-27 19:01:56','Alok Ranjan',0),(185,'REQUESTED','2010-10-27 19:02:36','Alok Ranjan',0),(186,'REQUESTED','2010-10-27 19:02:36','Alok Ranjan',0),(187,'REQUESTED','2010-10-27 19:03:06','Alok Ranjan',0),(188,'REQUESTED','2010-10-27 19:03:54','Alok Ranjan',0),(189,'REQUESTED','2010-10-27 19:55:48','Alok Ranjan',0),(190,'REQUESTED','2010-10-27 19:55:48','Alok Ranjan',0),(191,'REQUESTED','2010-10-27 19:56:35','Alok Ranjan',0),(192,'REQUESTED','2010-10-27 19:56:35','Alok Ranjan',0),(193,'REQUESTED','2010-10-27 19:59:15','Alok Ranjan',0),(194,'REQUESTED','2010-10-27 19:59:15','Alok Ranjan',0),(195,'REQUESTED','2010-10-27 20:03:08','Alok Ranjan',0),(196,'REQUESTED','2010-10-27 20:03:08','Alok Ranjan',0),(197,'REQUESTED','2010-10-27 20:06:07','Alok Ranjan',0),(198,'REQUESTED','2010-10-27 20:06:07','Alok Ranjan',0),(199,'REQUESTED','2010-10-27 20:06:57','Alok Ranjan',0),(200,'REQUESTED','2010-10-27 20:06:58','Alok Ranjan',0),(201,'REQUESTED','2010-10-27 20:12:02','Alok Ranjan',0),(202,'REQUESTED','2010-10-27 20:12:02','Alok Ranjan',0),(203,'REQUESTED','2010-10-27 20:12:25','Alok Ranjan',0),(204,'REQUESTED','2010-10-27 20:12:25','Alok Ranjan',0),(205,'REQUESTED','2010-10-27 20:48:46','Alok Ranjan',0),(206,'REQUESTED','2010-10-27 20:48:46','Alok Ranjan',0),(207,'REQUESTED','2010-10-27 20:50:40','Alok Ranjan',0),(208,'REQUESTED','2010-10-27 20:50:40','Alok Ranjan',0),(209,'REQUESTED','2010-10-27 21:00:28','Alok Ranjan',0),(210,'REQUESTED','2010-10-27 21:00:28','Alok Ranjan',0),(211,'REQUESTED','2010-10-27 21:05:17','Alok Ranjan',0),(212,'REQUESTED','2010-10-27 21:05:17','Alok Ranjan',0),(213,'REQUESTED','2010-10-27 21:07:21','Alok Ranjan',0),(214,'REQUESTED','2010-10-27 21:07:21','Alok Ranjan',0),(215,'REQUESTED','2010-10-28 10:27:01','Alok Ranjan',0),(216,'REQUESTED','2010-10-28 10:27:01','Alok Ranjan',0),(217,'REQUESTED','2010-10-28 10:31:11','Alok Ranjan',0),(218,'REQUESTED','2010-10-28 10:31:11','Alok Ranjan',0),(219,'REQUESTED','2010-10-28 10:33:51','Alok Ranjan',0),(220,'REQUESTED','2010-10-28 10:33:51','Alok Ranjan',0),(221,'REQUESTED','2010-10-28 10:37:46','Alok Ranjan',0),(222,'REQUESTED','2010-10-28 10:37:46','Alok Ranjan',0),(223,'REQUESTED','2010-10-28 10:40:12','Alok Ranjan',0),(224,'REQUESTED','2010-10-28 10:40:12','Alok Ranjan',0),(225,'REQUESTED','2010-10-28 10:44:11','Alok Ranjan',0),(226,'REQUESTED','2010-10-28 10:44:11','Alok Ranjan',0),(227,'REQUESTED','2010-10-28 10:50:35','Alok Ranjan',0),(228,'REQUESTED','2010-10-28 10:50:35','Alok Ranjan',0),(229,'REQUESTED','2010-10-28 10:55:08','Alok Ranjan',0),(230,'REQUESTED','2010-10-28 10:55:08','Alok Ranjan',0),(231,'REQUESTED','2010-10-28 11:02:29','Alok Ranjan',0),(232,'REQUESTED','2010-10-28 11:02:29','Alok Ranjan',0),(233,'REQUESTED','2010-10-28 11:12:34','Alok Ranjan',0),(234,'REQUESTED','2010-10-28 11:12:34','Alok Ranjan',0),(235,'REQUESTED','2010-10-28 11:12:59','Alok Ranjan',0),(236,'REQUESTED','2010-10-28 11:12:59','Alok Ranjan',0),(237,'REQUESTED','2010-10-28 11:12:59','Alok Ranjan',0),(238,'REQUESTED','2010-10-28 11:14:46','Alok Ranjan',0),(239,'REQUESTED','2010-10-28 11:14:46','Alok Ranjan',0),(240,'REQUESTED','2010-10-28 11:20:20','Alok Ranjan',0),(241,'REQUESTED','2010-10-28 11:20:20','Alok Ranjan',0),(242,'REQUESTED','2010-10-28 11:24:58','Alok Ranjan',0),(243,'REQUESTED','2010-10-28 11:24:58','Alok Ranjan',0),(244,'REQUESTED','2010-10-28 11:28:25','Alok Ranjan',0),(245,'REQUESTED','2010-10-28 11:28:25','Alok Ranjan',0),(246,'REQUESTED','2010-10-28 11:29:59','Alok Ranjan',0),(247,'REQUESTED','2010-10-28 11:29:59','Alok Ranjan',0),(248,'REQUESTED','2010-10-28 11:33:57','Alok Ranjan',0),(249,'REQUESTED','2010-10-28 11:33:57','Alok Ranjan',0),(250,'REQUESTED','2010-10-28 11:39:07','Alok Ranjan',0),(251,'REQUESTED','2010-10-28 11:39:07','Alok Ranjan',0),(252,'REQUESTED','2010-10-28 11:41:10','Alok Ranjan',0),(253,'REQUESTED','2010-10-28 11:41:10','Alok Ranjan',0),(254,'REQUESTED','2010-10-28 11:41:38','Alok Ranjan',0),(255,'REQUESTED','2010-10-28 11:41:38','Alok Ranjan',0),(256,'REQUESTED','2010-10-28 11:44:19','Alok Ranjan',0),(257,'REQUESTED','2010-10-28 11:44:19','Alok Ranjan',0),(258,'REQUESTED','2010-10-28 11:46:35','Alok Ranjan',0),(259,'REQUESTED','2010-10-28 11:46:35','Alok Ranjan',0),(260,'REQUESTED','2010-10-28 11:49:27','Alok Ranjan',0),(261,'REQUESTED','2010-10-28 11:49:27','Alok Ranjan',0),(262,'REQUESTED','2010-10-28 11:49:27','Alok Ranjan',0),(263,'REQUESTED','2010-10-28 11:51:32','Alok Ranjan',0),(264,'REQUESTED','2010-10-28 11:51:32','Alok Ranjan',0),(265,'REQUESTED','2010-10-28 11:54:24','Alok Ranjan',0),(266,'REQUESTED','2010-10-28 11:54:24','Alok Ranjan',0),(267,'REQUESTED','2010-10-28 11:57:22','Alok Ranjan',0),(268,'REQUESTED','2010-10-28 11:57:22','Alok Ranjan',0),(269,'REQUESTED','2010-10-28 11:59:44','Alok Ranjan',0),(270,'REQUESTED','2010-10-28 11:59:44','Alok Ranjan',0),(271,'REQUESTED','2010-10-28 11:59:44','Alok Ranjan',0),(272,'REQUESTED','2010-10-28 12:00:41','Alok Ranjan',0),(273,'REQUESTED','2010-10-28 12:00:41','Alok Ranjan',0),(274,'REQUESTED','2010-10-28 12:00:41','Alok Ranjan',0),(275,'REQUESTED','2010-10-28 12:00:41','Alok Ranjan',0),(276,'REQUESTED','2010-10-28 12:02:49','Alok Ranjan',0),(277,'REQUESTED','2010-10-28 12:02:49','Alok Ranjan',0),(278,'REQUESTED','2010-10-28 12:02:49','Alok Ranjan',0),(279,'REQUESTED','2010-10-28 12:07:05','Alok Ranjan',0),(280,'REQUESTED','2010-10-28 12:07:05','Alok Ranjan',0),(281,'REQUESTED','2010-10-28 12:07:05','Alok Ranjan',0),(282,'REQUESTED','2010-10-28 12:08:58','Alok Ranjan',0),(283,'REQUESTED','2010-10-28 12:08:58','Alok Ranjan',0),(284,'REQUESTED','2010-10-28 12:08:58','Alok Ranjan',0),(285,'REQUESTED','2010-10-28 12:22:04','Alok Ranjan',0),(286,'REQUESTED','2010-10-28 12:22:04','Alok Ranjan',0),(287,'REQUESTED','2010-10-28 12:22:04','Alok Ranjan',0),(288,'REQUESTED','2010-10-28 12:45:29','Alok Ranjan',0),(289,'REQUESTED','2010-10-28 12:45:29','Alok Ranjan',0),(290,'REQUESTED','2010-10-28 12:45:29','Alok Ranjan',0),(291,'REQUESTED','2010-10-28 12:47:37','Alok Ranjan',0),(292,'REQUESTED','2010-10-28 12:47:37','Alok Ranjan',0),(293,'RENDERED','2010-11-01 11:53:49','Alok Ranjan',0),(293,'REQUESTED','2010-11-01 11:53:49','Alok Ranjan',0),(294,'RENDERED','2010-11-01 11:55:05','Alok Ranjan',0),(294,'REQUESTED','2010-11-01 11:55:05','Alok Ranjan',0),(295,'RENDERED','2010-11-01 11:59:43','Alok Ranjan',0),(295,'REQUESTED','2010-11-01 11:59:43','Alok Ranjan',0),(296,'RENDERED','2010-11-01 12:00:31','Alok Ranjan',0),(296,'REQUESTED','2010-11-01 12:00:31','Alok Ranjan',0),(297,'RENDERED','2010-11-01 13:00:20','Alok Ranjan',0),(297,'REQUESTED','2010-11-01 13:00:20','Alok Ranjan',0),(298,'RENDERED','2010-11-01 13:04:19','Alok Ranjan',0),(298,'REQUESTED','2010-11-01 13:04:19','Alok Ranjan',0),(299,'RENDERED','2010-11-01 13:16:23','Alok Ranjan',0),(299,'REQUESTED','2010-11-01 13:16:23','Alok Ranjan',0),(300,'RENDERED','2010-11-01 13:24:39','Alok Ranjan',0),(300,'REQUESTED','2010-11-01 13:24:39','Alok Ranjan',0),(301,'RENDERED','2010-11-01 14:31:48','Alok Ranjan',0),(301,'REQUESTED','2010-11-01 14:31:48','Alok Ranjan',0),(302,'RENDERED','2010-11-01 14:35:48','Alok Ranjan',0),(302,'REQUESTED','2010-11-01 14:35:48','Alok Ranjan',0),(303,'RENDERED','2010-11-01 14:48:05','Alok Ranjan',0),(303,'REQUESTED','2010-11-01 14:48:05','Alok Ranjan',0),(304,'RENDERED','2010-11-01 15:01:49','Alok Ranjan',0),(304,'REQUESTED','2010-11-01 15:01:48','Alok Ranjan',0),(305,'RENDERED','2010-11-01 15:03:01','Alok Ranjan',0),(305,'REQUESTED','2010-11-01 15:03:01','Alok Ranjan',0),(306,'RENDERED','2010-11-01 15:54:39','Alok Ranjan',0),(306,'REQUESTED','2010-11-01 15:54:39','Alok Ranjan',0),(307,'RENDERED','2010-11-01 17:28:47','Alok Ranjan',0),(307,'REQUESTED','2010-11-01 17:28:47','Alok Ranjan',0),(308,'RENDERED','2010-11-01 18:36:17','Alok Ranjan',0),(308,'REQUESTED','2010-11-01 18:36:17','Alok Ranjan',0),(309,'RENDERED','2010-11-01 18:37:32','Alok Ranjan',0),(309,'REQUESTED','2010-11-01 18:37:32','Alok Ranjan',0),(310,'RENDERED','2010-11-01 18:44:42','Alok Ranjan',0),(310,'REQUESTED','2010-11-01 18:44:41','Alok Ranjan',0),(311,'REQUESTED','2010-11-01 20:22:04','Manish ',0),(312,'REQUESTED','2010-11-01 20:30:39','Manish ',0),(313,'REQUESTED','2010-11-01 20:48:46','Manish ',0),(314,'REQUESTED','2010-11-01 20:50:12','Manish ',0),(315,'REQUESTED','2010-11-01 20:54:49','Manish ',0),(316,'REQUESTED','2010-11-01 20:56:07','Manish ',0),(317,'REQUESTED','2010-11-01 20:57:03','Manish ',0),(318,'REQUESTED','2010-11-01 21:04:49','Manish ',0),(319,'REQUESTED','2010-11-01 21:26:51','Manish ',0),(320,'RENDERED','2010-11-02 09:29:59','ajit kumar',0),(320,'REQUESTED','2010-11-02 09:29:59','ajit kumar',0),(321,'RENDERED','2010-11-02 10:08:05','Manish ',0),(321,'REQUESTED','2010-11-02 10:08:05','Manish ',0),(322,'REQUESTED','2010-11-02 11:57:57','Manish ',0),(323,'REQUESTED','2010-11-02 11:57:57','Manish ',0),(324,'RENDERED','2010-11-03 17:33:35','Manish ',0),(324,'REQUESTED','2010-11-03 17:33:35','Manish ',0),(325,'RENDERED','2010-11-08 14:53:37','Alok Ranjan',0),(325,'REQUESTED','2010-11-08 14:53:37','Alok Ranjan',0),(326,'RENDERED','2010-11-08 15:01:10','Alok Ranjan',0),(326,'REQUESTED','2010-11-08 15:01:10','Alok Ranjan',0),(327,'RENDERED','2010-11-08 15:02:35','Alok Ranjan',0),(327,'REQUESTED','2010-11-08 15:02:35','Alok Ranjan',0),(328,'RENDERED','2010-11-08 15:10:21','Alok Ranjan',0),(328,'REQUESTED','2010-11-08 15:10:21','Alok Ranjan',0),(329,'RENDERED','2010-11-08 15:22:08','Alok Ranjan',0),(329,'REQUESTED','2010-11-08 15:22:08','Alok Ranjan',0),(330,'RENDERED','2010-11-09 11:23:28','Manish ',0),(330,'REQUESTED','2010-11-09 11:23:28','Manish ',0),(331,'RENDERED','2010-11-09 11:28:23','Manish ',0),(331,'REQUESTED','2010-11-09 11:28:23','Manish ',0),(332,'RENDERED','2010-11-09 12:05:00','Manish ',0),(332,'REQUESTED','2010-11-09 12:05:00','Manish ',0),(333,'RENDERED','2010-11-09 12:06:18','Manish ',0),(333,'REQUESTED','2010-11-09 12:06:18','Manish ',0),(334,'RENDERED','2010-11-09 15:48:38','Manish ',0),(334,'REQUESTED','2010-11-09 15:48:38','Manish ',0),(335,'RENDERED','2010-11-09 15:51:47','Manish ',0),(335,'REQUESTED','2010-11-09 15:51:47','Manish ',0),(336,'RENDERED','2010-11-09 15:53:47','Manish ',0),(336,'REQUESTED','2010-11-09 15:53:47','Manish ',0),(337,'RENDERED','2010-11-09 16:05:21','Manish ',0),(337,'REQUESTED','2010-11-09 16:05:21','Manish ',0),(338,'RENDERED','2010-11-10 12:48:27','ajit kumar',0),(338,'REQUESTED','2010-11-10 12:48:27','ajit kumar',0),(339,'RENDERED','2010-11-10 12:49:57','ajit kumar',0),(339,'REQUESTED','2010-11-10 12:49:57','ajit kumar',0),(340,'RENDERED','2010-11-29 16:12:35','Manish ',0),(340,'REQUESTED','2010-11-29 16:12:35','Manish ',0),(341,'CANCELED','2010-12-30 11:35:40','Bhavesh ',0),(341,'REQUESTED','2010-12-30 09:25:28','Bhavesh ',0),(342,'CANCELED','2011-06-23 17:38:04','Bhavesh ',0),(342,'REQUESTED','2010-12-30 09:26:13','Bhavesh ',0);
/*!40000 ALTER TABLE `assigned_service_history` ENABLE KEYS */;
UNLOCK TABLES;

--
-- Table structure for table `assigned_service_status`
--

DROP TABLE IF EXISTS `assigned_service_status`;
/*!40101 SET @saved_cs_client     = @@character_set_client */;
/*!40101 SET character_set_client = utf8 */;
CREATE TABLE `assigned_service_status` (
  `SERVICE_STATUS_CODE` varchar(25) COLLATE utf8_unicode_ci NOT NULL,
  `DESCRIPTION` varchar(45) COLLATE utf8_unicode_ci DEFAULT NULL,
  PRIMARY KEY (`SERVICE_STATUS_CODE`)
) ENGINE=InnoDB DEFAULT CHARSET=utf8 COLLATE=utf8_unicode_ci;
/*!40101 SET character_set_client = @saved_cs_client */;

--
-- Dumping data for table `assigned_service_status`
--

LOCK TABLES `assigned_service_status` WRITE;
/*!40000 ALTER TABLE `assigned_service_status` DISABLE KEYS */;
INSERT INTO `assigned_service_status` VALUES ('APPROVED','Approved'),('CANCELED','Canceled'),('DELETED','Deleted'),('DISAPPROVED','Disapproved'),('PARTCANCELED','Partially Canceled'),('PARTRENDERED','Partially Rendered'),('PARTREPLACED','Partially Replaced'),('RENDERED','Rendered'),('REPLACED','Replaced'),('REQUESTED','Requested'),('RESULT_ENTERED','Result entered'),('SPECIMEN_COLLECTED','Specimen collected'),('TEST_PERFORMED','Test performed');
/*!40000 ALTER TABLE `assigned_service_status` ENABLE KEYS */;
UNLOCK TABLES;

--
-- Table structure for table `assigned_services`
--

DROP TABLE IF EXISTS `assigned_services`;
/*!40101 SET @saved_cs_client     = @@character_set_client */;
/*!40101 SET character_set_client = utf8 */;
CREATE TABLE `assigned_services` (
  `SERVICE_UID` int(11) NOT NULL AUTO_INCREMENT,
  `SERVICE_ORDER_NUMBER` int(11) NOT NULL,
  `SEQ_NBR` int(11) DEFAULT NULL,
  `SERVICE_CODE` varchar(15) COLLATE utf8_unicode_ci DEFAULT NULL,
  `PACKAGE_ASGM_ID` int(11) DEFAULT NULL,
  `PATIENT_ID` int(11) DEFAULT NULL,
  `DOCTOR_ID` int(11) DEFAULT NULL,
  `SERVICE_DATE` datetime DEFAULT NULL,
  `REQUESTED_UNITS` int(11) NOT NULL,
  `SERVICE_DATE_DIM_ID` int(11) DEFAULT NULL,
  `RENDERED_UNITS` int(11) NOT NULL DEFAULT '0',
  `CANCELED_UNITS` int(11) NOT NULL DEFAULT '0',
  `BILLED_UNITS` int(11) NOT NULL DEFAULT '0',
  `IS_BILLABLE` varchar(1) COLLATE utf8_unicode_ci NOT NULL,
  `LAST_BILL_NBR` int(11) DEFAULT NULL,
  `SERVICE_CHARGE` double NOT NULL DEFAULT '0',
  `ASSIGNED_SERVICE_STATUS_CODE` varchar(20) COLLATE utf8_unicode_ci DEFAULT NULL,
  `REFERENCE_NUMBER` varchar(30) COLLATE utf8_unicode_ci NOT NULL DEFAULT '0',
  `REFERENCE_TYPE` varchar(30) COLLATE utf8_unicode_ci NOT NULL DEFAULT 'DIRECT',
  `REMARKS` varchar(225) COLLATE utf8_unicode_ci DEFAULT NULL,
  `CREATE_DTM` datetime DEFAULT NULL,
  `CREATED_BY` varchar(45) COLLATE utf8_unicode_ci DEFAULT NULL,
  `LAST_MODIFIED_DTM` datetime DEFAULT NULL,
  `MODIFIED_BY` varchar(45) COLLATE utf8_unicode_ci DEFAULT NULL,
  `VERSION` int(11) NOT NULL,
  PRIMARY KEY (`SERVICE_UID`),
  UNIQUE KEY `SERVICE_ORDER_NUMBER` (`SERVICE_ORDER_NUMBER`,`SEQ_NBR`),
  KEY `Assigned_Services_Patient_id_FK` (`PATIENT_ID`),
  KEY `Assigned_Services_Service_Code_FK` (`SERVICE_CODE`),
  KEY `Assigned_Services_Status_Code_FK` (`ASSIGNED_SERVICE_STATUS_CODE`),
  KEY `PACKAGE_ASGM_ID` (`PACKAGE_ASGM_ID`),
  CONSTRAINT `assigned_services_ibfk_1` FOREIGN KEY (`PATIENT_ID`) REFERENCES `patient` (`PATIENT_ID`),
  CONSTRAINT `assigned_services_ibfk_2` FOREIGN KEY (`SERVICE_CODE`) REFERENCES `service` (`SERVICE_CODE`),
  CONSTRAINT `assigned_services_ibfk_3` FOREIGN KEY (`ASSIGNED_SERVICE_STATUS_CODE`) REFERENCES `assigned_service_status` (`SERVICE_STATUS_CODE`),
  CONSTRAINT `assigned_services_ibfk_4` FOREIGN KEY (`PACKAGE_ASGM_ID`) REFERENCES `assigned_package` (`PACKAGE_ASGM_ID`),
  CONSTRAINT `assigned_services_ibfk_5` FOREIGN KEY (`SERVICE_ORDER_NUMBER`) REFERENCES `lab_requisition_order` (`ORDER_NBR`)
) ENGINE=InnoDB AUTO_INCREMENT=343 DEFAULT CHARSET=utf8 COLLATE=utf8_unicode_ci;
/*!40101 SET character_set_client = @saved_cs_client */;

--
-- Dumping data for table `assigned_services`
--

LOCK TABLES `assigned_services` WRITE;
/*!40000 ALTER TABLE `assigned_services` DISABLE KEYS */;
INSERT INTO `assigned_services` VALUES (1,1,NULL,'BY_PASS',NULL,45,NULL,'1970-01-01 05:30:00',1,NULL,0,0,1,'Y',1000547,25000,'REQUESTED','45','PAT',NULL,'2010-08-26 11:09:13','Bhavesh ','2010-08-26 11:09:14','Billing Process',1),(2,2,NULL,'BY_PASS',NULL,3,2,NULL,1,NULL,0,0,0,'Y',NULL,25000,'REQUESTED','7','IPD',NULL,'2010-09-02 14:00:31','ajit kumar',NULL,NULL,0),(3,3,NULL,'BY_PASS',NULL,6,NULL,'2010-09-03 00:00:00',1,611,1,0,1,'Y',1000551,25000,'RENDERED','6','PAT',NULL,'2010-09-02 14:19:03','ajit kumar','2010-10-19 18:27:55','Alok Ranjan',2),(4,4,NULL,'BY_PASS',NULL,8,NULL,'1970-01-01 05:30:00',1,NULL,0,0,1,'Y',1000552,25000,'REQUESTED','8','PAT',NULL,'2010-09-02 14:34:13','ajit kumar','2010-09-02 14:34:16','Billing Process',1),(5,5,NULL,'BY_PASS',NULL,9,NULL,'1970-01-01 05:30:00',1,NULL,0,1,1,'Y',1000553,25000,'CANCELED','9','PAT',NULL,'2010-09-02 16:54:30','ajit kumar','2010-09-15 15:47:33','Bhavesh ',2),(6,6,NULL,'BY_PASS',NULL,10,NULL,'1970-01-01 05:30:00',1,NULL,0,0,1,'Y',1000554,25000,'REQUESTED','10','PAT',NULL,'2010-09-09 10:15:19','ajit kumar','2010-09-09 10:15:24','Billing Process',1),(7,7,NULL,'ECG',NULL,46,NULL,'2010-09-09 00:00:00',1,617,0,1,1,'Y',1000556,500,'CANCELED','46','PAT',NULL,'2010-09-13 17:28:00','Bhavesh ','2010-09-15 15:58:23','Bhavesh ',2),(8,8,NULL,'1',NULL,47,NULL,'1970-01-01 05:30:00',1,NULL,0,0,1,'Y',1000557,500,'REQUESTED','47','PAT',NULL,'2010-09-13 17:30:46','Bhavesh ','2010-09-13 17:30:48','Billing Process',1),(9,8,NULL,'Labtest1',NULL,47,NULL,'1970-01-01 05:30:00',1,NULL,1,0,1,'Y',1000557,1000,'RENDERED','47','PAT',NULL,'2010-09-13 17:30:46','Bhavesh ','2010-10-21 17:25:54','Bhavesh ',2),(10,9,NULL,'BY_PASS',NULL,48,NULL,'1970-01-01 05:30:00',1,NULL,0,0,1,'Y',1000558,25000,'REQUESTED','48','PAT',NULL,'2010-09-13 17:42:20','Bhavesh ','2010-09-13 17:42:21','Billing Process',1),(11,10,NULL,'ECG',NULL,10,2,'1970-01-01 05:30:00',1,NULL,0,1,0,'Y',1000563,500,'CANCELED','5','OPD',NULL,'2010-09-13 17:45:55','Bhavesh ','2010-09-14 10:58:38','Billing Process',15),(12,10,NULL,'1',NULL,10,2,'1970-01-01 05:30:00',1,NULL,0,0,1,'Y',1000563,500,'TEST_PERFORMED','5','OPD',NULL,'2010-09-13 17:45:55','Bhavesh ','2010-10-06 18:06:55','Bhavesh ',29),(15,13,NULL,'REGISTRATION',NULL,51,NULL,'2010-09-14 09:45:22',1,622,1,0,1,'Y',1000559,50,'RENDERED','51','PAT',NULL,'2010-09-14 09:45:22','ajit kumar','2010-09-14 09:45:30','Billing Process',2),(16,14,NULL,'REGISTRATION',NULL,52,NULL,'2010-09-14 10:30:46',1,622,1,0,1,'Y',1000560,50,'RENDERED','52','PAT',NULL,'2010-09-14 10:30:46','ajit kumar','2010-09-14 10:30:56','Billing Process',2),(17,15,NULL,'REGISTRATION',NULL,53,NULL,'2010-09-14 10:34:22',1,622,1,0,1,'Y',1000561,50,'RENDERED','53','PAT',NULL,'2010-09-14 10:34:22','ajit kumar','2010-09-14 10:34:27','Billing Process',2),(18,16,NULL,'REGISTRATION',NULL,54,NULL,'2010-09-14 10:37:15',1,622,1,0,1,'Y',1000562,50,'RENDERED','54','PAT',NULL,'2010-09-14 10:37:15','ajit kumar','2010-09-14 10:37:20','Billing Process',2),(19,10,NULL,'ECG',NULL,10,NULL,'2010-09-15 14:00:00',1,623,0,0,1,'Y',1000563,500,'REQUESTED','5','OPD',NULL,'2010-09-14 10:58:31','Bhavesh ','2010-09-14 10:58:38','Billing Process',1),(20,17,NULL,'REGISTRATION',NULL,55,NULL,'2010-09-14 11:01:12',1,622,1,0,1,'Y',1000564,50,'RENDERED','55','PAT',NULL,'2010-09-14 11:01:12','ajit kumar','2010-09-14 11:01:17','Billing Process',2),(21,18,NULL,'REGISTRATION',NULL,56,NULL,'2010-09-14 12:13:55',1,622,1,0,1,'Y',1000565,50,'RENDERED','56','PAT',NULL,'2010-09-14 12:13:55','ajit kumar','2010-09-14 12:14:55','Billing Process',2),(22,19,NULL,'APPOINTMENT',NULL,6,NULL,'2010-09-14 13:43:54',1,622,0,0,1,'Y',1000568,200,'REQUESTED','APPOINTMENT-6','OPD',NULL,'2010-09-14 13:43:54','ajit kumar','2010-09-15 13:55:21','Billing Process',1),(23,20,NULL,'APPOINTMENT',NULL,8,NULL,'2010-09-14 13:57:49',1,622,0,0,1,'Y',1000566,200,'REQUESTED','APPOINTMENT-7','OPD',NULL,'2010-09-14 13:57:49','ajit kumar','2010-09-15 09:59:40','Billing Process',1),(24,21,NULL,'ECG',NULL,10,2,'2010-09-16 00:00:00',1,624,0,1,0,'Y',NULL,500,'CANCELED','5','OPD',NULL,'2010-09-14 14:45:11','Bhavesh ','2010-09-15 09:37:10','Bhavesh ',15),(25,21,NULL,'ECG',NULL,10,2,'2010-09-14 00:00:00',1,622,0,1,0,'Y',NULL,500,'CANCELED','5','OPD',NULL,'2010-09-14 14:45:11','Bhavesh ','2010-09-15 09:44:20','ajit kumar',98),(26,22,NULL,'1',NULL,6,1,'1970-01-01 05:30:00',1,NULL,0,1,0,'Y',NULL,500,'CANCELED','6','OPD',NULL,'2010-09-14 17:52:09','Bhavesh ','2010-09-15 15:13:49','Bhavesh ',2),(27,22,NULL,'ECG',NULL,6,1,'2010-09-16 00:00:00',1,624,0,1,0,'Y',NULL,500,'CANCELED','6','OPD',NULL,'2010-09-14 17:52:09','Bhavesh ','2010-09-15 15:10:53','Bhavesh ',2),(28,23,NULL,'BY_PASS',NULL,8,1,'1970-01-01 05:30:00',1,NULL,0,1,0,'Y',NULL,25000,'CANCELED','7','OPD',NULL,'2010-09-15 09:56:21','ajit kumar','2010-09-15 15:25:45','Bhavesh ',1),(29,24,NULL,'1',NULL,6,1,'1970-01-01 05:30:00',1,NULL,0,1,0,'Y',NULL,500,'CANCELED','6','OPD',NULL,'2010-09-15 13:55:47','ajit kumar','2010-09-15 14:45:16','Bhavesh ',7),(30,25,NULL,'APPOINTMENT',NULL,10,NULL,'2010-09-15 15:01:14',1,623,0,0,0,'Y',NULL,200,'REQUESTED','APPOINTMENT-8','OPD',NULL,'2010-09-15 15:01:14','ajit kumar',NULL,NULL,0),(36,31,NULL,'APPOINTMENT',NULL,5,NULL,'2010-09-15 15:37:22',1,623,0,0,0,'Y',NULL,200,'REQUESTED','14','OPD',NULL,'2010-09-15 15:37:22','ajit kumar',NULL,NULL,0),(40,35,NULL,'APPOINTMENT',NULL,5,NULL,'2010-09-15 16:56:48',1,623,0,0,1,'Y',1000570,200,'REQUESTED','18','OPD',NULL,'2010-09-15 17:00:07','ajit kumar','2010-09-15 17:02:06','Billing Process',1),(41,36,NULL,'BY_PASS',NULL,57,NULL,'2010-09-16 12:02:00',1,624,0,1,1,'Y',1000571,25000,'CANCELED','57','PAT',NULL,'2010-09-16 12:08:29','ajit kumar','2011-06-23 15:49:26','Bhavesh ',2),(45,40,NULL,'APPOINTMENT',NULL,5,NULL,'2010-09-24 18:33:56',1,632,0,0,1,'Y',1000628,200,'REQUESTED','22','OPD',NULL,'2010-09-24 18:33:57','Bhavesh ','2010-10-05 14:26:17','Billing Process',1),(49,44,NULL,'APPOINTMENT',NULL,4,NULL,'2010-09-24 19:03:42',1,632,1,0,1,'Y',1000629,200,'RENDERED','26','OPD',NULL,'2010-09-24 19:03:46','ajit kumar','2010-10-05 14:28:45','Billing Process',2),(50,45,NULL,'1',NULL,4,1,NULL,1,NULL,0,0,0,'Y',NULL,500,'REQUESTED','8','IPD',NULL,'2010-09-30 16:19:36','Bhavesh ',NULL,NULL,0),(51,46,NULL,'CBP',NULL,1,2,NULL,1,NULL,0,0,0,'Y',NULL,1200,'REQUESTED','5','IPD',NULL,'2010-09-30 17:05:10','Bhavesh ',NULL,NULL,0),(52,47,NULL,'BY_PASS',NULL,3,2,NULL,1,NULL,0,0,0,'Y',NULL,25000,'REQUESTED','7','IPD',NULL,'2010-09-30 17:05:12','Bhavesh ',NULL,NULL,0),(53,48,NULL,'REGISTRATION',NULL,58,NULL,'2010-09-30 18:11:47',1,638,1,0,1,'Y',1000599,50,'RENDERED','58','PAT',NULL,'2010-09-30 18:11:47','Bhavesh ','2010-09-30 18:11:51','Billing Process',2),(54,49,NULL,'BY_PASS',NULL,59,NULL,'2010-09-30 19:00:00',1,638,0,0,1,'Y',1000602,25000,'REQUESTED','59','PAT',NULL,'2010-09-30 19:00:21','ajit kumar','2010-09-30 19:00:22','Billing Process',1),(55,50,NULL,'REGISTRATION',NULL,60,NULL,'2010-09-30 19:01:17',1,638,1,0,1,'Y',1000603,50,'RENDERED','60','PAT',NULL,'2010-09-30 19:01:17','ajit kumar','2010-09-30 19:01:20','Billing Process',2),(56,51,NULL,'Labtest1',NULL,61,NULL,'2010-10-01 09:19:00',1,639,0,0,1,'Y',1000604,1000,'REQUESTED','61','PAT',NULL,'2010-10-01 09:19:44','Bhavesh ','2010-10-01 09:19:45','Billing Process',1),(57,52,NULL,'CBP',NULL,23,NULL,'2010-10-01 09:19:00',1,639,0,0,1,'Y',1000605,1200,'REQUESTED','23','PAT',NULL,'2010-10-01 09:20:50','Bhavesh ','2010-10-01 09:20:51','Billing Process',1),(58,52,NULL,'1',NULL,23,NULL,'2010-10-01 09:19:00',1,639,0,0,1,'Y',1000605,500,'REQUESTED','23','PAT',NULL,'2010-10-01 09:20:50','Bhavesh ','2010-10-01 09:20:51','Billing Process',1),(59,53,NULL,'1',NULL,62,NULL,'2010-10-01 09:19:00',1,639,0,0,1,'Y',1000606,500,'REQUESTED','62','PAT',NULL,'2010-10-01 09:22:28','Bhavesh ','2010-10-01 09:22:29','Billing Process',1),(60,54,NULL,'CBP',1,63,NULL,NULL,1,NULL,0,0,1,'Y',NULL,1200,'REQUESTED','63','PAT','','2010-10-01 09:34:24',NULL,'2010-10-01 09:34:25','Billing Process',1),(61,54,NULL,'Labtest1',NULL,63,NULL,'2010-10-01 09:33:00',1,639,1,0,1,'Y',1000609,1000,'APPROVED','63','PAT',NULL,'2010-10-01 09:34:24','Bhavesh ','2010-10-01 11:50:21','Bhavesh ',5),(62,55,NULL,'BY_PASS',NULL,64,NULL,'2010-10-01 09:33:00',1,639,0,0,1,'Y',1000610,25000,'REQUESTED','64','PAT',NULL,'2010-10-01 09:36:02','Bhavesh ','2010-10-01 09:36:03','Billing Process',1),(63,56,NULL,'CBP',NULL,2,2,NULL,1,NULL,0,0,0,'Y',NULL,1200,'REQUESTED','6','IPD',NULL,'2010-10-01 11:14:41','Bhavesh ',NULL,NULL,0),(64,57,NULL,'REGISTRATION',NULL,65,NULL,'2010-10-01 12:08:39',1,639,1,0,1,'Y',1000611,50,'RENDERED','65','PAT',NULL,'2010-10-01 12:08:39','ajit kumar','2010-10-01 12:08:41','Billing Process',2),(65,58,NULL,'Labtest1',NULL,8,NULL,'2010-10-01 12:53:00',1,639,0,0,1,'Y',1000612,1000,'REQUESTED','7','OPD',NULL,'2010-10-01 12:56:19','Bhavesh ','2010-10-01 12:56:20','Billing Process',1),(66,59,NULL,'1',NULL,8,NULL,'2010-10-01 13:01:00',1,639,0,0,1,'Y',1000613,500,'REQUESTED','7','OPD',NULL,'2010-10-01 13:02:24','Bhavesh ','2010-10-01 13:02:27','Billing Process',1),(67,60,NULL,'REGISTRATION',NULL,66,NULL,'2010-10-01 18:43:03',1,639,1,0,1,'Y',1000615,50,'RENDERED','66','PAT',NULL,'2010-10-01 18:43:03','ajit kumar','2010-10-01 18:43:08','Billing Process',2),(68,61,NULL,'1',NULL,4,1,NULL,1,NULL,0,0,0,'Y',NULL,500,'REQUESTED','8','IPD',NULL,'2010-10-05 11:07:55','ajit kumar',NULL,NULL,0),(69,61,NULL,'BY_PASS',NULL,4,1,NULL,1,NULL,0,0,0,'Y',NULL,25000,'REQUESTED','8','IPD',NULL,'2010-10-05 11:07:55','ajit kumar',NULL,NULL,0),(70,62,NULL,'ECG',NULL,5,1,'2010-10-05 14:26:00',1,643,0,0,0,'Y',NULL,500,'REQUESTED','22','OPD',NULL,'2010-10-05 14:27:28','Alok Ranjan',NULL,NULL,0),(71,63,NULL,'CBP',NULL,4,1,'2010-10-05 14:29:00',1,643,0,0,0,'Y',NULL,1200,'REQUESTED','26','OPD',NULL,'2010-10-05 14:34:39','Alok Ranjan',NULL,NULL,0),(72,63,NULL,'Labtest1',NULL,4,1,'2010-10-05 14:29:00',1,643,0,0,0,'Y',NULL,1000,'REQUESTED','26','OPD',NULL,'2010-10-05 14:34:39','Alok Ranjan',NULL,NULL,0),(73,64,NULL,'APPOINTMENT',NULL,10,NULL,'2010-10-05 15:26:56',1,643,1,0,1,'Y',1000775,200,'RENDERED','27','OPD',NULL,'2010-10-05 15:26:56','ajit kumar','2010-10-22 14:58:30','Billing Process',2),(74,65,NULL,'APPOINTMENT',NULL,5,NULL,'2010-10-05 15:23:45',1,643,0,0,1,'Y',1000758,200,'REQUESTED','28','OPD',NULL,'2010-10-05 15:23:45','Alok Ranjan','2010-10-21 17:46:32','Billing Process',1),(75,66,NULL,'BY_PASS',NULL,67,NULL,'2010-10-06 21:45:00',1,644,0,0,1,'Y',1000656,25000,'REQUESTED','67','PAT',NULL,'2010-10-06 21:45:22','ajit kumar','2010-10-06 21:45:23','Billing Process',1),(76,67,NULL,'BY_PASS',NULL,68,NULL,'2010-10-06 21:55:00',1,644,0,0,1,'Y',1000657,25000,'REQUESTED','68','PAT',NULL,'2010-10-06 21:55:42','ajit kumar','2010-10-06 21:55:44','Billing Process',1),(77,68,NULL,'BY_PASS',NULL,69,NULL,'2010-10-06 21:58:00',1,644,0,0,1,'Y',1000658,25000,'REQUESTED','69','PAT',NULL,'2010-10-06 21:59:09','ajit kumar','2010-10-06 21:59:10','Billing Process',1),(78,69,NULL,'BY_PASS',NULL,14,1,NULL,1,NULL,0,0,0,'Y',NULL,25000,'REQUESTED','22','IPD',NULL,'2010-10-06 23:54:06','ajit kumar',NULL,NULL,0),(79,70,NULL,'APPOINTMENT',NULL,1,NULL,'2010-10-07 12:40:46',1,645,1,0,1,'Y',1000665,500,'RENDERED','29','OPD',NULL,'2010-10-07 12:40:46','Alok Ranjan','2010-10-07 15:52:50','Billing Process',2),(92,83,NULL,'APPOINTMENT',NULL,9,NULL,'2010-10-07 16:14:27',1,645,1,0,1,'Y',1000744,200,'RENDERED','36','OPD',NULL,'2010-10-07 16:14:27','ajit kumar','2010-10-18 09:51:10','Billing Process',2),(93,84,NULL,'REGISTRATION',NULL,70,NULL,'2010-10-13 17:09:13',1,651,1,0,1,'Y',1000705,50,'RENDERED','70','PAT',NULL,'2010-10-13 17:09:13','Alok Ranjan','2010-10-13 17:09:18','Billing Process',2),(94,85,NULL,'BY_PASS',NULL,20,NULL,'2010-10-13 17:25:00',1,651,1,0,1,'Y',1000706,25000,'RENDERED','20','PAT',NULL,'2010-10-13 17:26:14','Alok Ranjan','2010-10-21 17:34:07','Bhavesh ',2),(95,85,NULL,'ECG',NULL,20,NULL,'2010-10-13 17:25:00',1,651,1,0,1,'Y',1000706,500,'RENDERED','20','PAT',NULL,'2010-10-13 17:26:14','Alok Ranjan','2010-10-21 17:34:10','Bhavesh ',2),(96,86,NULL,'BY_PASS',NULL,20,NULL,'2010-10-13 18:17:00',1,651,1,0,1,'Y',1000711,25000,'RENDERED','20','PAT',NULL,'2010-10-13 18:18:17','Alok Ranjan','2010-10-21 17:34:13','Bhavesh ',2),(97,86,NULL,'CBP',NULL,20,NULL,'2010-10-13 18:17:00',1,651,1,0,1,'Y',1000711,1200,'RENDERED','20','PAT',NULL,'2010-10-13 18:18:17','Alok Ranjan','2010-10-21 17:34:18','Bhavesh ',2),(98,87,NULL,'REGISTRATION',NULL,71,NULL,'2010-10-13 19:32:03',1,651,1,0,1,'Y',1000717,50,'RENDERED','71','PAT',NULL,'2010-10-13 19:32:03','Alok Ranjan','2010-10-13 19:32:08','Billing Process',2),(99,88,NULL,'APPOINTMENT',NULL,71,NULL,'2010-10-13 19:34:58',1,651,1,0,1,'Y',1000735,500,'RENDERED','37','OPD',NULL,'2010-10-13 19:34:58','Alok Ranjan','2010-10-14 20:29:50','Billing Process',2),(100,89,NULL,'REGISTRATION',NULL,72,NULL,'2010-10-14 10:26:04',1,652,1,0,1,'Y',1000720,50,'RENDERED','72','PAT',NULL,'2010-10-14 10:26:04','Alok Ranjan','2010-10-14 10:26:08','Billing Process',2),(101,90,NULL,'CBP',2,71,2,NULL,1,NULL,0,0,0,'Y',NULL,1200,'REQUESTED','37','OPD','','2010-10-14 20:36:33',NULL,NULL,NULL,0),(102,90,NULL,'Labtest1',NULL,71,2,'2010-10-14 20:35:00',1,652,0,0,0,'Y',NULL,1000,'REQUESTED','37','OPD',NULL,'2010-10-14 20:36:33','Alok Ranjan',NULL,NULL,0),(103,90,NULL,'xray',NULL,71,2,'2010-10-14 20:35:00',1,652,0,1,0,'Y',NULL,500,'CANCELED','37','OPD',NULL,'2010-10-14 20:36:33','Alok Ranjan','2010-10-20 15:19:54','Alok Ranjan',1),(104,90,NULL,'ECG',NULL,71,2,'2010-10-14 20:35:00',1,652,0,0,0,'Y',NULL,500,'REQUESTED','37','OPD',NULL,'2010-10-14 20:36:33','Alok Ranjan',NULL,NULL,0),(105,90,NULL,'BY_PASS',NULL,71,2,'2010-10-14 20:35:00',1,652,0,0,0,'Y',NULL,25000,'REQUESTED','37','OPD',NULL,'2010-10-14 20:36:33','Alok Ranjan',NULL,NULL,0),(106,90,NULL,'CBP',NULL,71,2,'2010-10-14 20:35:00',1,652,0,0,0,'Y',NULL,1200,'REQUESTED','37','OPD',NULL,'2010-10-14 20:36:33','Alok Ranjan',NULL,NULL,0),(107,91,NULL,'REGISTRATION',NULL,73,NULL,'2010-10-18 09:45:17',1,656,1,0,1,'Y',1000742,50,'RENDERED','73','PAT',NULL,'2010-10-18 09:45:17','Alok Ranjan','2010-10-18 09:45:23','Billing Process',2),(108,92,NULL,'APPOINTMENT',NULL,73,NULL,'2010-10-18 09:49:16',1,656,1,0,1,'Y',1000743,500,'RENDERED','38','OPD',NULL,'2010-10-18 09:49:16','Alok Ranjan','2010-10-18 09:49:59','Billing Process',2),(109,93,NULL,'Labtest1',NULL,73,2,'2010-10-18 09:57:00',1,656,1,0,1,'Y',1000751,1000,'RENDERED','38','OPD',NULL,'2010-10-18 09:58:47','Alok Ranjan','2010-10-20 14:58:40','Alok Ranjan',2),(110,93,NULL,'xray',NULL,73,2,'2010-10-18 09:57:00',1,656,1,0,1,'Y',1000751,500,'RENDERED','38','OPD',NULL,'2010-10-18 09:58:47','Alok Ranjan','2010-10-20 14:58:45','Alok Ranjan',2),(111,93,NULL,'CBP',NULL,73,2,'2010-10-18 09:57:00',1,656,1,0,1,'Y',1000751,1200,'RENDERED','38','OPD',NULL,'2010-10-18 09:58:47','Alok Ranjan','2010-10-20 14:58:48','Alok Ranjan',2),(112,94,NULL,'REGISTRATION',NULL,74,NULL,'2010-10-19 11:04:18',1,657,1,0,1,'Y',1000752,50,'RENDERED','74','PAT',NULL,'2010-10-19 11:04:18','Alok Ranjan','2010-10-19 11:04:29','Billing Process',2),(113,95,NULL,'APPOINTMENT',NULL,74,NULL,'2010-10-19 13:08:40',1,657,1,0,1,'Y',1000753,500,'RENDERED','39','OPD',NULL,'2010-10-19 13:08:40','Alok Ranjan','2010-10-19 14:52:54','Billing Process',2),(114,96,NULL,'CBP',3,73,NULL,NULL,1,NULL,0,0,0,'Y',NULL,1200,'REQUESTED','73','PAT','','2010-10-20 19:15:18',NULL,NULL,NULL,0),(115,96,NULL,'CBP',NULL,73,NULL,'2010-10-20 19:11:00',1,658,1,0,0,'Y',NULL,1200,'RENDERED','73','PAT',NULL,'2010-10-20 19:15:18','Alok Ranjan','2010-10-21 17:21:38','Bhavesh ',1),(116,96,NULL,'xray',NULL,73,NULL,'2010-10-20 19:11:00',1,658,1,0,0,'Y',NULL,400,'RENDERED','73','PAT',NULL,'2010-10-20 19:15:18','Alok Ranjan','2010-10-21 17:21:34','Bhavesh ',1),(117,96,NULL,'Labtest1',NULL,73,NULL,'2010-10-20 19:11:00',1,658,1,0,0,'Y',NULL,1000,'RENDERED','73','PAT',NULL,'2010-10-20 19:15:18','Alok Ranjan','2010-10-21 17:31:34','Bhavesh ',1),(118,97,NULL,'BY_PASS',NULL,73,NULL,'2010-10-20 19:19:00',1,658,1,0,0,'Y',NULL,25000,'RENDERED','73','PAT',NULL,'2010-10-20 19:20:26','Alok Ranjan','2010-10-21 17:31:27','Bhavesh ',1),(119,97,NULL,'xray',NULL,73,NULL,'2010-10-20 19:19:00',1,658,1,0,0,'Y',NULL,400,'RENDERED','73','PAT',NULL,'2010-10-20 19:20:26','Alok Ranjan','2010-10-21 17:31:25','Bhavesh ',1),(120,98,NULL,'BY_PASS',NULL,73,NULL,'2010-10-20 19:19:00',1,658,1,0,0,'Y',NULL,25000,'RENDERED','73','PAT',NULL,'2010-10-20 19:24:48','Alok Ranjan','2010-10-21 17:31:18','Bhavesh ',1),(121,98,NULL,'xray',NULL,73,NULL,'2010-10-20 19:19:00',1,658,1,0,0,'Y',NULL,400,'RENDERED','73','PAT',NULL,'2010-10-20 19:24:48','Alok Ranjan','2010-10-21 17:31:16','Bhavesh ',1),(122,99,NULL,'APPOINTMENT',NULL,74,NULL,'2010-10-20 20:28:52',1,658,1,0,1,'Y',1000762,500,'RENDERED','40','OPD',NULL,'2010-10-20 20:28:52','Alok Ranjan','2010-10-21 21:15:03','Billing Process',2),(123,100,NULL,'BY_PASS',NULL,74,NULL,'2010-10-20 20:52:00',1,658,1,0,0,'Y',NULL,25000,'RENDERED','74','PAT',NULL,'2010-10-20 20:53:22','Alok Ranjan','2010-10-21 17:20:39','Bhavesh ',1),(124,100,NULL,'CBP',NULL,74,NULL,'2010-10-20 20:52:00',1,658,1,0,0,'Y',NULL,1200,'RENDERED','74','PAT',NULL,'2010-10-20 20:53:22','Alok Ranjan','2010-10-21 17:20:41','Bhavesh ',1),(125,100,NULL,'ECG',NULL,74,NULL,'2010-10-20 20:52:00',1,658,1,0,0,'Y',NULL,500,'RENDERED','74','PAT',NULL,'2010-10-20 20:53:22','Alok Ranjan','2010-10-21 17:20:43','Bhavesh ',1),(126,101,NULL,'APPOINTMENT',NULL,1,NULL,'2010-10-21 15:45:20',1,659,1,0,1,'Y',1000760,250,'RENDERED','41','OPD',NULL,'2010-10-21 15:45:20','Bhavesh ','2010-10-21 20:42:13','Billing Process',2),(127,102,NULL,'BY_PASS',NULL,9,NULL,'2010-10-21 16:05:00',1,659,1,0,1,'Y',1000756,25000,'RENDERED','36','OPD',NULL,'2010-10-21 16:06:53','Bhavesh ','2010-10-21 17:20:09','Bhavesh ',2),(128,103,NULL,'BY_PASS',NULL,9,NULL,'2010-10-21 16:05:00',1,659,1,0,1,'Y',1000756,25000,'RENDERED','36','OPD',NULL,'2010-10-21 16:11:13','Bhavesh ','2010-10-21 17:20:03','Bhavesh ',2),(129,104,NULL,'xray',NULL,23,NULL,'2010-10-21 17:10:00',1,659,1,0,0,'Y',NULL,400,'RENDERED','23','PAT',NULL,'2010-10-21 17:14:32','Bhavesh ','2010-10-21 17:19:24','Bhavesh ',1),(130,105,NULL,'xray',NULL,25,NULL,'2010-10-21 17:15:00',1,659,0,0,0,'Y',NULL,400,'REQUESTED','25','PAT',NULL,'2010-10-21 17:15:28','Bhavesh ',NULL,NULL,0),(131,106,NULL,'BY_PASS',NULL,9,NULL,'2010-10-21 16:05:00',1,659,1,0,1,'Y',1000757,25000,'RENDERED','36','OPD',NULL,'2010-10-21 17:26:31','Bhavesh ','2010-10-21 17:27:07','Bhavesh ',2),(132,65,NULL,'Labtest1',NULL,5,NULL,'2010-10-21 16:05:00',1,659,0,0,1,'Y',1000758,1000,'REQUESTED','28','OPD',NULL,'2010-10-21 17:46:31','Bhavesh ','2010-10-21 17:46:32','Billing Process',1),(134,108,NULL,'ECG',NULL,1,NULL,'2010-10-21 16:05:00',1,659,0,0,1,'Y',1000759,500,'REQUESTED','29','OPD',NULL,'2010-10-21 19:38:42','Bhavesh ','2010-10-21 19:38:42','Billing Process',1),(135,109,NULL,'APPOINTMENT',NULL,6,NULL,'2010-10-21 19:44:01',1,659,1,0,0,'Y',NULL,200,'RENDERED','42','OPD',NULL,'2010-10-21 19:44:01','Bhavesh ','2010-10-21 19:44:01','Bhavesh ',1),(136,101,NULL,'ECG',NULL,1,NULL,'2010-10-21 20:41:00',1,659,0,0,1,'Y',1000760,500,'REQUESTED','41','OPD',NULL,'2010-10-21 20:42:13','Alok Ranjan','2010-10-21 20:42:13','Billing Process',1),(137,110,NULL,'REGISTRATION',NULL,76,NULL,'2010-10-21 20:54:50',1,659,1,0,1,'Y',1000761,50,'RENDERED','76','PAT',NULL,'2010-10-21 20:54:50','Bhavesh ','2010-10-21 20:54:51','Billing Process',2),(138,99,NULL,'CBP',4,74,NULL,NULL,1,NULL,0,0,1,'Y',NULL,1200,'REQUESTED','40','OPD','','2010-10-21 21:15:02',NULL,'2010-10-21 21:15:03','Billing Process',1),(139,111,NULL,'REGISTRATION',NULL,77,NULL,'2010-10-22 09:02:54',1,660,1,0,1,'Y',1000763,50,'RENDERED','77','PAT',NULL,'2010-10-22 09:02:54','Alok Ranjan','2010-10-22 09:02:55','Billing Process',2),(140,112,NULL,'REGISTRATION',NULL,78,NULL,'2010-10-22 10:03:14',1,660,1,0,1,'Y',1000764,50,'RENDERED','78','PAT',NULL,'2010-10-22 10:03:14','Bhavesh ','2010-10-22 10:03:14','Billing Process',2),(141,113,NULL,'APPOINTMENT',NULL,78,NULL,'2010-10-22 10:06:23',1,660,1,0,1,'Y',1000765,500,'RENDERED','43','OPD',NULL,'2010-10-22 10:06:23','Bhavesh ','2010-10-22 10:07:27','Billing Process',2),(142,113,NULL,'CBP',5,78,2,NULL,1,NULL,1,0,1,'Y',NULL,1200,'RENDERED','43','OPD','','2010-10-22 10:19:13',NULL,'2010-10-22 11:12:31','Bhavesh ',2),(143,113,NULL,'1',NULL,78,2,'2010-10-22 10:14:00',1,660,1,0,1,'Y',1000771,500,'RENDERED','43','OPD',NULL,'2010-10-22 10:19:13','Bhavesh ','2010-10-22 11:13:14','Bhavesh ',2),(144,113,NULL,'Labtest1',NULL,78,2,'2010-10-22 10:14:00',1,660,1,0,1,'Y',1000771,1000,'RENDERED','43','OPD',NULL,'2010-10-22 10:19:13','Bhavesh ','2010-10-22 11:13:10','Bhavesh ',2),(145,113,NULL,'ECG',NULL,78,2,'2010-10-22 10:14:00',1,660,1,0,1,'Y',1000771,500,'RENDERED','43','OPD',NULL,'2010-10-22 10:19:13','Bhavesh ','2010-10-22 11:12:55','Bhavesh ',2),(146,113,NULL,'xray',NULL,78,2,'2010-10-22 10:14:00',1,660,1,0,1,'N',1000771,400,'RENDERED','43','OPD',NULL,'2010-10-22 10:19:13','Bhavesh ','2010-10-22 11:12:48','Bhavesh ',3),(147,114,NULL,'1',NULL,1,NULL,'2010-10-22 10:48:00',1,660,0,0,1,'Y',1000768,500,'REQUESTED','41','OPD',NULL,'2010-10-22 10:48:41','Bhavesh ','2010-10-22 10:48:42','Billing Process',1),(148,115,NULL,'Labtest1',NULL,1,NULL,'2010-10-22 10:48:00',1,660,0,0,1,'Y',1000769,1000,'REQUESTED','41','OPD',NULL,'2010-10-22 10:51:19','Bhavesh ','2010-10-22 10:51:20','Billing Process',1),(149,116,NULL,'1',NULL,1,NULL,'2010-10-22 10:57:00',1,660,0,0,1,'Y',1000770,500,'REQUESTED','41','OPD',NULL,'2010-10-22 10:58:12','Bhavesh ','2010-10-22 10:58:13','Billing Process',1),(150,117,NULL,'APPOINTMENT',NULL,78,NULL,'2010-10-22 12:00:20',1,660,1,0,0,'Y',NULL,200,'RENDERED','44','OPD',NULL,'2010-10-22 12:00:20','Bhavesh ','2010-10-22 12:00:20','Bhavesh ',1),(151,118,NULL,'APPOINTMENT',NULL,78,NULL,'2010-10-22 12:02:26',1,660,1,0,1,'Y',1000833,250,'RENDERED','45','OPD',NULL,'2010-10-22 12:02:26','Bhavesh ','2010-10-28 11:33:57','Billing Process',2),(152,119,NULL,'REGISTRATION',NULL,79,NULL,'2010-10-22 14:47:33',1,660,1,0,1,'Y',1000772,50,'RENDERED','79','PAT',NULL,'2010-10-22 14:47:33','Bhavesh ','2010-10-22 14:47:34','Billing Process',2),(153,120,NULL,'APPOINTMENT',NULL,79,NULL,'2010-10-22 14:49:45',1,660,1,0,1,'Y',1000773,200,'RENDERED','46','OPD',NULL,'2010-10-22 14:49:45','Bhavesh ','2010-10-22 14:50:48','Billing Process',2),(154,120,NULL,'xray',NULL,79,8,'2010-10-22 14:51:00',1,660,1,0,1,'Y',1000776,400,'RENDERED','46','OPD',NULL,'2010-10-22 15:01:45','Bhavesh ','2010-10-22 16:18:53','Bhavesh ',2),(155,120,NULL,'BY_PASS',NULL,79,8,'2010-10-22 14:51:00',1,660,1,0,1,'Y',1000776,25000,'RENDERED','46','OPD',NULL,'2010-10-22 15:01:45','Bhavesh ','2010-10-22 16:18:55','Bhavesh ',2),(156,120,NULL,'ECG',NULL,79,8,'2010-10-22 14:51:00',1,660,1,0,1,'Y',1000776,500,'RENDERED','46','OPD',NULL,'2010-10-22 15:01:45','Bhavesh ','2010-10-22 16:18:58','Bhavesh ',2),(157,120,NULL,'ECG',NULL,79,8,'2010-10-22 14:51:00',1,660,1,0,1,'Y',1000776,500,'RENDERED','46','OPD',NULL,'2010-10-22 15:01:45','Bhavesh ','2010-10-22 16:19:01','Bhavesh ',2),(158,120,NULL,'ECG',NULL,79,8,'2010-10-22 14:51:00',1,660,1,0,1,'Y',1000776,500,'RENDERED','46','OPD',NULL,'2010-10-22 15:01:45','Bhavesh ','2010-10-22 16:19:03','Bhavesh ',2),(159,121,NULL,'APPOINTMENT',NULL,73,NULL,'2010-10-22 15:53:33',1,660,1,0,1,'Y',1000898,250,'RENDERED','47','OPD',NULL,'2010-10-22 15:53:33','Bhavesh ','2010-11-29 16:24:07','Billing Process',6),(160,122,NULL,'REGISTRATION',NULL,80,NULL,'2010-10-22 17:33:44',1,660,1,0,1,'Y',1000777,50,'RENDERED','80','PAT',NULL,'2010-10-22 17:33:44','Bhavesh ','2010-10-22 17:33:44','Billing Process',2),(161,123,NULL,'APPOINTMENT',NULL,80,NULL,'2010-10-22 17:44:01',1,660,1,0,1,'Y',1000778,200,'RENDERED','48','OPD',NULL,'2010-10-22 17:44:01','Bhavesh ','2010-10-22 17:50:45','Billing Process',2),(162,123,NULL,'xray',NULL,80,8,'2010-10-22 17:50:00',1,660,0,0,1,'Y',1000779,400,'REQUESTED','48','OPD',NULL,'2010-10-22 17:54:21','Bhavesh ','2010-10-22 18:04:43','Billing Process',1),(163,124,NULL,'APPOINTMENT',NULL,80,NULL,'2010-10-22 18:23:27',1,660,1,0,1,'Y',1000780,100,'RENDERED','49','OPD',NULL,'2010-10-22 18:23:27','Bhavesh ','2010-10-22 18:31:04','Billing Process',2),(164,124,NULL,'ECG',NULL,80,8,'2010-10-22 18:31:00',1,660,0,0,1,'Y',1000781,500,'REQUESTED','49','OPD',NULL,'2010-10-22 18:32:45','Bhavesh ','2010-10-22 18:32:56','Billing Process',1),(165,125,NULL,'REGISTRATION',NULL,81,NULL,'2010-10-22 19:28:20',1,660,1,0,1,'Y',1000782,50,'RENDERED','81','PAT',NULL,'2010-10-22 19:28:20','Bhavesh ','2010-10-22 19:28:21','Billing Process',2),(166,126,NULL,'REGISTRATION',NULL,82,NULL,'2010-10-22 19:44:44',1,660,1,0,1,'Y',1000783,50,'RENDERED','82','PAT',NULL,'2010-10-22 19:44:44','Bhavesh ','2010-10-22 19:44:45','Billing Process',2),(167,127,NULL,'BY_PASS',NULL,79,NULL,'2010-10-22 19:51:00',1,660,0,0,1,'Y',1000784,25000,'REQUESTED','46','OPD',NULL,'2010-10-22 19:52:36','Bhavesh ','2010-10-22 19:52:38','Billing Process',1),(168,128,NULL,'REGISTRATION',NULL,83,NULL,'2010-10-22 21:07:16',1,660,1,0,1,'Y',1000785,50,'RENDERED','83','PAT',NULL,'2010-10-22 21:07:16','Bhavesh ','2010-10-22 21:07:17','Billing Process',2),(169,129,NULL,'REGISTRATION',NULL,84,NULL,'2010-10-25 18:07:28',1,663,1,0,1,'Y',1000786,50,'RENDERED','84','PAT',NULL,'2010-10-25 18:07:28','Alok Ranjan','2010-10-25 18:07:29','Billing Process',2),(170,130,NULL,'REGISTRATION',NULL,85,NULL,'2010-10-25 18:08:55',1,663,1,0,1,'Y',1000787,50,'RENDERED','85','PAT',NULL,'2010-10-25 18:08:55','Alok Ranjan','2010-10-25 18:08:56','Billing Process',2),(171,131,NULL,'REGISTRATION',NULL,86,NULL,'2010-10-25 18:24:16',1,663,1,0,1,'Y',1000788,50,'RENDERED','86','PAT',NULL,'2010-10-25 18:24:16','Alok Ranjan','2010-10-25 18:24:16','Billing Process',2),(172,132,NULL,'REGISTRATION',NULL,87,NULL,'2010-10-25 18:28:37',1,663,1,0,1,'Y',1000789,50,'RENDERED','87','PAT',NULL,'2010-10-25 18:28:37','Alok Ranjan','2010-10-25 18:28:38','Billing Process',2),(173,133,NULL,'REGISTRATION',NULL,88,NULL,'2010-10-25 18:31:39',1,663,1,0,1,'Y',1000790,50,'RENDERED','88','PAT',NULL,'2010-10-25 18:31:39','Alok Ranjan','2010-10-25 18:31:39','Billing Process',2),(174,134,NULL,'REGISTRATION',NULL,89,NULL,'2010-10-26 11:48:18',1,664,1,0,1,'Y',1000791,50,'RENDERED','89','PAT',NULL,'2010-10-26 11:48:18','Alok Ranjan','2010-10-26 11:48:19','Billing Process',2),(175,135,NULL,'REGISTRATION',NULL,90,NULL,'2010-10-27 12:22:42',1,665,1,0,1,'Y',1000792,50,'RENDERED','90','PAT',NULL,'2010-10-27 12:22:42','Alok Ranjan','2010-10-27 12:22:43','Billing Process',2),(176,136,NULL,'APPOINTMENT',NULL,90,NULL,'2010-10-27 12:23:57',1,665,1,0,1,'Y',1000793,200,'RENDERED','50','OPD',NULL,'2010-10-27 12:23:57','Alok Ranjan','2010-10-27 12:24:26','Billing Process',2),(177,136,NULL,'Labtest1',NULL,90,8,'2010-10-27 12:24:00',1,665,0,0,1,'Y',1000794,1000,'REQUESTED','50','OPD',NULL,'2010-10-27 12:25:20','Alok Ranjan','2010-10-27 12:26:40','Billing Process',1),(178,136,NULL,'ECG',NULL,90,8,'2010-10-27 12:24:00',1,665,0,0,1,'Y',1000794,500,'REQUESTED','50','OPD',NULL,'2010-10-27 12:25:20','Alok Ranjan','2010-10-27 12:26:40','Billing Process',1),(179,137,NULL,'BY_PASS',NULL,79,NULL,'2010-10-27 17:25:00',1,665,0,0,1,'Y',1000795,25000,'REQUESTED','46','OPD',NULL,'2010-10-27 17:26:00','Alok Ranjan','2010-10-27 17:26:01','Billing Process',1),(180,138,NULL,'1',NULL,79,NULL,'2010-10-27 17:25:00',1,665,0,0,1,'Y',1000796,500,'REQUESTED','46','OPD',NULL,'2010-10-27 17:28:35','Alok Ranjan','2010-10-27 17:28:36','Billing Process',1),(181,139,NULL,'BY_PASS',NULL,79,NULL,'2010-10-27 17:25:00',1,665,0,0,1,'Y',1000797,25000,'REQUESTED','46','OPD',NULL,'2010-10-27 17:29:13','Alok Ranjan','2010-10-27 17:29:14','Billing Process',1),(182,140,NULL,'BY_PASS',NULL,79,NULL,'2010-10-27 17:25:00',1,665,0,0,1,'Y',1000798,25000,'REQUESTED','46','OPD',NULL,'2010-10-27 18:00:52','Alok Ranjan','2010-10-27 18:00:52','Billing Process',1),(183,141,NULL,'BY_PASS',NULL,2,NULL,'2010-10-27 19:04:00',1,665,0,0,1,'Y',1000799,25000,'REQUESTED','1','OPD',NULL,'2010-10-27 19:05:17','ajit kumar','2010-10-27 19:05:17','Billing Process',1),(184,142,NULL,'BY_PASS',NULL,79,NULL,'2010-10-27 19:01:00',1,665,0,0,1,'Y',1000800,25000,'REQUESTED','46','OPD',NULL,'2010-10-27 19:01:56','Alok Ranjan','2010-10-27 19:01:57','Billing Process',1),(185,143,NULL,'CBP',NULL,79,NULL,'2010-10-27 19:01:00',1,665,0,0,1,'Y',1000801,1200,'REQUESTED','46','OPD',NULL,'2010-10-27 19:02:36','Alok Ranjan','2010-10-27 19:02:36','Billing Process',1),(186,143,NULL,'BY_PASS',NULL,79,NULL,'2010-10-27 19:01:00',1,665,0,0,1,'Y',1000801,25000,'REQUESTED','46','OPD',NULL,'2010-10-27 19:02:36','Alok Ranjan','2010-10-27 19:02:36','Billing Process',1),(187,144,NULL,'BY_PASS',NULL,79,NULL,'2010-10-27 19:01:00',1,665,0,0,1,'Y',1000802,25000,'REQUESTED','46','OPD',NULL,'2010-10-27 19:03:06','Alok Ranjan','2010-10-27 19:03:06','Billing Process',1),(188,145,NULL,'BY_PASS',NULL,79,NULL,'2010-10-27 19:01:00',1,665,0,0,1,'Y',1000803,25000,'REQUESTED','79','PAT',NULL,'2010-10-27 19:03:54','Alok Ranjan','2010-10-27 19:03:54','Billing Process',1),(189,146,NULL,'BY_PASS',NULL,41,NULL,'2010-10-27 19:55:00',1,665,0,0,1,'Y',1000804,25000,'REQUESTED','41','PAT',NULL,'2010-10-27 19:55:48','Alok Ranjan','2010-10-27 19:55:49','Billing Process',1),(190,146,NULL,'CBP',NULL,41,NULL,'2010-10-27 19:55:00',1,665,0,0,1,'Y',1000804,1200,'REQUESTED','41','PAT',NULL,'2010-10-27 19:55:48','Alok Ranjan','2010-10-27 19:55:49','Billing Process',1),(191,147,NULL,'BY_PASS',NULL,44,NULL,'2010-10-27 19:55:00',1,665,0,0,1,'Y',1000805,25000,'REQUESTED','44','PAT',NULL,'2010-10-27 19:56:35','Alok Ranjan','2010-10-27 19:56:35','Billing Process',1),(192,147,NULL,'CBP',NULL,44,NULL,'2010-10-27 19:55:00',1,665,0,0,1,'Y',1000805,1200,'REQUESTED','44','PAT',NULL,'2010-10-27 19:56:35','Alok Ranjan','2010-10-27 19:56:35','Billing Process',1),(193,148,NULL,'BY_PASS',NULL,44,NULL,'2010-10-27 19:59:00',1,665,0,0,1,'Y',1000806,25000,'REQUESTED','44','PAT',NULL,'2010-10-27 19:59:15','Alok Ranjan','2010-10-27 19:59:15','Billing Process',1),(194,148,NULL,'CBP',NULL,44,NULL,'2010-10-27 19:59:00',1,665,0,0,1,'Y',1000806,1200,'REQUESTED','44','PAT',NULL,'2010-10-27 19:59:15','Alok Ranjan','2010-10-27 19:59:15','Billing Process',1),(195,149,NULL,'1',NULL,79,NULL,'2010-10-27 19:59:00',1,665,0,0,1,'Y',1000807,500,'REQUESTED','46','OPD',NULL,'2010-10-27 20:03:08','Alok Ranjan','2010-10-27 20:03:08','Billing Process',1),(196,149,NULL,'BY_PASS',NULL,79,NULL,'2010-10-27 19:59:00',1,665,0,0,1,'Y',1000807,25000,'REQUESTED','46','OPD',NULL,'2010-10-27 20:03:08','Alok Ranjan','2010-10-27 20:03:08','Billing Process',1),(197,150,NULL,'1',NULL,79,NULL,'2010-10-27 20:05:00',1,665,0,0,1,'Y',1000808,500,'REQUESTED','46','OPD',NULL,'2010-10-27 20:06:07','Alok Ranjan','2010-10-27 20:06:07','Billing Process',1),(198,150,NULL,'BY_PASS',NULL,79,NULL,'2010-10-27 20:05:00',1,665,0,0,1,'Y',1000808,25000,'REQUESTED','46','OPD',NULL,'2010-10-27 20:06:07','Alok Ranjan','2010-10-27 20:06:07','Billing Process',1),(199,151,NULL,'1',NULL,44,NULL,'2010-10-27 20:05:00',1,665,0,0,1,'Y',1000809,500,'REQUESTED','44','PAT',NULL,'2010-10-27 20:06:57','Alok Ranjan','2010-10-27 20:06:58','Billing Process',1),(200,151,NULL,'BY_PASS',NULL,44,NULL,'2010-10-27 20:05:00',1,665,0,0,1,'Y',1000809,25000,'REQUESTED','44','PAT',NULL,'2010-10-27 20:06:57','Alok Ranjan','2010-10-27 20:06:58','Billing Process',1),(201,152,NULL,'1',NULL,48,NULL,'2010-10-27 20:11:00',1,665,0,0,1,'Y',1000810,500,'REQUESTED','48','PAT',NULL,'2010-10-27 20:12:02','Alok Ranjan','2010-10-27 20:12:02','Billing Process',1),(202,152,NULL,'BY_PASS',NULL,48,NULL,'2010-10-27 20:11:00',1,665,0,0,1,'Y',1000810,25000,'REQUESTED','48','PAT',NULL,'2010-10-27 20:12:02','Alok Ranjan','2010-10-27 20:12:02','Billing Process',1),(203,153,NULL,'1',NULL,48,NULL,'2010-10-27 20:11:00',1,665,0,0,1,'Y',1000811,500,'REQUESTED','48','PAT',NULL,'2010-10-27 20:12:25','Alok Ranjan','2010-10-27 20:12:25','Billing Process',1),(204,153,NULL,'BY_PASS',NULL,48,NULL,'2010-10-27 20:11:00',1,665,0,0,1,'Y',1000811,25000,'REQUESTED','48','PAT',NULL,'2010-10-27 20:12:25','Alok Ranjan','2010-10-27 20:12:25','Billing Process',1),(205,154,NULL,'1',NULL,79,NULL,'2010-10-27 20:48:00',1,665,0,0,1,'Y',1000812,500,'REQUESTED','46','OPD',NULL,'2010-10-27 20:48:46','Alok Ranjan','2010-10-27 20:48:46','Billing Process',1),(206,154,NULL,'CBP',NULL,79,NULL,'2010-10-27 20:48:00',1,665,0,0,1,'Y',1000812,1200,'REQUESTED','46','OPD',NULL,'2010-10-27 20:48:46','Alok Ranjan','2010-10-27 20:48:47','Billing Process',1),(207,155,NULL,'1',NULL,79,NULL,'2010-10-27 20:50:00',1,665,0,0,1,'Y',1000813,500,'REQUESTED','46','OPD',NULL,'2010-10-27 20:50:40','Alok Ranjan','2010-10-27 20:50:41','Billing Process',1),(208,155,NULL,'BY_PASS',NULL,79,NULL,'2010-10-27 20:50:00',1,665,0,0,1,'Y',1000813,25000,'REQUESTED','46','OPD',NULL,'2010-10-27 20:50:40','Alok Ranjan','2010-10-27 20:50:41','Billing Process',1),(209,156,NULL,'1',NULL,79,NULL,'2010-10-27 20:50:00',1,665,0,0,1,'Y',1000814,500,'REQUESTED','46','OPD',NULL,'2010-10-27 21:00:28','Alok Ranjan','2010-10-27 21:00:29','Billing Process',1),(210,156,NULL,'CBP',NULL,79,NULL,'2010-10-27 20:50:00',1,665,0,0,1,'Y',1000814,1200,'REQUESTED','46','OPD',NULL,'2010-10-27 21:00:28','Alok Ranjan','2010-10-27 21:00:29','Billing Process',1),(211,157,NULL,'1',NULL,79,NULL,'2010-10-27 21:05:00',1,665,0,0,1,'Y',1000815,500,'REQUESTED','46','OPD',NULL,'2010-10-27 21:05:17','Alok Ranjan','2010-10-27 21:05:17','Billing Process',1),(212,157,NULL,'BY_PASS',NULL,79,NULL,'2010-10-27 21:05:00',1,665,0,0,1,'Y',1000815,25000,'REQUESTED','46','OPD',NULL,'2010-10-27 21:05:17','Alok Ranjan','2010-10-27 21:05:17','Billing Process',1),(213,158,NULL,'BY_PASS',NULL,79,NULL,'2010-10-27 21:07:00',1,665,0,0,1,'Y',1000816,25000,'REQUESTED','46','OPD',NULL,'2010-10-27 21:07:21','Alok Ranjan','2010-10-27 21:07:22','Billing Process',1),(214,158,NULL,'CBP',NULL,79,NULL,'2010-10-27 21:07:00',1,665,0,0,1,'Y',1000816,1200,'REQUESTED','46','OPD',NULL,'2010-10-27 21:07:21','Alok Ranjan','2010-10-27 21:07:22','Billing Process',1),(215,159,NULL,'BY_PASS',NULL,79,NULL,'2010-10-28 10:26:00',1,666,0,0,1,'Y',1000817,25000,'REQUESTED','46','OPD',NULL,'2010-10-28 10:27:01','Alok Ranjan','2010-10-28 10:27:01','Billing Process',1),(216,159,NULL,'CBP',NULL,79,NULL,'2010-10-28 10:26:00',1,666,0,0,1,'Y',1000817,1200,'REQUESTED','46','OPD',NULL,'2010-10-28 10:27:01','Alok Ranjan','2010-10-28 10:27:01','Billing Process',1),(217,160,NULL,'1',NULL,79,NULL,'2010-10-28 10:30:00',1,666,0,0,1,'Y',1000818,500,'REQUESTED','46','OPD',NULL,'2010-10-28 10:31:11','Alok Ranjan','2010-10-28 10:31:11','Billing Process',1),(218,160,NULL,'CBP',NULL,79,NULL,'2010-10-28 10:30:00',1,666,0,0,1,'Y',1000818,1200,'REQUESTED','46','OPD',NULL,'2010-10-28 10:31:11','Alok Ranjan','2010-10-28 10:31:11','Billing Process',1),(219,161,NULL,'1',NULL,79,NULL,'2010-10-28 10:33:00',1,666,0,0,1,'Y',1000819,500,'REQUESTED','46','OPD',NULL,'2010-10-28 10:33:50','Alok Ranjan','2010-10-28 10:33:51','Billing Process',1),(220,161,NULL,'CBP',NULL,79,NULL,'2010-10-28 10:33:00',1,666,0,0,1,'Y',1000819,1200,'REQUESTED','46','OPD',NULL,'2010-10-28 10:33:51','Alok Ranjan','2010-10-28 10:33:51','Billing Process',1),(221,162,NULL,'1',NULL,79,NULL,'2010-10-28 10:37:00',1,666,0,0,1,'Y',1000820,500,'REQUESTED','46','OPD',NULL,'2010-10-28 10:37:46','Alok Ranjan','2010-10-28 10:37:47','Billing Process',1),(222,162,NULL,'BY_PASS',NULL,79,NULL,'2010-10-28 10:37:00',1,666,0,0,1,'Y',1000820,25000,'REQUESTED','46','OPD',NULL,'2010-10-28 10:37:46','Alok Ranjan','2010-10-28 10:37:47','Billing Process',1),(223,163,NULL,'1',NULL,79,NULL,'2010-10-28 10:39:00',1,666,0,0,1,'Y',1000821,500,'REQUESTED','46','OPD',NULL,'2010-10-28 10:40:12','Alok Ranjan','2010-10-28 10:40:12','Billing Process',1),(224,163,NULL,'BY_PASS',NULL,79,NULL,'2010-10-28 10:39:00',1,666,0,0,1,'Y',1000821,25000,'REQUESTED','46','OPD',NULL,'2010-10-28 10:40:12','Alok Ranjan','2010-10-28 10:40:12','Billing Process',1),(225,164,NULL,'1',NULL,79,NULL,'2010-10-28 10:43:00',1,666,0,0,1,'Y',1000822,500,'REQUESTED','46','OPD',NULL,'2010-10-28 10:44:11','Alok Ranjan','2010-10-28 10:44:11','Billing Process',1),(226,164,NULL,'BY_PASS',NULL,79,NULL,'2010-10-28 10:43:00',1,666,0,0,1,'Y',1000822,25000,'REQUESTED','46','OPD',NULL,'2010-10-28 10:44:11','Alok Ranjan','2010-10-28 10:44:11','Billing Process',1),(227,165,NULL,'1',NULL,79,NULL,'2010-10-28 10:50:00',1,666,0,0,1,'Y',1000823,500,'REQUESTED','46','OPD',NULL,'2010-10-28 10:50:35','Alok Ranjan','2010-10-28 10:50:35','Billing Process',1),(228,165,NULL,'BY_PASS',NULL,79,NULL,'2010-10-28 10:50:00',1,666,0,0,1,'Y',1000823,25000,'REQUESTED','46','OPD',NULL,'2010-10-28 10:50:35','Alok Ranjan','2010-10-28 10:50:35','Billing Process',1),(229,166,NULL,'1',NULL,79,NULL,'2010-10-28 10:54:00',1,666,0,0,1,'Y',1000824,500,'REQUESTED','46','OPD',NULL,'2010-10-28 10:55:08','Alok Ranjan','2010-10-28 10:58:56','Billing Process',1),(230,166,NULL,'BY_PASS',NULL,79,NULL,'2010-10-28 10:54:00',1,666,0,0,1,'Y',1000824,25000,'REQUESTED','46','OPD',NULL,'2010-10-28 10:55:08','Alok Ranjan','2010-10-28 10:58:56','Billing Process',1),(231,167,NULL,'1',NULL,79,NULL,'2010-10-28 10:58:00',1,666,0,0,1,'Y',1000825,500,'REQUESTED','46','OPD',NULL,'2010-10-28 11:02:29','Alok Ranjan','2010-10-28 11:02:30','Billing Process',1),(232,167,NULL,'BY_PASS',NULL,79,NULL,'2010-10-28 10:58:00',1,666,0,0,1,'Y',1000825,25000,'REQUESTED','46','OPD',NULL,'2010-10-28 11:02:29','Alok Ranjan','2010-10-28 11:02:30','Billing Process',1),(233,168,NULL,'BY_PASS',NULL,79,NULL,'2010-10-28 11:12:00',1,666,0,0,1,'Y',1000826,25000,'REQUESTED','46','OPD',NULL,'2010-10-28 11:12:34','Alok Ranjan','2010-10-28 11:12:34','Billing Process',1),(234,168,NULL,'ECG',NULL,79,NULL,'2010-10-28 11:12:00',1,666,0,0,1,'Y',1000826,500,'REQUESTED','46','OPD',NULL,'2010-10-28 11:12:34','Alok Ranjan','2010-10-28 11:12:35','Billing Process',1),(235,169,NULL,'1',NULL,79,NULL,'2010-10-28 11:12:00',1,666,0,0,1,'Y',1000827,500,'REQUESTED','46','OPD',NULL,'2010-10-28 11:12:59','Alok Ranjan','2010-10-28 11:14:23','Billing Process',1),(236,169,NULL,'CBP',NULL,79,NULL,'2010-10-28 11:12:00',1,666,0,0,1,'Y',1000827,1200,'REQUESTED','46','OPD',NULL,'2010-10-28 11:12:59','Alok Ranjan','2010-10-28 11:14:23','Billing Process',1),(237,169,NULL,'ECG',NULL,79,NULL,'2010-10-28 11:12:00',1,666,0,0,1,'Y',1000827,500,'REQUESTED','46','OPD',NULL,'2010-10-28 11:12:59','Alok Ranjan','2010-10-28 11:14:23','Billing Process',1),(238,170,NULL,'BY_PASS',NULL,79,NULL,'2010-10-28 11:14:00',1,666,0,0,1,'Y',1000828,25000,'REQUESTED','46','OPD',NULL,'2010-10-28 11:14:46','Alok Ranjan','2010-10-28 11:14:46','Billing Process',1),(239,170,NULL,'CBP',NULL,79,NULL,'2010-10-28 11:14:00',1,666,0,0,1,'Y',1000828,1200,'REQUESTED','46','OPD',NULL,'2010-10-28 11:14:46','Alok Ranjan','2010-10-28 11:14:46','Billing Process',1),(240,171,NULL,'1',NULL,79,NULL,'2010-10-28 11:19:00',1,666,0,0,1,'Y',1000829,500,'REQUESTED','46','OPD',NULL,'2010-10-28 11:20:20','Alok Ranjan','2010-10-28 11:20:20','Billing Process',1),(241,171,NULL,'CBP',NULL,79,NULL,'2010-10-28 11:19:00',1,666,0,0,1,'Y',1000829,1200,'REQUESTED','46','OPD',NULL,'2010-10-28 11:20:20','Alok Ranjan','2010-10-28 11:20:20','Billing Process',1),(242,172,NULL,'BY_PASS',NULL,79,NULL,'2010-10-28 11:24:00',1,666,0,0,1,'Y',1000830,25000,'REQUESTED','46','OPD',NULL,'2010-10-28 11:24:58','Alok Ranjan','2010-10-28 11:24:58','Billing Process',1),(243,172,NULL,'CBP',NULL,79,NULL,'2010-10-28 11:24:00',1,666,0,0,1,'Y',1000830,1200,'REQUESTED','46','OPD',NULL,'2010-10-28 11:24:58','Alok Ranjan','2010-10-28 11:24:58','Billing Process',1),(244,173,NULL,'BY_PASS',NULL,79,NULL,'2010-10-28 11:28:00',1,666,0,0,1,'Y',1000831,25000,'REQUESTED','46','OPD',NULL,'2010-10-28 11:28:25','Alok Ranjan','2010-10-28 11:28:25','Billing Process',1),(245,173,NULL,'ECG',NULL,79,NULL,'2010-10-28 11:28:00',1,666,0,0,1,'Y',1000831,500,'REQUESTED','46','OPD',NULL,'2010-10-28 11:28:25','Alok Ranjan','2010-10-28 11:28:25','Billing Process',1),(246,174,NULL,'1',NULL,79,NULL,'2010-10-28 11:28:00',1,666,0,0,1,'Y',1000832,500,'REQUESTED','46','OPD',NULL,'2010-10-28 11:29:59','Alok Ranjan','2010-10-28 11:30:00','Billing Process',1),(247,174,NULL,'BY_PASS',NULL,79,NULL,'2010-10-28 11:28:00',1,666,0,0,1,'Y',1000832,25000,'REQUESTED','46','OPD',NULL,'2010-10-28 11:29:59','Alok Ranjan','2010-10-28 11:30:00','Billing Process',1),(248,118,NULL,'BY_PASS',NULL,78,NULL,'2010-10-28 11:33:00',1,666,0,0,1,'Y',1000833,25000,'REQUESTED','45','OPD',NULL,'2010-10-28 11:33:57','Alok Ranjan','2010-10-28 11:33:57','Billing Process',1),(249,118,NULL,'CBP',NULL,78,NULL,'2010-10-28 11:33:00',1,666,0,0,1,'Y',1000833,1200,'REQUESTED','45','OPD',NULL,'2010-10-28 11:33:57','Alok Ranjan','2010-10-28 11:33:57','Billing Process',1),(250,175,NULL,'BY_PASS',NULL,78,NULL,'2010-10-28 11:38:00',1,666,0,0,1,'Y',1000834,25000,'REQUESTED','45','OPD',NULL,'2010-10-28 11:39:07','Alok Ranjan','2010-10-28 11:39:08','Billing Process',1),(251,175,NULL,'CBP',NULL,78,NULL,'2010-10-28 11:38:00',1,666,0,0,1,'Y',1000834,1200,'REQUESTED','45','OPD',NULL,'2010-10-28 11:39:07','Alok Ranjan','2010-10-28 11:39:08','Billing Process',1),(252,176,NULL,'1',NULL,78,NULL,'2010-10-28 11:40:00',1,666,0,0,1,'Y',1000835,500,'REQUESTED','45','OPD',NULL,'2010-10-28 11:41:10','Alok Ranjan','2010-10-28 11:41:10','Billing Process',1),(253,176,NULL,'CBP',NULL,78,NULL,'2010-10-28 11:40:00',1,666,0,0,1,'Y',1000835,1200,'REQUESTED','45','OPD',NULL,'2010-10-28 11:41:10','Alok Ranjan','2010-10-28 11:41:10','Billing Process',1),(254,177,NULL,'1',NULL,79,NULL,'2010-10-28 11:40:00',1,666,0,0,1,'Y',1000836,500,'REQUESTED','46','OPD',NULL,'2010-10-28 11:41:38','Alok Ranjan','2010-10-28 11:41:38','Billing Process',1),(255,177,NULL,'BY_PASS',NULL,79,NULL,'2010-10-28 11:40:00',1,666,0,0,1,'Y',1000836,25000,'REQUESTED','46','OPD',NULL,'2010-10-28 11:41:38','Alok Ranjan','2010-10-28 11:41:38','Billing Process',1),(256,178,NULL,'1',NULL,78,NULL,'2010-10-28 11:44:00',1,666,0,0,1,'Y',1000837,500,'REQUESTED','45','OPD',NULL,'2010-10-28 11:44:19','Alok Ranjan','2010-10-28 11:44:19','Billing Process',1),(257,178,NULL,'CBP',NULL,78,NULL,'2010-10-28 11:44:00',1,666,0,0,1,'Y',1000837,1200,'REQUESTED','45','OPD',NULL,'2010-10-28 11:44:19','Alok Ranjan','2010-10-28 11:44:19','Billing Process',1),(258,179,NULL,'1',NULL,74,NULL,'2010-10-28 11:46:00',1,666,0,0,1,'Y',1000838,500,'REQUESTED','40','OPD',NULL,'2010-10-28 11:46:35','Alok Ranjan','2010-10-28 11:46:35','Billing Process',1),(259,179,NULL,'CBP',NULL,74,NULL,'2010-10-28 11:46:00',1,666,0,0,1,'Y',1000838,1200,'REQUESTED','40','OPD',NULL,'2010-10-28 11:46:35','Alok Ranjan','2010-10-28 11:46:35','Billing Process',1),(260,180,NULL,'BY_PASS',NULL,74,NULL,'2010-10-28 11:49:00',1,666,0,0,1,'Y',1000839,25000,'REQUESTED','40','OPD',NULL,'2010-10-28 11:49:27','Alok Ranjan','2010-10-28 11:49:27','Billing Process',1),(261,180,NULL,'BY_PASS',NULL,74,NULL,'2010-10-28 11:49:00',1,666,0,0,1,'Y',1000839,25000,'REQUESTED','40','OPD',NULL,'2010-10-28 11:49:27','Alok Ranjan','2010-10-28 11:49:27','Billing Process',1),(262,180,NULL,'ECG',NULL,74,NULL,'2010-10-28 11:49:00',1,666,0,0,1,'Y',1000839,500,'REQUESTED','40','OPD',NULL,'2010-10-28 11:49:27','Alok Ranjan','2010-10-28 11:49:27','Billing Process',1),(263,181,NULL,'ECG',NULL,74,NULL,'2010-10-28 11:51:00',1,666,0,0,1,'Y',1000840,500,'REQUESTED','40','OPD',NULL,'2010-10-28 11:51:32','Alok Ranjan','2010-10-28 11:51:32','Billing Process',1),(264,181,NULL,'Labtest1',NULL,74,NULL,'2010-10-28 11:51:00',1,666,0,0,1,'Y',1000840,1000,'REQUESTED','40','OPD',NULL,'2010-10-28 11:51:32','Alok Ranjan','2010-10-28 11:51:32','Billing Process',1),(265,182,NULL,'1',NULL,74,NULL,'2010-10-28 11:54:00',1,666,0,0,1,'Y',1000841,500,'REQUESTED','40','OPD',NULL,'2010-10-28 11:54:24','Alok Ranjan','2010-10-28 11:54:25','Billing Process',1),(266,182,NULL,'ECG',NULL,74,NULL,'2010-10-28 11:54:00',1,666,0,0,1,'Y',1000841,500,'REQUESTED','40','OPD',NULL,'2010-10-28 11:54:24','Alok Ranjan','2010-10-28 11:54:25','Billing Process',1),(267,183,NULL,'BY_PASS',NULL,74,NULL,'2010-10-28 11:57:00',1,666,0,0,1,'Y',1000842,25000,'REQUESTED','40','OPD',NULL,'2010-10-28 11:57:22','Alok Ranjan','2010-10-28 11:57:22','Billing Process',1),(268,183,NULL,'ECG',NULL,74,NULL,'2010-10-28 11:57:00',1,666,0,0,1,'Y',1000842,500,'REQUESTED','40','OPD',NULL,'2010-10-28 11:57:22','Alok Ranjan','2010-10-28 11:57:22','Billing Process',1),(269,184,NULL,'1',NULL,74,NULL,'2010-10-28 11:59:00',1,666,0,0,1,'Y',1000843,500,'REQUESTED','40','OPD',NULL,'2010-10-28 11:59:44','Alok Ranjan','2010-10-28 11:59:44','Billing Process',1),(270,184,NULL,'Labtest1',NULL,74,NULL,'2010-10-28 11:59:00',1,666,0,0,1,'Y',1000843,1000,'REQUESTED','40','OPD',NULL,'2010-10-28 11:59:44','Alok Ranjan','2010-10-28 11:59:44','Billing Process',1),(271,184,NULL,'xray',NULL,74,NULL,'2010-10-28 11:59:00',1,666,0,0,1,'Y',1000843,400,'REQUESTED','40','OPD',NULL,'2010-10-28 11:59:44','Alok Ranjan','2010-10-28 11:59:44','Billing Process',1),(272,185,NULL,'1',NULL,79,NULL,'2010-10-28 11:59:00',1,666,0,0,1,'Y',1000844,500,'REQUESTED','46','OPD',NULL,'2010-10-28 12:00:41','Alok Ranjan','2010-10-28 12:00:42','Billing Process',1),(273,185,NULL,'BY_PASS',NULL,79,NULL,'2010-10-28 11:59:00',1,666,0,0,1,'Y',1000844,25000,'REQUESTED','46','OPD',NULL,'2010-10-28 12:00:41','Alok Ranjan','2010-10-28 12:00:42','Billing Process',1),(274,185,NULL,'ECG',NULL,79,NULL,'2010-10-28 11:59:00',1,666,0,0,1,'Y',1000844,500,'REQUESTED','46','OPD',NULL,'2010-10-28 12:00:41','Alok Ranjan','2010-10-28 12:00:42','Billing Process',1),(275,185,NULL,'Labtest1',NULL,79,NULL,'2010-10-28 11:59:00',1,666,0,0,1,'Y',1000844,1000,'REQUESTED','46','OPD',NULL,'2010-10-28 12:00:41','Alok Ranjan','2010-10-28 12:00:42','Billing Process',1),(276,186,NULL,'1',NULL,80,NULL,'2010-10-28 12:02:00',1,666,0,0,1,'Y',1000845,500,'REQUESTED','49','OPD',NULL,'2010-10-28 12:02:49','Alok Ranjan','2010-10-28 12:02:49','Billing Process',1),(277,186,NULL,'ECG',NULL,80,NULL,'2010-10-28 12:02:00',1,666,0,0,1,'Y',1000845,500,'REQUESTED','49','OPD',NULL,'2010-10-28 12:02:49','Alok Ranjan','2010-10-28 12:02:49','Billing Process',1),(278,186,NULL,'xray',NULL,80,NULL,'2010-10-28 12:02:00',1,666,0,0,1,'Y',1000845,400,'REQUESTED','49','OPD',NULL,'2010-10-28 12:02:49','Alok Ranjan','2010-10-28 12:02:49','Billing Process',1),(279,187,NULL,'1',NULL,80,NULL,'2010-10-28 12:06:00',1,666,0,0,1,'Y',1000846,500,'REQUESTED','49','OPD',NULL,'2010-10-28 12:07:05','Alok Ranjan','2010-10-28 12:07:05','Billing Process',1),(280,187,NULL,'Labtest1',NULL,80,NULL,'2010-10-28 12:06:00',1,666,0,0,1,'Y',1000846,1000,'REQUESTED','49','OPD',NULL,'2010-10-28 12:07:05','Alok Ranjan','2010-10-28 12:07:05','Billing Process',1),(281,187,NULL,'xray',NULL,80,NULL,'2010-10-28 12:06:00',1,666,0,0,1,'Y',1000846,400,'REQUESTED','49','OPD',NULL,'2010-10-28 12:07:05','Alok Ranjan','2010-10-28 12:07:05','Billing Process',1),(282,188,NULL,'1',NULL,80,NULL,'2010-10-28 12:08:00',1,666,0,0,1,'Y',1000847,500,'REQUESTED','49','OPD',NULL,'2010-10-28 12:08:58','Alok Ranjan','2010-10-28 12:08:58','Billing Process',1),(283,188,NULL,'Labtest1',NULL,80,NULL,'2010-10-28 12:08:00',1,666,0,0,1,'Y',1000847,1000,'REQUESTED','49','OPD',NULL,'2010-10-28 12:08:58','Alok Ranjan','2010-10-28 12:08:58','Billing Process',1),(284,188,NULL,'xray',NULL,80,NULL,'2010-10-28 12:08:00',1,666,0,0,1,'Y',1000847,400,'REQUESTED','49','OPD',NULL,'2010-10-28 12:08:58','Alok Ranjan','2010-10-28 12:08:58','Billing Process',1),(285,189,NULL,'BY_PASS',NULL,80,NULL,'2010-10-28 12:21:00',1,666,0,0,1,'Y',1000848,25000,'REQUESTED','49','OPD',NULL,'2010-10-28 12:22:03','Alok Ranjan','2010-10-28 12:22:04','Billing Process',1),(286,189,NULL,'ECG',NULL,80,NULL,'2010-10-28 12:21:00',1,666,0,0,1,'Y',1000848,500,'REQUESTED','49','OPD',NULL,'2010-10-28 12:22:04','Alok Ranjan','2010-10-28 12:22:04','Billing Process',1),(287,189,NULL,'Labtest1',NULL,80,NULL,'2010-10-28 12:21:00',1,666,0,0,1,'Y',1000848,1000,'REQUESTED','49','OPD',NULL,'2010-10-28 12:22:04','Alok Ranjan','2010-10-28 12:22:04','Billing Process',1),(288,190,NULL,'1',NULL,80,NULL,'2010-10-28 12:45:00',1,666,0,0,1,'Y',1000849,500,'REQUESTED','49','OPD',NULL,'2010-10-28 12:45:29','Alok Ranjan','2010-10-28 12:45:30','Billing Process',1),(289,190,NULL,'BY_PASS',NULL,80,NULL,'2010-10-28 12:45:00',1,666,0,0,1,'Y',1000849,25000,'REQUESTED','49','OPD',NULL,'2010-10-28 12:45:29','Alok Ranjan','2010-10-28 12:45:30','Billing Process',1),(290,190,NULL,'CBP',NULL,80,NULL,'2010-10-28 12:45:00',1,666,0,0,1,'Y',1000849,1200,'REQUESTED','49','OPD',NULL,'2010-10-28 12:45:29','Alok Ranjan','2010-10-28 12:45:30','Billing Process',1),(291,191,NULL,'BY_PASS',NULL,80,NULL,'2010-10-28 12:45:00',1,666,0,0,1,'Y',1000850,25000,'REQUESTED','49','OPD',NULL,'2010-10-28 12:47:37','Alok Ranjan','2010-10-28 12:47:37','Billing Process',1),(292,191,NULL,'Labtest1',NULL,80,NULL,'2010-10-28 12:45:00',1,666,0,0,1,'Y',1000850,1000,'REQUESTED','49','OPD',NULL,'2010-10-28 12:47:37','Alok Ranjan','2010-10-28 12:47:37','Billing Process',1),(293,192,NULL,'REGISTRATION',NULL,91,NULL,'2010-11-01 11:53:49',1,670,1,0,1,'Y',1000851,50,'RENDERED','91','PAT',NULL,'2010-11-01 11:53:49','Alok Ranjan','2010-11-01 11:53:49','Billing Process',2),(294,193,NULL,'APPOINTMENT',NULL,91,NULL,'2010-11-01 11:55:05',1,670,1,0,1,'Y',1000853,200,'RENDERED','51','OPD',NULL,'2010-11-01 11:55:05','Alok Ranjan','2010-11-01 12:57:29','Billing Process',2),(295,194,NULL,'REGISTRATION',NULL,92,NULL,'2010-11-01 11:59:43',1,670,1,0,1,'Y',1000852,50,'RENDERED','92','PAT',NULL,'2010-11-01 11:59:43','Alok Ranjan','2010-11-01 11:59:44','Billing Process',2),(296,195,NULL,'APPOINTMENT',NULL,92,NULL,'2010-11-01 12:00:31',1,670,1,0,1,'Y',1000854,500,'RENDERED','52','OPD',NULL,'2010-11-01 12:00:31','Alok Ranjan','2010-11-01 12:58:21','Billing Process',2),(297,196,NULL,'APPOINTMENT',NULL,91,NULL,'2010-11-01 13:00:20',1,670,1,0,1,'Y',1000855,500,'RENDERED','53','OPD',NULL,'2010-11-01 13:00:20','Alok Ranjan','2010-11-01 13:01:41','Billing Process',2),(298,197,NULL,'APPOINTMENT',NULL,92,NULL,'2010-11-01 13:04:19',1,670,1,0,1,'Y',1000856,200,'RENDERED','54','OPD',NULL,'2010-11-01 13:04:19','Alok Ranjan','2010-11-01 13:12:44','Billing Process',2),(299,198,NULL,'APPOINTMENT',NULL,90,NULL,'2010-11-01 13:16:23',1,670,1,0,1,'Y',1000857,500,'RENDERED','55','OPD',NULL,'2010-11-01 13:16:23','Alok Ranjan','2010-11-01 13:18:37','Billing Process',2),(300,199,NULL,'APPOINTMENT',NULL,91,NULL,'2010-11-01 13:24:39',1,670,1,0,1,'Y',1000858,100,'RENDERED','56','OPD',NULL,'2010-11-01 13:24:39','Alok Ranjan','2010-11-01 13:27:54','Billing Process',2),(301,200,NULL,'APPOINTMENT',NULL,80,NULL,'2010-11-01 14:31:48',1,670,1,0,1,'Y',1000859,100,'RENDERED','57','OPD',NULL,'2010-11-01 14:31:48','Alok Ranjan','2010-11-01 14:34:04','Billing Process',2),(302,201,NULL,'APPOINTMENT',NULL,71,NULL,'2010-11-01 14:35:48',1,670,1,0,0,'Y',NULL,250,'RENDERED','58','OPD',NULL,'2010-11-01 14:35:48','Alok Ranjan','2010-11-01 14:35:48','Alok Ranjan',1),(303,202,NULL,'APPOINTMENT',NULL,70,NULL,'2010-11-01 14:48:05',1,670,1,0,1,'Y',1000860,500,'RENDERED','59','OPD',NULL,'2010-11-01 14:48:05','Alok Ranjan','2010-11-01 15:01:18','Billing Process',2),(304,203,NULL,'REGISTRATION',NULL,93,NULL,'2010-11-01 15:01:48',1,670,1,0,1,'Y',1000861,50,'RENDERED','93','PAT',NULL,'2010-11-01 15:01:48','Alok Ranjan','2010-11-01 15:01:49','Billing Process',2),(305,204,NULL,'APPOINTMENT',NULL,93,NULL,'2010-11-01 15:03:01',1,670,1,0,1,'Y',1000863,200,'RENDERED','60','OPD',NULL,'2010-11-01 15:03:01','Alok Ranjan','2010-11-01 17:58:44','Billing Process',2),(306,205,NULL,'REGISTRATION',NULL,94,NULL,'2010-11-01 15:54:39',1,670,1,0,1,'Y',1000862,50,'RENDERED','94','PAT',NULL,'2010-11-01 15:54:39','Alok Ranjan','2010-11-01 15:54:39','Billing Process',2),(307,206,NULL,'APPOINTMENT',NULL,93,NULL,'2010-11-01 17:28:47',1,670,1,0,0,'Y',NULL,200,'RENDERED','61','OPD',NULL,'2010-11-01 17:28:47','Alok Ranjan','2010-11-01 17:28:47','Alok Ranjan',1),(308,207,NULL,'REGISTRATION',NULL,95,NULL,'2010-11-01 18:36:17',1,670,1,0,1,'Y',1000864,50,'RENDERED','95','PAT',NULL,'2010-11-01 18:36:17','Alok Ranjan','2010-11-01 18:36:18','Billing Process',2),(309,208,NULL,'APPOINTMENT',NULL,95,NULL,'2010-11-01 18:37:32',1,670,1,0,1,'Y',1000865,200,'RENDERED','62','OPD',NULL,'2010-11-01 18:37:32','Alok Ranjan','2010-11-01 18:37:54','Billing Process',2),(310,209,NULL,'APPOINTMENT',NULL,54,NULL,'2010-11-01 18:44:41',1,670,1,0,0,'Y',NULL,500,'RENDERED','63','OPD',NULL,'2010-11-01 18:44:41','Alok Ranjan','2010-11-01 18:44:42','Alok Ranjan',1),(311,210,NULL,'1',NULL,5,NULL,'2010-11-01 20:21:00',1,670,0,0,1,'Y',1000866,500,'REQUESTED','28','OPD',NULL,'2010-11-01 20:22:04','Manish ','2010-11-01 20:22:04','Billing Process',1),(312,211,NULL,'CBP',NULL,5,NULL,'2010-11-01 20:30:00',1,670,0,0,1,'Y',1000867,1200,'REQUESTED','28','OPD',NULL,'2010-11-01 20:30:39','Manish ','2010-11-01 20:30:40','Billing Process',1),(313,212,NULL,'1',NULL,5,NULL,'2010-11-01 20:48:00',1,670,0,0,1,'Y',1000868,500,'REQUESTED','28','OPD',NULL,'2010-11-01 20:48:46','Manish ','2010-11-01 20:48:46','Billing Process',1),(314,213,NULL,'BY_PASS',NULL,5,NULL,'2010-11-01 20:50:00',1,670,0,0,1,'Y',1000869,25000,'REQUESTED','28','OPD',NULL,'2010-11-01 20:50:12','Manish ','2010-11-01 20:50:12','Billing Process',1),(315,214,NULL,'BY_PASS',NULL,5,NULL,'2010-11-01 20:54:00',1,670,0,0,1,'Y',1000870,25000,'REQUESTED','28','OPD',NULL,'2010-11-01 20:54:49','Manish ','2010-11-01 20:54:50','Billing Process',1),(316,215,NULL,'BY_PASS',NULL,5,NULL,'2010-11-01 20:54:00',1,670,0,0,1,'Y',1000871,25000,'REQUESTED','28','OPD',NULL,'2010-11-01 20:56:07','Manish ','2010-11-01 20:56:08','Billing Process',1),(317,216,NULL,'1',NULL,5,NULL,'2010-11-01 20:56:00',1,670,0,0,1,'Y',1000872,500,'REQUESTED','28','OPD',NULL,'2010-11-01 20:57:03','Manish ','2010-11-01 20:58:40','Billing Process',1),(318,217,NULL,'1',NULL,5,NULL,'2010-11-01 21:03:00',1,670,0,0,1,'Y',1000873,500,'REQUESTED','28','OPD',NULL,'2010-11-01 21:04:49','Manish ','2010-11-01 21:04:50','Billing Process',1),(319,218,NULL,'CBP',NULL,5,NULL,'2010-11-01 21:03:00',1,670,0,0,1,'Y',1000874,1200,'REQUESTED','28','OPD',NULL,'2010-11-01 21:26:51','Manish ','2010-11-01 21:26:51','Billing Process',1),(320,219,NULL,'REGISTRATION',NULL,96,NULL,'2010-11-02 09:29:59',1,671,1,0,1,'Y',1000875,50,'RENDERED','96','PAT',NULL,'2010-11-02 09:29:59','ajit kumar','2010-11-02 09:30:00','Billing Process',2),(321,220,NULL,'REGISTRATION',NULL,97,NULL,'2010-11-02 10:08:05',1,671,1,0,1,'Y',1000876,50,'RENDERED','97','PAT',NULL,'2010-11-02 10:08:05','Manish ','2010-11-02 10:08:06','Billing Process',2),(322,208,NULL,'CBP',NULL,95,8,'2010-11-02 11:57:00',1,671,0,0,0,'Y',NULL,1200,'REQUESTED','62','OPD',NULL,'2010-11-02 11:57:57','Manish ',NULL,NULL,0),(323,208,NULL,'ECG',NULL,95,8,'2010-11-02 11:57:00',1,671,0,0,0,'Y',NULL,500,'REQUESTED','62','OPD',NULL,'2010-11-02 11:57:57','Manish ',NULL,NULL,0),(324,221,NULL,'APPOINTMENT',NULL,97,NULL,'2010-11-03 17:33:34',1,672,1,0,0,'Y',NULL,500,'RENDERED','64','OPD',NULL,'2010-11-03 17:33:35','Manish ','2010-11-03 17:33:35','Manish ',1),(325,222,NULL,'APPOINTMENT',NULL,79,NULL,'2010-11-08 14:53:37',1,677,1,0,0,'Y',NULL,200,'RENDERED','65','OPD',NULL,'2010-11-08 14:53:37','Alok Ranjan','2010-11-08 14:53:37','Alok Ranjan',1),(326,223,NULL,'REGISTRATION',NULL,98,NULL,'2010-11-08 15:01:10',1,677,1,0,1,'Y',1000877,50,'RENDERED','98','PAT',NULL,'2010-11-08 15:01:10','Alok Ranjan','2010-11-08 15:01:11','Billing Process',2),(327,224,NULL,'REGISTRATION',NULL,99,NULL,'2010-11-08 15:02:35',1,677,1,0,1,'Y',1000878,50,'RENDERED','99','PAT',NULL,'2010-11-08 15:02:35','Alok Ranjan','2010-11-08 15:02:36','Billing Process',2),(328,225,NULL,'REGISTRATION',NULL,100,NULL,'2010-11-08 15:10:21',1,677,1,0,1,'Y',1000879,50,'RENDERED','100','PAT',NULL,'2010-11-08 15:10:21','Alok Ranjan','2010-11-08 15:10:21','Billing Process',2),(329,226,NULL,'REGISTRATION',NULL,101,NULL,'2010-11-08 15:22:08',1,677,1,0,1,'Y',1000880,50,'RENDERED','101','PAT',NULL,'2010-11-08 15:22:08','Alok Ranjan','2010-11-08 15:22:08','Billing Process',2),(330,227,NULL,'REGISTRATION',NULL,102,NULL,'2010-11-09 11:23:28',1,678,1,0,1,'Y',1000881,50,'RENDERED','102','PAT',NULL,'2010-11-09 11:23:28','Manish ','2010-11-09 11:23:28','Billing Process',2),(331,228,NULL,'APPOINTMENT',NULL,102,NULL,'2010-11-09 11:28:23',1,678,1,0,1,'Y',1000882,500,'RENDERED','66','OPD',NULL,'2010-11-09 11:28:23','Manish ','2010-11-09 11:31:59','Billing Process',2),(332,229,NULL,'REGISTRATION',NULL,103,NULL,'2010-11-09 12:05:00',1,678,1,0,1,'Y',1000885,50,'RENDERED','103','PAT',NULL,'2010-11-09 12:05:00','Manish ','2010-11-09 12:05:00','Billing Process',2),(333,230,NULL,'APPOINTMENT',NULL,103,NULL,'2010-11-09 12:06:18',1,678,1,0,1,'Y',1000886,200,'RENDERED','67','OPD',NULL,'2010-11-09 12:06:18','Manish ','2010-11-09 12:10:37','Billing Process',2),(334,231,NULL,'APPOINTMENT',NULL,70,NULL,'2010-11-09 15:48:38',1,678,1,0,0,'Y',NULL,250,'RENDERED','68','OPD',NULL,'2010-11-09 15:48:38','Manish ','2010-11-09 15:48:38','Manish ',1),(335,232,NULL,'APPOINTMENT',NULL,103,NULL,'2010-11-09 15:51:47',1,678,1,0,1,'Y',1000892,500,'RENDERED','69','OPD',NULL,'2010-11-09 15:51:47','Manish ','2010-11-09 15:52:04','Billing Process',2),(336,233,NULL,'APPOINTMENT',NULL,103,NULL,'2010-11-09 15:53:46',1,678,1,0,0,'Y',NULL,250,'RENDERED','70','OPD',NULL,'2010-11-09 15:53:47','Manish ','2010-11-09 15:53:47','Manish ',1),(337,234,NULL,'APPOINTMENT',NULL,92,NULL,'2010-11-09 16:05:21',1,678,1,0,1,'Y',1000895,100,'RENDERED','71','OPD',NULL,'2010-11-09 16:05:21','Manish ','2010-11-29 16:07:05','Billing Process',2),(338,235,NULL,'REGISTRATION',NULL,104,NULL,'2010-11-10 12:48:27',1,679,1,0,1,'Y',1000893,50,'RENDERED','104','PAT',NULL,'2010-11-10 12:48:27','ajit kumar','2010-11-10 12:48:27','Billing Process',2),(339,236,NULL,'APPOINTMENT',NULL,104,NULL,'2010-11-10 12:49:57',1,679,1,0,1,'Y',1000894,500,'RENDERED','72','OPD',NULL,'2010-11-10 12:49:57','ajit kumar','2010-11-10 13:10:33','Billing Process',2),(340,237,NULL,'APPOINTMENT',NULL,104,NULL,'2010-11-29 16:12:35',1,698,1,0,1,'Y',1000896,250,'RENDERED','73','OPD',NULL,'2010-11-29 16:12:35','Manish ','2010-11-29 16:13:00','Billing Process',2),(341,238,NULL,'ECG',NULL,10,NULL,'2010-12-30 09:45:00',1,729,0,1,0,'Y',NULL,500,'CANCELED','27','OPD',NULL,'2010-12-30 09:25:28','Bhavesh ','2010-12-30 11:35:40','Bhavesh ',1),(342,239,NULL,'ECG',NULL,10,NULL,'2010-12-30 09:45:00',1,729,0,1,0,'Y',NULL,500,'CANCELED','27','OPD',NULL,'2010-12-30 09:26:13','Bhavesh ','2011-06-23 17:38:04','Bhavesh ',1);
/*!40000 ALTER TABLE `assigned_services` ENABLE KEYS */;
UNLOCK TABLES;

--
-- Table structure for table `attribute`
--

DROP TABLE IF EXISTS `attribute`;
/*!40101 SET @saved_cs_client     = @@character_set_client */;
/*!40101 SET character_set_client = utf8 */;
CREATE TABLE `attribute` (
  `NAME` varchar(35) NOT NULL,
  `DESCRIPTION` varchar(100) NOT NULL,
  `TYPE` varchar(20) NOT NULL,
  `PROVIDER` varchar(100) DEFAULT NULL,
  PRIMARY KEY (`NAME`)
) ENGINE=InnoDB DEFAULT CHARSET=latin1;
/*!40101 SET character_set_client = @saved_cs_client */;

--
-- Dumping data for table `attribute`
--

LOCK TABLES `attribute` WRITE;
/*!40000 ALTER TABLE `attribute` DISABLE KEYS */;
INSERT INTO `attribute` VALUES ('admissionStatus','Admission status','MVL','in.wtc.hcis.ip.common.IPReferenceDataManager.getAdmissionStatus'),('agenda','Agenda','longtext',NULL),('dischargeSummary','Discharge summary','longtext',NULL),('dischargeType','Discharge type','MVL','in.wtc.hcis.ip.common.IPReferenceDataManager.getDischargeType'),('entryPoint','Entry point','MVL','in.wtc.hcis.ip.common.IPReferenceDataManager.getAdmissionEntryPoints'),('entryPointReference','Entry point reference','string',NULL),('estimatedCost','Estimated cost','number',''),('expectedAdmissionDate','EDOA','datetime',''),('expectedDischargeDate','EDOD','datetime',''),('reasonForAdmission','Reason for  Admission','longtext',NULL),('unitType','Unit type','MVL','in.wtc.hcis.ip.common.IPReferenceDataManager.getNursingUnitType');
/*!40000 ALTER TABLE `attribute` ENABLE KEYS */;
UNLOCK TABLES;

--
-- Table structure for table `bed_activity`
--

DROP TABLE IF EXISTS `bed_activity`;
/*!40101 SET @saved_cs_client     = @@character_set_client */;
/*!40101 SET character_set_client = utf8 */;
CREATE TABLE `bed_activity` (
  `BED_NUMBER` varchar(30) NOT NULL,
  `ACTIVITY_TYPE_CD` varchar(30) NOT NULL,
  `CREATE_DTM` timestamp NOT NULL DEFAULT CURRENT_TIMESTAMP ON UPDATE CURRENT_TIMESTAMP,
  `BED_STATUS_CD` varchar(30) NOT NULL,
  `CREATED_BY` varchar(20) DEFAULT NULL,
  `REMARKS` varchar(256) DEFAULT NULL,
  `VERSION` int(11) NOT NULL,
  PRIMARY KEY (`BED_NUMBER`,`CREATE_DTM`,`ACTIVITY_TYPE_CD`),
  KEY `BA_BED_NUMBER_FK` (`BED_NUMBER`),
  KEY `BA_ACTIVITY_TYPE_CD_FK` (`ACTIVITY_TYPE_CD`),
  KEY `BA_BED_STATUS_CD_FK` (`BED_STATUS_CD`),
  CONSTRAINT `BA_ACTIVITY_TYPE_CD_FK` FOREIGN KEY (`ACTIVITY_TYPE_CD`) REFERENCES `activity_type` (`ACTIVITY_TYPE_CD`) ON DELETE NO ACTION ON UPDATE NO ACTION,
  CONSTRAINT `BA_BED_NUMBER_FK` FOREIGN KEY (`BED_NUMBER`) REFERENCES `bed_master` (`BED_NUMBER`) ON DELETE NO ACTION ON UPDATE NO ACTION,
  CONSTRAINT `BA_BED_STATUS_CD_FK` FOREIGN KEY (`BED_STATUS_CD`) REFERENCES `bed_status` (`BED_STATUS_CD`) ON DELETE NO ACTION ON UPDATE NO ACTION
) ENGINE=InnoDB DEFAULT CHARSET=latin1;
/*!40101 SET character_set_client = @saved_cs_client */;

--
-- Dumping data for table `bed_activity`
--

LOCK TABLES `bed_activity` WRITE;
/*!40000 ALTER TABLE `bed_activity` DISABLE KEYS */;
INSERT INTO `bed_activity` VALUES ('1','BED_AVAILABLE','2010-10-01 05:10:04','AVAILABLE',' Dischate process ',NULL,0),('1','BED_OCCUPIED','2010-10-05 12:38:37','OCCUPIED','Alok Ranjan',NULL,0),('1','BED_AVAILABLE','2010-10-05 13:06:36','AVAILABLE','Alok Ranjan',NULL,0),('1','BED_OCCUPIED','2010-10-05 13:11:13','OCCUPIED','Alok Ranjan',NULL,0),('1','BED_AVAILABLE','2010-10-06 12:06:12','AVAILABLE',' Dischate process ',NULL,0),('1','BED_OCCUPIED','2010-10-06 12:16:31','OCCUPIED','Alok Ranjan',NULL,0),('1','BED_AVAILABLE','2010-10-06 12:17:34','AVAILABLE','Alok Ranjan',NULL,0),('1','BED_OCCUPIED','2010-10-06 13:05:04','OCCUPIED','ajit kumar',NULL,0),('1','BED_AVAILABLE','2010-10-06 13:07:18','AVAILABLE',' Dischate process ',NULL,0),('1','BED_OCCUPIED','2010-10-06 13:57:41','OCCUPIED','Alok Ranjan',NULL,0),('1','BED_AVAILABLE','2010-10-06 14:12:59','AVAILABLE','Alok Ranjan',NULL,0),('1','BED_OCCUPIED','2010-10-06 14:13:36','OCCUPIED','Alok Ranjan',NULL,0),('2','BED_AVAILABLE','2010-10-05 13:11:13','AVAILABLE','Alok Ranjan',NULL,0),('2','BED_OCCUPIED','2010-10-05 13:14:47','OCCUPIED','Alok Ranjan',NULL,0),('2','BED_AVAILABLE','2010-10-06 13:09:38','AVAILABLE',' Dischate process ',NULL,0),('2','BED_OCCUPIED','2010-10-06 13:51:11','OCCUPIED','Alok Ranjan',NULL,0),('2','BED_AVAILABLE','2010-10-06 13:57:41','AVAILABLE','Alok Ranjan',NULL,0),('2','BED_OCCUPIED','2010-10-06 14:12:59','OCCUPIED','Alok Ranjan',NULL,0),('2','BED_AVAILABLE','2010-10-06 14:16:07','AVAILABLE',' Dischate process ',NULL,0),('2','BED_OCCUPIED','2010-10-06 18:26:07','OCCUPIED','ajit kumar',NULL,0),('2','BED_AVAILABLE','2010-10-07 04:23:34','AVAILABLE',NULL,NULL,0),('2','BED_AVAILABLE','2010-10-07 04:28:03','AVAILABLE','Alok Ranjan',NULL,0),('2','BED_OCCUPIED','2010-10-07 04:28:03','OCCUPIED','Alok Ranjan',NULL,0),('O1','BED_AVAILABLE','2010-10-05 10:16:04','AVAILABLE',NULL,NULL,0),('O1','BED_OCCUPIED','2010-10-05 13:06:36','OCCUPIED','Alok Ranjan',NULL,0),('O1','BED_AVAILABLE','2010-10-06 12:06:12','AVAILABLE',' Dischate process ',NULL,0),('O1','BED_OCCUPIED','2010-10-06 12:16:02','OCCUPIED','Alok Ranjan',NULL,0),('O1','BED_AVAILABLE','2010-10-06 12:16:31','AVAILABLE','Alok Ranjan',NULL,0),('O1','BED_OCCUPIED','2010-10-06 12:17:34','OCCUPIED','Alok Ranjan',NULL,0),('O1','BED_AVAILABLE','2010-10-06 12:17:47','AVAILABLE','Alok Ranjan',NULL,0),('O1','BED_OCCUPIED','2010-10-06 13:02:33','OCCUPIED','Alok Ranjan',NULL,0),('O1','BED_AVAILABLE','2010-10-06 13:07:23','AVAILABLE',' Dischate process ',NULL,0),('O1','BED_AVAILABLE','2010-10-07 03:46:50','AVAILABLE',NULL,NULL,0),('O1','BED_AVAILABLE','2010-10-07 04:28:39','AVAILABLE',NULL,NULL,0),('O101','BED_OCCUPIED','2010-10-05 09:43:08','OCCUPIED','Alok Ranjan',NULL,0),('O101','BED_AVAILABLE','2010-10-06 12:06:12','AVAILABLE',' Dischate process ',NULL,0),('O101','BED_OCCUPIED','2010-10-06 12:17:47','OCCUPIED','Alok Ranjan',NULL,0),('O101','BED_AVAILABLE','2010-10-06 13:07:30','AVAILABLE',' Dischate process ',NULL,0),('O101','BED_AVAILABLE','2010-10-07 03:47:12','AVAILABLE',NULL,NULL,0),('O101','BED_AVAILABLE','2010-10-07 04:23:17','AVAILABLE',NULL,NULL,0),('O101','BED_AVAILABLE','2010-10-07 04:34:06','AVAILABLE',NULL,NULL,0),('S10','BED_AVAILABLE','2010-10-07 09:17:59','AVAILABLE',NULL,NULL,0);
/*!40000 ALTER TABLE `bed_activity` ENABLE KEYS */;
UNLOCK TABLES;

--
-- Table structure for table `bed_bill_history`
--

DROP TABLE IF EXISTS `bed_bill_history`;
/*!40101 SET @saved_cs_client     = @@character_set_client */;
/*!40101 SET character_set_client = utf8 */;
CREATE TABLE `bed_bill_history` (
  `BED_ASSIGNMENT_NBR` int(11) NOT NULL,
  `BILL_NBR` int(11) NOT NULL,
  `BILL_FROM_DTM` datetime NOT NULL,
  `BILL_TO_DTM` datetime NOT NULL,
  `BILLED_HOUR_UNIT` int(11) DEFAULT NULL,
  `BILLED_DAY_UNIT` int(11) DEFAULT NULL,
  `HOURLY_CHARGE` double DEFAULT NULL,
  `DAILY_CHARGE` double DEFAULT NULL,
  `TOTAL_CHARGE` double NOT NULL,
  `CREATE_DTM` timestamp NOT NULL DEFAULT CURRENT_TIMESTAMP,
  `CREATED_BY` varchar(35) DEFAULT NULL,
  `VERSION` int(11) NOT NULL,
  PRIMARY KEY (`BED_ASSIGNMENT_NBR`,`BILL_NBR`),
  CONSTRAINT `bed_bill_history_ibfk_1` FOREIGN KEY (`BED_ASSIGNMENT_NBR`) REFERENCES `bed_usage_history` (`BED_ASSIGNMENT_NBR`)
) ENGINE=InnoDB DEFAULT CHARSET=latin1;
/*!40101 SET character_set_client = @saved_cs_client */;

--
-- Dumping data for table `bed_bill_history`
--

LOCK TABLES `bed_bill_history` WRITE;
/*!40000 ALTER TABLE `bed_bill_history` DISABLE KEYS */;
/*!40000 ALTER TABLE `bed_bill_history` ENABLE KEYS */;
UNLOCK TABLES;

--
-- Table structure for table `bed_envelope`
--

DROP TABLE IF EXISTS `bed_envelope`;
/*!40101 SET @saved_cs_client     = @@character_set_client */;
/*!40101 SET character_set_client = utf8 */;
CREATE TABLE `bed_envelope` (
  `ENVELOPE_NAME` varchar(30) NOT NULL,
  `DESCRIPTION` varchar(256) DEFAULT NULL,
  `FACILITY_TYPE_IND` char(1) DEFAULT 'I',
  `VERSION` int(11) NOT NULL,
  PRIMARY KEY (`ENVELOPE_NAME`)
) ENGINE=InnoDB DEFAULT CHARSET=latin1;
/*!40101 SET character_set_client = @saved_cs_client */;

--
-- Dumping data for table `bed_envelope`
--

LOCK TABLES `bed_envelope` WRITE;
/*!40000 ALTER TABLE `bed_envelope` DISABLE KEYS */;
INSERT INTO `bed_envelope` VALUES ('Infection','Infectious Patients','I',0);
/*!40000 ALTER TABLE `bed_envelope` ENABLE KEYS */;
UNLOCK TABLES;

--
-- Table structure for table `bed_envelope_has_pool`
--

DROP TABLE IF EXISTS `bed_envelope_has_pool`;
/*!40101 SET @saved_cs_client     = @@character_set_client */;
/*!40101 SET character_set_client = utf8 */;
CREATE TABLE `bed_envelope_has_pool` (
  `ENVELOPE_NAME` varchar(30) NOT NULL,
  `POOL_NAME` varchar(30) NOT NULL,
  `EFFECTIVE_FROM_DT` date DEFAULT NULL,
  `EFFECTIVE_TO_DT` date DEFAULT NULL,
  `VERSION` int(11) NOT NULL,
  PRIMARY KEY (`ENVELOPE_NAME`,`POOL_NAME`),
  KEY `BEHP_ENVELOPE_NAME_FK` (`ENVELOPE_NAME`),
  KEY `BEHP_POOL_NAME_FK` (`POOL_NAME`),
  CONSTRAINT `BEHP_ENVELOPE_NAME_FK` FOREIGN KEY (`ENVELOPE_NAME`) REFERENCES `bed_envelope` (`ENVELOPE_NAME`) ON DELETE NO ACTION ON UPDATE NO ACTION,
  CONSTRAINT `BEHP_POOL_NAME_FK` FOREIGN KEY (`POOL_NAME`) REFERENCES `bed_pool` (`BED_POOL_NAME`) ON DELETE NO ACTION ON UPDATE NO ACTION
) ENGINE=InnoDB DEFAULT CHARSET=latin1;
/*!40101 SET character_set_client = @saved_cs_client */;

--
-- Dumping data for table `bed_envelope_has_pool`
--

LOCK TABLES `bed_envelope_has_pool` WRITE;
/*!40000 ALTER TABLE `bed_envelope_has_pool` DISABLE KEYS */;
INSERT INTO `bed_envelope_has_pool` VALUES ('Infection','Infectious ','2010-06-15',NULL,0);
/*!40000 ALTER TABLE `bed_envelope_has_pool` ENABLE KEYS */;
UNLOCK TABLES;

--
-- Table structure for table `bed_has_special_features`
--

DROP TABLE IF EXISTS `bed_has_special_features`;
/*!40101 SET @saved_cs_client     = @@character_set_client */;
/*!40101 SET character_set_client = utf8 */;
CREATE TABLE `bed_has_special_features` (
  `BED_NUMBER` varchar(30) NOT NULL,
  `FEATURE_NAME` varchar(40) NOT NULL,
  `EFFECTIVE_FROM_DATE` date DEFAULT NULL,
  `EFFECTIVE_TO_DATE` date DEFAULT NULL,
  `VERSION` int(11) NOT NULL,
  PRIMARY KEY (`BED_NUMBER`,`FEATURE_NAME`),
  KEY `BED_SPECIAL_FEATURE_NAME_FK` (`FEATURE_NAME`),
  KEY `BED_SPECIAL_FEATURE_BED_NBR_FK` (`BED_NUMBER`),
  CONSTRAINT `BED_SPECIAL_FEATURE_BED_NBR_FK` FOREIGN KEY (`BED_NUMBER`) REFERENCES `bed_master` (`BED_NUMBER`) ON DELETE NO ACTION ON UPDATE NO ACTION,
  CONSTRAINT `BED_SPECIAL_FEATURE_NAME_FK` FOREIGN KEY (`FEATURE_NAME`) REFERENCES `bed_special_feature` (`FEATURE_NAME`) ON DELETE NO ACTION ON UPDATE NO ACTION
) ENGINE=InnoDB DEFAULT CHARSET=latin1;
/*!40101 SET character_set_client = @saved_cs_client */;

--
-- Dumping data for table `bed_has_special_features`
--

LOCK TABLES `bed_has_special_features` WRITE;
/*!40000 ALTER TABLE `bed_has_special_features` DISABLE KEYS */;
INSERT INTO `bed_has_special_features` VALUES ('O1','Adjustable','2010-10-07',NULL,0),('O101','Bed Safety Rails','2010-10-07',NULL,0),('O101','Wheel Chair','2010-10-07',NULL,0),('S10','Adjustable','2010-10-07',NULL,0),('S10','Bed side Locker','2010-10-07',NULL,0),('S10','Fridge','2010-10-07',NULL,0),('S10','Internet connectivity','2010-10-07',NULL,0);
/*!40000 ALTER TABLE `bed_has_special_features` ENABLE KEYS */;
UNLOCK TABLES;

--
-- Table structure for table `bed_master`
--

DROP TABLE IF EXISTS `bed_master`;
/*!40101 SET @saved_cs_client     = @@character_set_client */;
/*!40101 SET character_set_client = utf8 */;
CREATE TABLE `bed_master` (
  `BED_NUMBER` varchar(30) NOT NULL,
  `ROOM_NBR` varchar(30) NOT NULL,
  `FLOOR_NBR` varchar(30) DEFAULT 'Uncategorised',
  `SITE_NAME` varchar(80) DEFAULT NULL,
  `NURSING_UNIT_NAME` varchar(30) NOT NULL,
  `DESCRIPTION` varchar(256) DEFAULT NULL,
  `MODIFIED_BY` varchar(20) DEFAULT NULL,
  `LAST_MODIFIED_DTM` timestamp NULL DEFAULT NULL,
  `BED_TYPE_CD` varchar(30) NOT NULL,
  `BED_STATUS_CD` varchar(30) NOT NULL,
  `DAILY_CHARGE` double DEFAULT NULL,
  `HOURLY_CHARGE` double DEFAULT NULL,
  `DEPOSIT_AMOUNT` double DEFAULT NULL,
  `ADMISSION_REQ_NBR` int(11) DEFAULT NULL,
  `ADMISSION_DTM` timestamp NULL DEFAULT NULL,
  `EXPECTED_DISCHARGE_DTM` timestamp NULL DEFAULT NULL,
  `PATIENT_ID` int(11) DEFAULT NULL,
  `DOCTOR_ID` int(11) DEFAULT NULL,
  `VERSION` int(11) NOT NULL,
  PRIMARY KEY (`BED_NUMBER`),
  KEY `BM_BED_STATUS_CD_FK` (`BED_STATUS_CD`),
  KEY `BM_BED_TYPE_CD_FK` (`BED_TYPE_CD`),
  KEY `BM_NURSING_UNIT_NAME_FK` (`NURSING_UNIT_NAME`),
  KEY `BM_ADMISSION_NBR_FK1` (`ADMISSION_REQ_NBR`),
  CONSTRAINT `bed_master_ibfk_1` FOREIGN KEY (`ADMISSION_REQ_NBR`) REFERENCES `admission` (`ADMISSION_REQ_NBR`),
  CONSTRAINT `BM_BED_STATUS_CD_FK` FOREIGN KEY (`BED_STATUS_CD`) REFERENCES `bed_status` (`BED_STATUS_CD`) ON DELETE NO ACTION ON UPDATE NO ACTION,
  CONSTRAINT `BM_BED_TYPE_CD_FK` FOREIGN KEY (`BED_TYPE_CD`) REFERENCES `bed_type` (`BED_TYPE_CD`) ON DELETE NO ACTION ON UPDATE NO ACTION,
  CONSTRAINT `BM_NURSING_UNIT_NAME_FK` FOREIGN KEY (`NURSING_UNIT_NAME`) REFERENCES `nursing_unit` (`UNIT_NAME`) ON DELETE NO ACTION ON UPDATE NO ACTION
) ENGINE=InnoDB DEFAULT CHARSET=latin1;
/*!40101 SET character_set_client = @saved_cs_client */;

--
-- Dumping data for table `bed_master`
--

LOCK TABLES `bed_master` WRITE;
/*!40000 ALTER TABLE `bed_master` DISABLE KEYS */;
INSERT INTO `bed_master` VALUES ('1','104','Uncategorised','','NU1','Bed number-1',NULL,NULL,'GENERAL_WARD','OCCUPIED',300,100,100,15,'2010-09-29 18:30:00',NULL,8,2,13),('2','1002','Uncategorised','','NU1','bed2',NULL,'2010-10-07 04:23:34','GENERAL_WARD','OCCUPIED',NULL,50,NULL,22,'2010-10-05 18:30:00',NULL,14,1,12),('O1','100','Uncategorised','','NU1','Operation theatre bed',NULL,'2010-10-07 04:34:41','OT','CLEANING',NULL,500,NULL,NULL,NULL,NULL,NULL,NULL,13),('O101','100','1st','','NU2','Bed meant for surgery',NULL,'2010-10-07 04:33:59','OT','AVAILABLE',NULL,500,300,NULL,NULL,NULL,NULL,NULL,10),('S10','1004','Uncategorised','','NU1','Bed 10',NULL,NULL,'DOUBLE','AVAILABLE',NULL,NULL,NULL,NULL,NULL,NULL,NULL,NULL,0);
/*!40000 ALTER TABLE `bed_master` ENABLE KEYS */;
UNLOCK TABLES;

--
-- Table structure for table `bed_pool`
--

DROP TABLE IF EXISTS `bed_pool`;
/*!40101 SET @saved_cs_client     = @@character_set_client */;
/*!40101 SET character_set_client = utf8 */;
CREATE TABLE `bed_pool` (
  `BED_POOL_NAME` varchar(30) NOT NULL,
  `POOL_DESC` varchar(256) DEFAULT NULL,
  `TOTAL_NUMBER_OF_BED` int(11) NOT NULL,
  `NUMBER_OF_AVAILABLE_BEDS` int(11) NOT NULL,
  `VERSION` int(11) NOT NULL,
  PRIMARY KEY (`BED_POOL_NAME`)
) ENGINE=InnoDB DEFAULT CHARSET=latin1;
/*!40101 SET character_set_client = @saved_cs_client */;

--
-- Dumping data for table `bed_pool`
--

LOCK TABLES `bed_pool` WRITE;
/*!40000 ALTER TABLE `bed_pool` DISABLE KEYS */;
INSERT INTO `bed_pool` VALUES ('Custodial','A zone for the patient from Police Station ',5,2,32),('Infectious ','Infectious Disease',0,0,0);
/*!40000 ALTER TABLE `bed_pool` ENABLE KEYS */;
UNLOCK TABLES;

--
-- Table structure for table `bed_pool_has_unit_type`
--

DROP TABLE IF EXISTS `bed_pool_has_unit_type`;
/*!40101 SET @saved_cs_client     = @@character_set_client */;
/*!40101 SET character_set_client = utf8 */;
CREATE TABLE `bed_pool_has_unit_type` (
  `POOL_NAME` varchar(30) NOT NULL,
  `UNIT_TYPE_CD` varchar(30) NOT NULL,
  `EFFECTIVE_FROM_DT` date DEFAULT NULL,
  `EFFECTIVE_TO_DATE` date DEFAULT NULL,
  `VERSION` int(11) NOT NULL,
  PRIMARY KEY (`POOL_NAME`,`UNIT_TYPE_CD`),
  KEY `BPHUT_POOL_NAME_FK` (`POOL_NAME`),
  KEY `BPHUT_NURSING_UNIT_TYPE_CD_Fk` (`UNIT_TYPE_CD`),
  CONSTRAINT `BPHUT_NURSING_UNIT_TYPE_CD_Fk` FOREIGN KEY (`UNIT_TYPE_CD`) REFERENCES `nursing_unit_type` (`UNIT_TYPE_CD`) ON DELETE NO ACTION ON UPDATE NO ACTION,
  CONSTRAINT `BPHUT_POOL_NAME_FK` FOREIGN KEY (`POOL_NAME`) REFERENCES `bed_pool` (`BED_POOL_NAME`) ON DELETE NO ACTION ON UPDATE NO ACTION
) ENGINE=InnoDB DEFAULT CHARSET=latin1;
/*!40101 SET character_set_client = @saved_cs_client */;

--
-- Dumping data for table `bed_pool_has_unit_type`
--

LOCK TABLES `bed_pool_has_unit_type` WRITE;
/*!40000 ALTER TABLE `bed_pool_has_unit_type` DISABLE KEYS */;
INSERT INTO `bed_pool_has_unit_type` VALUES ('Custodial','EMERGENCY','2010-06-14',NULL,0),('Custodial','GENERAL','2010-06-16',NULL,0),('Custodial','OUTPATIENT','2010-06-15',NULL,0);
/*!40000 ALTER TABLE `bed_pool_has_unit_type` ENABLE KEYS */;
UNLOCK TABLES;

--
-- Table structure for table `bed_reservation`
--

DROP TABLE IF EXISTS `bed_reservation`;
/*!40101 SET @saved_cs_client     = @@character_set_client */;
/*!40101 SET character_set_client = utf8 */;
CREATE TABLE `bed_reservation` (
  `BED_RESERVATION_NBR` int(11) NOT NULL AUTO_INCREMENT,
  `UNIT_TYPE_CD` varchar(30) NOT NULL,
  `BED_TYPE_CD` varchar(30) NOT NULL,
  `REQUEST_VALID_TILL` timestamp NOT NULL DEFAULT CURRENT_TIMESTAMP,
  `REQUEST_CREATED_BY` varchar(20) NOT NULL,
  `GOT_PREFERRED_ROOM` char(1) DEFAULT NULL,
  `BED_NUMBER` varchar(30) DEFAULT NULL,
  `RESERVATION_FROM_DTM` timestamp NOT NULL DEFAULT '0000-00-00 00:00:00',
  `RESERVATION_TO_DTM` timestamp NULL DEFAULT NULL,
  `PATIENT_ID` int(11) DEFAULT NULL,
  `RESERVATION_STATUS_CD` varchar(30) NOT NULL,
  `REQUEST_CREATION_DTM` timestamp NULL DEFAULT NULL,
  `MODIFIED_BY` varchar(20) DEFAULT NULL,
  `LAST_MODIFIED_TIME` timestamp NULL DEFAULT NULL,
  `VERSION` int(11) NOT NULL,
  `ADMISSION_REQ_NUMBER` int(11) NOT NULL,
  PRIMARY KEY (`BED_RESERVATION_NBR`),
  KEY `BR_BED_NUMBER_FK1` (`BED_NUMBER`),
  KEY `BR_RESERVATION_STATUS_CD_FK` (`RESERVATION_STATUS_CD`),
  KEY `BR_BED_TYPE_CD_FK` (`BED_TYPE_CD`),
  KEY `BR_UNIT_TYPE_CD_FK` (`UNIT_TYPE_CD`),
  KEY `BR_ADMISSION_REQ_NUMBER_FK` (`ADMISSION_REQ_NUMBER`),
  CONSTRAINT `bed_reservation_ibfk_1` FOREIGN KEY (`BED_NUMBER`) REFERENCES `bed_master` (`BED_NUMBER`) ON DELETE CASCADE ON UPDATE CASCADE,
  CONSTRAINT `bed_reservation_ibfk_2` FOREIGN KEY (`RESERVATION_STATUS_CD`) REFERENCES `reservation_status` (`RESERVATION_STATUS_CD`) ON DELETE CASCADE ON UPDATE CASCADE,
  CONSTRAINT `bed_reservation_ibfk_4` FOREIGN KEY (`UNIT_TYPE_CD`) REFERENCES `nursing_unit_type` (`UNIT_TYPE_CD`),
  CONSTRAINT `bed_reservation_ibfk_5` FOREIGN KEY (`BED_TYPE_CD`) REFERENCES `bed_type` (`BED_TYPE_CD`),
  CONSTRAINT `bed_reservation_ibfk_6` FOREIGN KEY (`ADMISSION_REQ_NUMBER`) REFERENCES `admission` (`ADMISSION_REQ_NBR`)
) ENGINE=InnoDB AUTO_INCREMENT=8 DEFAULT CHARSET=latin1;
/*!40101 SET character_set_client = @saved_cs_client */;

--
-- Dumping data for table `bed_reservation`
--

LOCK TABLES `bed_reservation` WRITE;
/*!40000 ALTER TABLE `bed_reservation` DISABLE KEYS */;
INSERT INTO `bed_reservation` VALUES (1,'GENERAL','GENERAL_WARD','2011-01-05 09:39:22','Alok Ranjan',NULL,NULL,'2010-10-04 18:30:00','2010-10-12 18:30:00',4,'CONFIRMED','2010-10-05 09:39:22',NULL,NULL,0,8),(2,'GENERAL','GENERAL_WARD','2011-01-05 13:13:04','Alok Ranjan',NULL,NULL,'2010-10-04 18:30:00','2010-10-08 18:30:00',8,'CONFIRMED','2010-10-05 13:13:04',NULL,NULL,0,15),(3,'GENERAL','GENERAL_WARD','2011-01-05 13:14:05','Alok Ranjan',NULL,NULL,'2010-10-07 18:30:00','2010-10-17 18:30:00',14,'CONFIRMED','2010-10-05 13:14:05',NULL,NULL,0,14),(4,'GENERAL','GENERAL_WARD','2011-01-06 12:08:19','Alok Ranjan',NULL,NULL,'2010-10-05 18:30:00','2010-10-12 18:30:00',13,'CONFIRMED','2010-10-06 12:08:19',NULL,NULL,0,13),(5,'GENERAL','GENERAL_WARD','2011-01-06 12:09:41','Alok Ranjan',NULL,'O1','2010-10-05 18:30:00','2010-10-12 18:30:00',9,'ASSIGNED','2010-10-06 12:09:41',NULL,'2010-10-06 12:16:02',1,9),(6,'EMERGENCY','GENERAL_WARD','2011-01-06 18:21:45','ajit kumar',NULL,NULL,'2010-10-05 18:30:00','2010-10-18 18:30:00',12,'CONFIRMED','2010-10-06 18:21:45',NULL,NULL,0,16),(7,'GENERAL','DOUBLE','2011-01-07 09:21:54','ajit kumar',NULL,NULL,'2010-10-07 18:30:00','2010-10-08 18:30:00',4,'CONFIRMED','2010-10-07 09:21:54',NULL,NULL,0,24);
/*!40000 ALTER TABLE `bed_reservation` ENABLE KEYS */;
UNLOCK TABLES;

--
-- Table structure for table `bed_reservation_activity`
--

DROP TABLE IF EXISTS `bed_reservation_activity`;
/*!40101 SET @saved_cs_client     = @@character_set_client */;
/*!40101 SET character_set_client = utf8 */;
CREATE TABLE `bed_reservation_activity` (
  `BED_RESERVATION_NBR` int(11) NOT NULL,
  `ACTIVITY_TYPE_CD` varchar(30) NOT NULL,
  `CREATE_DTM` timestamp NOT NULL DEFAULT CURRENT_TIMESTAMP,
  `RESERVATION_STATUS_CD` varchar(30) NOT NULL,
  `REMARKS` varchar(256) DEFAULT NULL,
  `CREATED_BY` varchar(30) NOT NULL,
  `VERSION` int(11) NOT NULL,
  PRIMARY KEY (`BED_RESERVATION_NBR`,`ACTIVITY_TYPE_CD`,`CREATE_DTM`),
  KEY `BRA_BED_RESERVATION_NBR_FK` (`BED_RESERVATION_NBR`),
  KEY `BRA_ACTIVITY_TYPE_CD_FK` (`ACTIVITY_TYPE_CD`),
  KEY `BRA_RESERVATION_STATUS_CD_FK` (`RESERVATION_STATUS_CD`),
  CONSTRAINT `bed_reservation_activity_ibfk_1` FOREIGN KEY (`BED_RESERVATION_NBR`) REFERENCES `bed_reservation` (`BED_RESERVATION_NBR`),
  CONSTRAINT `bed_reservation_activity_ibfk_2` FOREIGN KEY (`ACTIVITY_TYPE_CD`) REFERENCES `activity_type` (`ACTIVITY_TYPE_CD`),
  CONSTRAINT `bed_reservation_activity_ibfk_3` FOREIGN KEY (`RESERVATION_STATUS_CD`) REFERENCES `reservation_status` (`RESERVATION_STATUS_CD`)
) ENGINE=InnoDB DEFAULT CHARSET=latin1;
/*!40101 SET character_set_client = @saved_cs_client */;

--
-- Dumping data for table `bed_reservation_activity`
--

LOCK TABLES `bed_reservation_activity` WRITE;
/*!40000 ALTER TABLE `bed_reservation_activity` DISABLE KEYS */;
INSERT INTO `bed_reservation_activity` VALUES (1,'BED_RES_CONFIRMED','2010-10-05 09:39:22','CONFIRMED','Bed is Booked in Booking confirmed Status.','Alok Ranjan',0),(2,'BED_RES_CONFIRMED','2010-10-05 13:13:04','CONFIRMED','Bed is Booked in Booking confirmed Status.','Alok Ranjan',0),(3,'BED_RES_CONFIRMED','2010-10-05 13:14:05','CONFIRMED','Bed is Booked in Booking confirmed Status.','Alok Ranjan',0),(4,'BED_RES_CONFIRMED','2010-10-06 12:08:19','CONFIRMED','Bed is Booked in Booking confirmed Status.','Alok Ranjan',0),(5,'BED_RES_ASSIGNED','2010-10-06 12:16:02','ASSIGNED','Bed is Assigned.','Alok Ranjan',0),(5,'BED_RES_CONFIRMED','2010-10-06 12:09:41','CONFIRMED','Bed is Booked in Booking confirmed Status.','Alok Ranjan',0),(6,'BED_RES_CONFIRMED','2010-10-06 18:21:45','CONFIRMED','Bed is Booked in Booking confirmed Status.','ajit kumar',0),(7,'BED_RES_CONFIRMED','2010-10-07 09:21:54','CONFIRMED','Bed is Booked in Booking confirmed Status.','ajit kumar',0);
/*!40000 ALTER TABLE `bed_reservation_activity` ENABLE KEYS */;
UNLOCK TABLES;

--
-- Table structure for table `bed_reservation_special_features`
--

DROP TABLE IF EXISTS `bed_reservation_special_features`;
/*!40101 SET @saved_cs_client     = @@character_set_client */;
/*!40101 SET character_set_client = utf8 */;
CREATE TABLE `bed_reservation_special_features` (
  `RESERVATION_NBR` int(11) NOT NULL,
  `FEATURE_NAME` varchar(30) NOT NULL,
  `REQUIRED_FLAG` char(1) DEFAULT NULL,
  `VERSION` int(11) NOT NULL,
  PRIMARY KEY (`RESERVATION_NBR`,`FEATURE_NAME`),
  KEY `BRSF_RESERVATION_NBR_FK` (`RESERVATION_NBR`),
  KEY `BRSF_FEATURE_NAME_FK` (`FEATURE_NAME`),
  CONSTRAINT `BRSF_FEATURE_NAME_FK` FOREIGN KEY (`FEATURE_NAME`) REFERENCES `bed_special_feature` (`FEATURE_NAME`) ON DELETE NO ACTION ON UPDATE NO ACTION,
  CONSTRAINT `BRSF_RESERVATION_NBR_FK` FOREIGN KEY (`RESERVATION_NBR`) REFERENCES `bed_reservation` (`BED_RESERVATION_NBR`) ON DELETE NO ACTION ON UPDATE NO ACTION
) ENGINE=InnoDB DEFAULT CHARSET=latin1;
/*!40101 SET character_set_client = @saved_cs_client */;

--
-- Dumping data for table `bed_reservation_special_features`
--

LOCK TABLES `bed_reservation_special_features` WRITE;
/*!40000 ALTER TABLE `bed_reservation_special_features` DISABLE KEYS */;
INSERT INTO `bed_reservation_special_features` VALUES (7,'Adjustable','N',0),(7,'Internet connectivity','Y',0);
/*!40000 ALTER TABLE `bed_reservation_special_features` ENABLE KEYS */;
UNLOCK TABLES;

--
-- Table structure for table `bed_special_feature`
--

DROP TABLE IF EXISTS `bed_special_feature`;
/*!40101 SET @saved_cs_client     = @@character_set_client */;
/*!40101 SET character_set_client = utf8 */;
CREATE TABLE `bed_special_feature` (
  `FEATURE_NAME` varchar(40) NOT NULL,
  `DESCRIPTION` varchar(256) DEFAULT NULL,
  `LOCATION_WRT_BED_IND` varchar(10) DEFAULT NULL,
  `EFFECTIVE_FROM_DTM` timestamp NULL DEFAULT NULL,
  `EFFECTIVE_TO_DTM` timestamp NULL DEFAULT NULL,
  PRIMARY KEY (`FEATURE_NAME`)
) ENGINE=InnoDB DEFAULT CHARSET=latin1;
/*!40101 SET character_set_client = @saved_cs_client */;

--
-- Dumping data for table `bed_special_feature`
--

LOCK TABLES `bed_special_feature` WRITE;
/*!40000 ALTER TABLE `bed_special_feature` DISABLE KEYS */;
INSERT INTO `bed_special_feature` VALUES ('Adjustable','Bed hight adjustable',NULL,'2009-08-11 04:33:38',NULL),('Aerosol Disinfector','Aerosol Disinfector',NULL,'2009-10-26 06:12:11','2009-10-26 06:12:11'),('Baby Cradle','Baby Cradle',NULL,'2009-10-26 06:12:11','2009-10-26 06:12:11'),('Bed Safety Rails','Bed Safety Rails',NULL,'2009-10-26 06:12:11','2009-10-26 06:12:11'),('Bed side Locker','Bed side Locker',NULL,'2009-10-26 06:12:11','2009-10-26 06:12:11'),('Bed side Screen','Bed side Screen',NULL,'2009-10-26 06:12:11','2009-10-26 06:12:11'),('Foldable ','Bed is foldable by middle',NULL,'2009-08-11 04:33:38',NULL),('Fridge','Fridge',NULL,'2009-10-26 06:12:11','2009-10-26 06:12:11'),('Internet connectivity','Internet connectivity',NULL,'2009-10-26 06:12:11','2009-10-26 06:12:11'),('Over Bed Table','Over Bed Table',NULL,'2009-10-26 06:12:11','2009-10-26 06:12:11'),('Over Bed Trolley','Over Bed Trolley',NULL,'2009-10-26 06:12:11','2009-10-26 06:12:11'),('Television','Television',NULL,'2009-10-26 06:12:11','2009-10-26 06:12:11'),('Trapeze Floor Stand','Trapeze Floor Stand',NULL,'2009-10-26 06:12:11','2009-10-26 06:12:11'),('Wheel Chair','Wheel Chair',NULL,'2009-10-26 06:12:11','2009-10-26 06:12:11');
/*!40000 ALTER TABLE `bed_special_feature` ENABLE KEYS */;
UNLOCK TABLES;

--
-- Table structure for table `bed_status`
--

DROP TABLE IF EXISTS `bed_status`;
/*!40101 SET @saved_cs_client     = @@character_set_client */;
/*!40101 SET character_set_client = utf8 */;
CREATE TABLE `bed_status` (
  `BED_STATUS_CD` varchar(30) NOT NULL,
  `DESCRIPTION` varchar(256) DEFAULT NULL,
  `ACTIVE_FLAG` char(1) DEFAULT NULL,
  PRIMARY KEY (`BED_STATUS_CD`)
) ENGINE=InnoDB DEFAULT CHARSET=latin1;
/*!40101 SET character_set_client = @saved_cs_client */;

--
-- Dumping data for table `bed_status`
--

LOCK TABLES `bed_status` WRITE;
/*!40000 ALTER TABLE `bed_status` DISABLE KEYS */;
INSERT INTO `bed_status` VALUES ('AVAILABLE','Available','Y'),('CLEANING','Being Cleaned','Y'),('DEFECTIVE','Defective','Y'),('OCCUPIED','Occupied','Y'),('PENDING_CLEANING','Pending Cleaning','Y'),('RETIRED','Retired','Y');
/*!40000 ALTER TABLE `bed_status` ENABLE KEYS */;
UNLOCK TABLES;

--
-- Table structure for table `bed_type`
--

DROP TABLE IF EXISTS `bed_type`;
/*!40101 SET @saved_cs_client     = @@character_set_client */;
/*!40101 SET character_set_client = utf8 */;
CREATE TABLE `bed_type` (
  `BED_TYPE_CD` varchar(30) NOT NULL,
  `BED_TYPE_DESC` varchar(256) DEFAULT NULL,
  `ACTIVE_FLAG` char(1) DEFAULT NULL,
  PRIMARY KEY (`BED_TYPE_CD`)
) ENGINE=InnoDB DEFAULT CHARSET=latin1;
/*!40101 SET character_set_client = @saved_cs_client */;

--
-- Dumping data for table `bed_type`
--

LOCK TABLES `bed_type` WRITE;
/*!40000 ALTER TABLE `bed_type` DISABLE KEYS */;
INSERT INTO `bed_type` VALUES ('DOUBLE','Double occupany','Y'),('FEMALE_WARD','Female ward','Y'),('GENERAL_WARD','General ward','Y'),('OT','Operation theater','Y'),('POST_OP','Post-operative','Y'),('PRE_OP','Pre-operative','Y'),('SINGLE','Single occupancy','Y');
/*!40000 ALTER TABLE `bed_type` ENABLE KEYS */;
UNLOCK TABLES;

--
-- Table structure for table `bed_usage_history`
--

DROP TABLE IF EXISTS `bed_usage_history`;
/*!40101 SET @saved_cs_client     = @@character_set_client */;
/*!40101 SET character_set_client = utf8 */;
CREATE TABLE `bed_usage_history` (
  `BED_ASSIGNMENT_NBR` int(11) NOT NULL AUTO_INCREMENT,
  `BED_NUMBER` varchar(30) NOT NULL,
  `ADMISSION_REQ_NBR` int(11) NOT NULL,
  `CHECK_IN_DTM` timestamp NULL DEFAULT NULL,
  `CHECK_OUT_DTM` timestamp NULL DEFAULT NULL,
  `LAST_BILL_NBR` int(11) DEFAULT NULL,
  `LAST_BILL_DTM` timestamp NULL DEFAULT NULL,
  `CREATED_BY` varchar(45) NOT NULL,
  `CREATE_DTM` timestamp NOT NULL DEFAULT CURRENT_TIMESTAMP,
  `VERSION` int(11) NOT NULL,
  PRIMARY KEY (`BED_ASSIGNMENT_NBR`),
  KEY `BED_NUMBER_FK` (`BED_NUMBER`),
  KEY `ADMISSION_REQ_NBR_FK` (`ADMISSION_REQ_NBR`),
  CONSTRAINT `bed_usage_history_ibfk_1` FOREIGN KEY (`BED_NUMBER`) REFERENCES `bed_master` (`BED_NUMBER`),
  CONSTRAINT `bed_usage_history_ibfk_2` FOREIGN KEY (`ADMISSION_REQ_NBR`) REFERENCES `admission` (`ADMISSION_REQ_NBR`)
) ENGINE=InnoDB AUTO_INCREMENT=18 DEFAULT CHARSET=latin1;
/*!40101 SET character_set_client = @saved_cs_client */;

--
-- Dumping data for table `bed_usage_history`
--

LOCK TABLES `bed_usage_history` WRITE;
/*!40000 ALTER TABLE `bed_usage_history` DISABLE KEYS */;
INSERT INTO `bed_usage_history` VALUES (1,'O101',7,'2010-10-05 09:43:08','2010-10-06 12:06:12',NULL,NULL,'Alok Ranjan','2010-10-05 09:43:08',1),(2,'1',7,'2010-10-05 12:38:37','2010-10-05 13:06:36',NULL,NULL,'Alok Ranjan','2010-10-05 12:38:37',1),(3,'O1',7,'2010-10-05 13:06:36','2010-10-06 12:06:12',NULL,NULL,'Alok Ranjan','2010-10-05 13:06:36',1),(4,'1',7,'2010-10-05 13:11:13','2010-10-06 12:06:12',NULL,NULL,'Alok Ranjan','2010-10-05 13:11:13',1),(5,'2',14,'2010-10-05 13:14:47','2010-10-06 13:09:38',NULL,NULL,'Alok Ranjan','2010-10-05 13:14:47',1),(6,'O1',9,'2010-10-06 12:16:02','2010-10-06 12:16:31',NULL,NULL,'Alok Ranjan','2010-10-06 12:16:02',1),(7,'1',9,'2010-10-06 12:16:31','2010-10-06 12:17:34',NULL,NULL,'Alok Ranjan','2010-10-06 12:16:31',1),(8,'O1',9,'2010-10-06 12:17:34','2010-10-06 12:17:47',NULL,NULL,'Alok Ranjan','2010-10-06 12:17:34',1),(9,'O101',9,'2010-10-06 12:17:47','2010-10-06 13:07:30',NULL,NULL,'Alok Ranjan','2010-10-06 12:17:47',1),(10,'O1',8,'2010-10-06 13:02:33','2010-10-06 13:07:23',NULL,NULL,'Alok Ranjan','2010-10-06 13:02:33',1),(11,'1',21,'2010-10-06 13:05:04','2010-10-06 13:07:18',NULL,NULL,'ajit kumar','2010-10-06 13:05:04',1),(12,'2',6,'2010-10-06 13:51:11','2010-10-06 13:57:41',NULL,NULL,'Alok Ranjan','2010-10-06 13:51:11',1),(13,'1',6,'2010-10-06 13:57:41','2010-10-06 14:12:59',NULL,NULL,'Alok Ranjan','2010-10-06 13:57:41',1),(14,'2',6,'2010-10-06 14:12:59','2010-10-06 14:16:07',NULL,NULL,'Alok Ranjan','2010-10-06 14:12:59',1),(15,'1',15,'2010-10-06 14:13:36',NULL,NULL,NULL,'Alok Ranjan','2010-10-06 14:13:36',0),(16,'2',22,'2010-10-06 18:26:07','2010-10-07 04:28:03',NULL,NULL,'ajit kumar','2010-10-06 18:26:07',1),(17,'2',22,'2010-10-07 04:28:03',NULL,NULL,NULL,'Alok Ranjan','2010-10-07 04:28:03',0);
/*!40000 ALTER TABLE `bed_usage_history` ENABLE KEYS */;
UNLOCK TABLES;

--
-- Table structure for table `bill_account`
--

DROP TABLE IF EXISTS `bill_account`;
/*!40101 SET @saved_cs_client     = @@character_set_client */;
/*!40101 SET character_set_client = utf8 */;
CREATE TABLE `bill_account` (
  `account_id` varchar(30) COLLATE utf8_unicode_ci NOT NULL,
  `client_name` varchar(128) COLLATE utf8_unicode_ci NOT NULL,
  `acct_holder_name` varchar(256) COLLATE utf8_unicode_ci NOT NULL,
  `bill_address` varchar(512) COLLATE utf8_unicode_ci NOT NULL,
  `email` varchar(256) COLLATE utf8_unicode_ci DEFAULT NULL,
  `phone` varchar(20) COLLATE utf8_unicode_ci DEFAULT NULL,
  PRIMARY KEY (`account_id`,`client_name`)
) ENGINE=InnoDB DEFAULT CHARSET=utf8 COLLATE=utf8_unicode_ci;
/*!40101 SET character_set_client = @saved_cs_client */;

--
-- Dumping data for table `bill_account`
--

LOCK TABLES `bill_account` WRITE;
/*!40000 ALTER TABLE `bill_account` DISABLE KEYS */;
/*!40000 ALTER TABLE `bill_account` ENABLE KEYS */;
UNLOCK TABLES;

--
-- Table structure for table `bill_activity`
--

DROP TABLE IF EXISTS `bill_activity`;
/*!40101 SET @saved_cs_client     = @@character_set_client */;
/*!40101 SET character_set_client = utf8 */;
CREATE TABLE `bill_activity` (
  `activity_type_id` varchar(30) COLLATE utf8_unicode_ci NOT NULL,
  `activity_type_desc` varchar(1024) COLLATE utf8_unicode_ci NOT NULL,
  `activity_order` int(11) DEFAULT NULL,
  PRIMARY KEY (`activity_type_id`)
) ENGINE=InnoDB DEFAULT CHARSET=utf8 COLLATE=utf8_unicode_ci;
/*!40101 SET character_set_client = @saved_cs_client */;

--
-- Dumping data for table `bill_activity`
--

LOCK TABLES `bill_activity` WRITE;
/*!40000 ALTER TABLE `bill_activity` DISABLE KEYS */;
INSERT INTO `bill_activity` VALUES ('COMPLETED','Process successfully finished execution ',3),('ERRORED','Process failed to bill the billable items',2),('STARTED','Process started execution ',1);
/*!40000 ALTER TABLE `bill_activity` ENABLE KEYS */;
UNLOCK TABLES;

--
-- Table structure for table `bill_activity_details`
--

DROP TABLE IF EXISTS `bill_activity_details`;
/*!40101 SET @saved_cs_client     = @@character_set_client */;
/*!40101 SET character_set_client = utf8 */;
CREATE TABLE `bill_activity_details` (
  `billing_activity_details_id` bigint(20) NOT NULL AUTO_INCREMENT,
  `bill_nbr` bigint(20) NOT NULL,
  `activity_type_cd` varchar(30) COLLATE utf8_unicode_ci NOT NULL,
  `activity_time` datetime NOT NULL,
  `remarks` varchar(1024) COLLATE utf8_unicode_ci DEFAULT NULL,
  PRIMARY KEY (`billing_activity_details_id`),
  KEY `activity_type_cd` (`activity_type_cd`),
  KEY `bill_nbr` (`bill_nbr`),
  CONSTRAINT `bill_activity_details_ibfk_1` FOREIGN KEY (`bill_nbr`) REFERENCES `bill_info` (`BILL_NBR`),
  CONSTRAINT `bill_activity_details_ibfk_2` FOREIGN KEY (`activity_type_cd`) REFERENCES `bill_activity` (`activity_type_id`)
) ENGINE=InnoDB AUTO_INCREMENT=1441 DEFAULT CHARSET=utf8 COLLATE=utf8_unicode_ci;
/*!40101 SET character_set_client = @saved_cs_client */;

--
-- Dumping data for table `bill_activity_details`
--

LOCK TABLES `bill_activity_details` WRITE;
/*!40000 ALTER TABLE `bill_activity_details` DISABLE KEYS */;
INSERT INTO `bill_activity_details` VALUES (1,1000340,'STARTED','2010-07-19 15:47:51','Process Name : SERVICES'),(2,1000340,'COMPLETED','2010-07-19 15:47:51','Process Name : SERVICES'),(3,1000340,'STARTED','2010-07-19 15:47:51','Process Name : ACCOUNTING'),(4,1000340,'COMPLETED','2010-07-19 15:47:55','Process Name : ACCOUNTING'),(5,1000340,'STARTED','2010-07-19 15:47:55','Process Name : PHARMACY'),(6,1000340,'COMPLETED','2010-07-19 15:47:58','Process Name : PHARMACY'),(7,1000341,'STARTED','2010-07-19 15:55:37','Process Name : SERVICES'),(8,1000341,'COMPLETED','2010-07-19 15:55:37','Process Name : SERVICES'),(9,1000341,'STARTED','2010-07-19 15:55:37','Process Name : ACCOUNTING'),(10,1000341,'COMPLETED','2010-07-19 15:55:41','Process Name : ACCOUNTING'),(11,1000341,'STARTED','2010-07-19 15:55:41','Process Name : PHARMACY'),(12,1000341,'COMPLETED','2010-07-19 15:55:44','Process Name : PHARMACY'),(13,1000342,'STARTED','2010-07-19 15:59:25','Process Name : SERVICES'),(14,1000342,'COMPLETED','2010-07-19 15:59:25','Process Name : SERVICES'),(15,1000342,'STARTED','2010-07-19 15:59:25','Process Name : ACCOUNTING'),(16,1000342,'COMPLETED','2010-07-19 15:59:29','Process Name : ACCOUNTING'),(17,1000342,'STARTED','2010-07-19 15:59:29','Process Name : PHARMACY'),(18,1000342,'COMPLETED','2010-07-19 15:59:32','Process Name : PHARMACY'),(19,1000343,'STARTED','2010-07-20 19:11:55','Process Name : SERVICES'),(20,1000343,'COMPLETED','2010-07-20 19:11:55','Process Name : SERVICES'),(21,1000343,'STARTED','2010-07-20 19:11:55','Process Name : ACCOUNTING'),(22,1000343,'COMPLETED','2010-07-20 19:12:00','Process Name : ACCOUNTING'),(23,1000343,'STARTED','2010-07-20 19:12:00','Process Name : PHARMACY'),(24,1000343,'COMPLETED','2010-07-20 19:12:02','Process Name : PHARMACY'),(25,1000344,'STARTED','2010-07-19 16:26:03','Process Name : SERVICES'),(26,1000344,'COMPLETED','2010-07-19 16:26:03','Process Name : SERVICES'),(27,1000344,'STARTED','2010-07-19 16:26:03','Process Name : BED'),(28,1000344,'COMPLETED','2010-07-19 16:26:03','Process Name : BED'),(29,1000344,'STARTED','2010-07-19 16:26:03','Process Name : ACCOUNTING'),(30,1000344,'COMPLETED','2010-07-19 16:26:05','Process Name : ACCOUNTING'),(31,1000344,'STARTED','2010-07-19 16:26:05','Process Name : PHARMACY'),(32,1000344,'COMPLETED','2010-07-19 16:26:07','Process Name : PHARMACY'),(33,1000345,'STARTED','2010-07-19 16:28:02','Process Name : SERVICES'),(34,1000345,'COMPLETED','2010-07-19 16:28:02','Process Name : SERVICES'),(35,1000345,'STARTED','2010-07-19 16:28:02','Process Name : BED'),(36,1000345,'COMPLETED','2010-07-19 16:28:03','Process Name : BED'),(37,1000345,'STARTED','2010-07-19 16:28:03','Process Name : ACCOUNTING'),(38,1000345,'COMPLETED','2010-07-19 16:28:05','Process Name : ACCOUNTING'),(39,1000345,'STARTED','2010-07-19 16:28:05','Process Name : PHARMACY'),(40,1000345,'COMPLETED','2010-07-19 16:28:06','Process Name : PHARMACY'),(41,1000347,'STARTED','2010-07-19 17:13:49','Process Name : SERVICES'),(42,1000347,'COMPLETED','2010-07-19 17:13:49','Process Name : SERVICES'),(43,1000347,'STARTED','2010-07-19 17:13:49','Process Name : ACCOUNTING'),(44,1000347,'COMPLETED','2010-07-19 17:13:52','Process Name : ACCOUNTING'),(45,1000347,'STARTED','2010-07-19 17:13:52','Process Name : PHARMACY'),(46,1000347,'COMPLETED','2010-07-19 17:13:53','Process Name : PHARMACY'),(47,1000348,'STARTED','2010-07-20 06:41:28','Process Name : SERVICES'),(48,1000348,'COMPLETED','2010-07-20 06:41:28','Process Name : SERVICES'),(49,1000348,'STARTED','2010-07-20 06:41:28','Process Name : ACCOUNTING'),(50,1000348,'COMPLETED','2010-07-20 06:41:30','Process Name : ACCOUNTING'),(51,1000348,'STARTED','2010-07-20 06:41:30','Process Name : PHARMACY'),(52,1000348,'COMPLETED','2010-07-20 06:41:31','Process Name : PHARMACY'),(53,1000349,'STARTED','2010-07-20 06:46:20','Process Name : SERVICES'),(54,1000349,'COMPLETED','2010-07-20 06:46:20','Process Name : SERVICES'),(55,1000349,'STARTED','2010-07-20 06:46:20','Process Name : ACCOUNTING'),(56,1000349,'COMPLETED','2010-07-20 06:46:23','Process Name : ACCOUNTING'),(57,1000349,'STARTED','2010-07-20 06:46:23','Process Name : PHARMACY'),(58,1000349,'COMPLETED','2010-07-20 06:46:25','Process Name : PHARMACY'),(59,1000350,'STARTED','2010-07-20 06:47:26','Process Name : SERVICES'),(60,1000350,'COMPLETED','2010-07-20 06:47:26','Process Name : SERVICES'),(61,1000350,'STARTED','2010-07-20 06:47:26','Process Name : ACCOUNTING'),(62,1000350,'COMPLETED','2010-07-20 06:47:29','Process Name : ACCOUNTING'),(63,1000350,'STARTED','2010-07-20 06:47:29','Process Name : PHARMACY'),(64,1000350,'COMPLETED','2010-07-20 06:47:30','Process Name : PHARMACY'),(65,1000351,'STARTED','2010-07-20 06:56:22','Process Name : SERVICES'),(66,1000351,'COMPLETED','2010-07-20 06:56:22','Process Name : SERVICES'),(67,1000351,'STARTED','2010-07-20 06:56:22','Process Name : ACCOUNTING'),(68,1000351,'COMPLETED','2010-07-20 06:56:24','Process Name : ACCOUNTING'),(69,1000351,'STARTED','2010-07-20 06:56:25','Process Name : PHARMACY'),(70,1000351,'COMPLETED','2010-07-20 06:56:26','Process Name : PHARMACY'),(71,1000352,'STARTED','2010-07-20 07:01:39','Process Name : SERVICES'),(72,1000352,'COMPLETED','2010-07-20 07:01:39','Process Name : SERVICES'),(73,1000352,'STARTED','2010-07-20 07:01:39','Process Name : ACCOUNTING'),(74,1000352,'COMPLETED','2010-07-20 07:01:41','Process Name : ACCOUNTING'),(75,1000352,'STARTED','2010-07-20 07:01:41','Process Name : PHARMACY'),(76,1000352,'COMPLETED','2010-07-20 07:01:43','Process Name : PHARMACY'),(77,1000353,'STARTED','2010-07-20 07:34:33','Process Name : SERVICES'),(78,1000353,'COMPLETED','2010-07-20 07:34:33','Process Name : SERVICES'),(79,1000353,'STARTED','2010-07-20 07:34:33','Process Name : ACCOUNTING'),(80,1000353,'COMPLETED','2010-07-20 07:34:35','Process Name : ACCOUNTING'),(81,1000353,'STARTED','2010-07-20 07:34:35','Process Name : PHARMACY'),(82,1000353,'COMPLETED','2010-07-20 07:34:37','Process Name : PHARMACY'),(83,1000354,'STARTED','2010-07-21 10:54:42','Process Name : SERVICES'),(84,1000354,'COMPLETED','2010-07-21 10:54:42','Process Name : SERVICES'),(85,1000354,'STARTED','2010-07-21 10:54:42','Process Name : BED'),(86,1000354,'COMPLETED','2010-07-21 10:54:43','Process Name : BED'),(87,1000354,'STARTED','2010-07-21 10:54:43','Process Name : ACCOUNTING'),(88,1000354,'COMPLETED','2010-07-21 10:54:45','Process Name : ACCOUNTING'),(89,1000354,'STARTED','2010-07-21 10:54:45','Process Name : PHARMACY'),(90,1000354,'COMPLETED','2010-07-21 10:54:47','Process Name : PHARMACY'),(91,1000355,'STARTED','2010-07-21 10:57:30','Process Name : SERVICES'),(92,1000355,'COMPLETED','2010-07-21 10:57:30','Process Name : SERVICES'),(93,1000355,'STARTED','2010-07-21 10:57:30','Process Name : BED'),(94,1000355,'COMPLETED','2010-07-21 10:57:30','Process Name : BED'),(95,1000355,'STARTED','2010-07-21 10:57:30','Process Name : ACCOUNTING'),(96,1000355,'COMPLETED','2010-07-21 10:57:39','Process Name : ACCOUNTING'),(97,1000355,'STARTED','2010-07-21 10:57:39','Process Name : PHARMACY'),(98,1000355,'COMPLETED','2010-07-21 10:57:41','Process Name : PHARMACY'),(99,1000356,'STARTED','2010-07-21 11:17:21','Process Name : SERVICES'),(100,1000356,'COMPLETED','2010-07-21 11:17:21','Process Name : SERVICES'),(101,1000356,'STARTED','2010-07-21 11:17:21','Process Name : BED'),(102,1000356,'COMPLETED','2010-07-21 11:17:21','Process Name : BED'),(103,1000356,'STARTED','2010-07-21 11:17:21','Process Name : ACCOUNTING'),(104,1000356,'COMPLETED','2010-07-21 11:17:24','Process Name : ACCOUNTING'),(105,1000356,'STARTED','2010-07-21 11:17:24','Process Name : PHARMACY'),(106,1000356,'COMPLETED','2010-07-21 11:17:26','Process Name : PHARMACY'),(107,1000357,'STARTED','2010-07-21 11:28:20','Process Name : SERVICES'),(108,1000357,'COMPLETED','2010-07-21 11:28:20','Process Name : SERVICES'),(109,1000357,'STARTED','2010-07-21 11:28:20','Process Name : BED'),(110,1000357,'COMPLETED','2010-07-21 11:28:20','Process Name : BED'),(111,1000357,'STARTED','2010-07-21 11:28:20','Process Name : ACCOUNTING'),(112,1000357,'COMPLETED','2010-07-21 11:28:24','Process Name : ACCOUNTING'),(113,1000357,'STARTED','2010-07-21 11:28:24','Process Name : PHARMACY'),(114,1000357,'COMPLETED','2010-07-21 11:28:26','Process Name : PHARMACY'),(115,1000358,'STARTED','2010-07-20 08:46:18','Process Name : SERVICES'),(116,1000358,'COMPLETED','2010-07-20 08:46:18','Process Name : SERVICES'),(117,1000358,'STARTED','2010-07-20 08:46:18','Process Name : ACCOUNTING'),(118,1000358,'COMPLETED','2010-07-20 08:47:53','Process Name : ACCOUNTING'),(119,1000358,'STARTED','2010-07-20 08:47:53','Process Name : PHARMACY'),(120,1000358,'COMPLETED','2010-07-20 08:47:55','Process Name : PHARMACY'),(121,1000359,'STARTED','2010-07-21 12:25:26','Process Name : SERVICES'),(122,1000359,'COMPLETED','2010-07-21 12:25:26','Process Name : SERVICES'),(123,1000359,'STARTED','2010-07-21 12:25:26','Process Name : BED'),(124,1000359,'COMPLETED','2010-07-21 12:25:26','Process Name : BED'),(125,1000359,'STARTED','2010-07-21 12:25:26','Process Name : ACCOUNTING'),(126,1000359,'COMPLETED','2010-07-21 12:25:30','Process Name : ACCOUNTING'),(127,1000359,'STARTED','2010-07-21 12:25:30','Process Name : PHARMACY'),(128,1000359,'COMPLETED','2010-07-21 12:25:33','Process Name : PHARMACY'),(129,1000360,'STARTED','2010-07-20 09:28:58','Process Name : SERVICES'),(130,1000360,'COMPLETED','2010-07-20 09:28:58','Process Name : SERVICES'),(131,1000360,'STARTED','2010-07-20 09:28:58','Process Name : ACCOUNTING'),(132,1000360,'COMPLETED','2010-07-20 09:29:02','Process Name : ACCOUNTING'),(133,1000360,'STARTED','2010-07-20 09:29:02','Process Name : PHARMACY'),(134,1000360,'COMPLETED','2010-07-20 09:29:04','Process Name : PHARMACY'),(135,1000361,'STARTED','2010-07-21 12:34:35','Process Name : SERVICES'),(136,1000361,'COMPLETED','2010-07-21 12:36:01','Process Name : SERVICES'),(137,1000361,'STARTED','2010-07-21 12:36:01','Process Name : BED'),(138,1000361,'COMPLETED','2010-07-21 12:36:01','Process Name : BED'),(139,1000361,'STARTED','2010-07-21 12:36:01','Process Name : ACCOUNTING'),(140,1000361,'COMPLETED','2010-07-21 12:36:04','Process Name : ACCOUNTING'),(141,1000361,'STARTED','2010-07-21 12:36:04','Process Name : PHARMACY'),(142,1000361,'COMPLETED','2010-07-21 12:36:07','Process Name : PHARMACY'),(143,1000362,'STARTED','2010-07-20 10:01:19','Process Name : SERVICES'),(144,1000362,'COMPLETED','2010-07-20 10:01:19','Process Name : SERVICES'),(145,1000362,'STARTED','2010-07-20 10:01:19','Process Name : ACCOUNTING'),(146,1000362,'COMPLETED','2010-07-20 10:01:23','Process Name : ACCOUNTING'),(147,1000362,'STARTED','2010-07-20 10:01:23','Process Name : PHARMACY'),(148,1000362,'COMPLETED','2010-07-20 10:01:25','Process Name : PHARMACY'),(149,1000363,'STARTED','2010-07-20 12:16:20','Process Name : SERVICES'),(150,1000363,'COMPLETED','2010-07-20 12:16:20','Process Name : SERVICES'),(151,1000363,'STARTED','2010-07-20 12:16:20','Process Name : ACCOUNTING'),(152,1000363,'COMPLETED','2010-07-20 12:16:24','Process Name : ACCOUNTING'),(153,1000363,'STARTED','2010-07-20 12:16:24','Process Name : PHARMACY'),(154,1000363,'COMPLETED','2010-07-20 12:16:26','Process Name : PHARMACY'),(155,1000364,'STARTED','2010-07-20 12:18:04','Process Name : SERVICES'),(156,1000364,'COMPLETED','2010-07-20 12:18:04','Process Name : SERVICES'),(157,1000364,'STARTED','2010-07-20 12:18:04','Process Name : ACCOUNTING'),(158,1000364,'COMPLETED','2010-07-20 12:18:07','Process Name : ACCOUNTING'),(159,1000364,'STARTED','2010-07-20 12:18:07','Process Name : PHARMACY'),(160,1000364,'COMPLETED','2010-07-20 12:18:09','Process Name : PHARMACY'),(161,1000365,'STARTED','2010-07-20 12:19:43','Process Name : SERVICES'),(162,1000365,'COMPLETED','2010-07-20 12:19:43','Process Name : SERVICES'),(163,1000365,'STARTED','2010-07-20 12:19:43','Process Name : ACCOUNTING'),(164,1000365,'COMPLETED','2010-07-20 12:19:46','Process Name : ACCOUNTING'),(165,1000365,'STARTED','2010-07-20 12:19:46','Process Name : PHARMACY'),(166,1000365,'COMPLETED','2010-07-20 12:19:48','Process Name : PHARMACY'),(167,1000366,'STARTED','2010-07-20 12:21:36','Process Name : SERVICES'),(168,1000366,'COMPLETED','2010-07-20 12:21:36','Process Name : SERVICES'),(169,1000366,'STARTED','2010-07-20 12:21:36','Process Name : ACCOUNTING'),(170,1000366,'COMPLETED','2010-07-20 12:21:39','Process Name : ACCOUNTING'),(171,1000366,'STARTED','2010-07-20 12:21:39','Process Name : PHARMACY'),(172,1000366,'COMPLETED','2010-07-20 12:21:42','Process Name : PHARMACY'),(173,1000367,'STARTED','2010-07-20 12:25:34','Process Name : SERVICES'),(174,1000367,'COMPLETED','2010-07-20 12:25:34','Process Name : SERVICES'),(175,1000367,'STARTED','2010-07-20 12:25:34','Process Name : ACCOUNTING'),(176,1000367,'COMPLETED','2010-07-20 12:25:37','Process Name : ACCOUNTING'),(177,1000367,'STARTED','2010-07-20 12:25:37','Process Name : PHARMACY'),(178,1000367,'COMPLETED','2010-07-20 12:25:39','Process Name : PHARMACY'),(179,1000368,'STARTED','2010-07-20 12:39:26','Process Name : SERVICES'),(180,1000368,'COMPLETED','2010-07-20 12:39:26','Process Name : SERVICES'),(181,1000368,'STARTED','2010-07-20 12:39:26','Process Name : ACCOUNTING'),(182,1000368,'COMPLETED','2010-07-20 12:39:29','Process Name : ACCOUNTING'),(183,1000368,'STARTED','2010-07-20 12:39:29','Process Name : PHARMACY'),(184,1000368,'COMPLETED','2010-07-20 12:39:31','Process Name : PHARMACY'),(185,1000369,'STARTED','2010-07-20 12:40:26','Process Name : SERVICES'),(186,1000369,'COMPLETED','2010-07-20 12:40:26','Process Name : SERVICES'),(187,1000369,'STARTED','2010-07-20 12:40:26','Process Name : ACCOUNTING'),(188,1000369,'COMPLETED','2010-07-20 12:40:29','Process Name : ACCOUNTING'),(189,1000369,'STARTED','2010-07-20 12:40:30','Process Name : PHARMACY'),(190,1000369,'COMPLETED','2010-07-20 12:40:32','Process Name : PHARMACY'),(191,1000370,'STARTED','2010-07-20 12:44:20','Process Name : SERVICES'),(192,1000370,'COMPLETED','2010-07-20 12:44:20','Process Name : SERVICES'),(193,1000370,'STARTED','2010-07-20 12:44:20','Process Name : ACCOUNTING'),(194,1000370,'COMPLETED','2010-07-20 12:44:23','Process Name : ACCOUNTING'),(195,1000370,'STARTED','2010-07-20 12:44:23','Process Name : PHARMACY'),(196,1000370,'COMPLETED','2010-07-20 12:44:26','Process Name : PHARMACY'),(197,1000371,'STARTED','2010-07-20 12:57:01','Process Name : SERVICES'),(198,1000371,'COMPLETED','2010-07-20 12:57:01','Process Name : SERVICES'),(199,1000371,'STARTED','2010-07-20 12:57:01','Process Name : ACCOUNTING'),(200,1000371,'COMPLETED','2010-07-20 12:57:05','Process Name : ACCOUNTING'),(201,1000371,'STARTED','2010-07-20 12:57:05','Process Name : PHARMACY'),(202,1000371,'COMPLETED','2010-07-20 12:57:10','Process Name : PHARMACY'),(203,1000372,'STARTED','2010-07-20 12:59:27','Process Name : SERVICES'),(204,1000372,'COMPLETED','2010-07-20 12:59:27','Process Name : SERVICES'),(205,1000372,'STARTED','2010-07-20 12:59:27','Process Name : ACCOUNTING'),(206,1000372,'COMPLETED','2010-07-20 12:59:31','Process Name : ACCOUNTING'),(207,1000372,'STARTED','2010-07-20 12:59:31','Process Name : PHARMACY'),(208,1000372,'COMPLETED','2010-07-20 12:59:33','Process Name : PHARMACY'),(209,1000373,'STARTED','2010-07-20 13:01:09','Process Name : SERVICES'),(210,1000373,'COMPLETED','2010-07-20 13:01:09','Process Name : SERVICES'),(211,1000373,'STARTED','2010-07-20 13:01:09','Process Name : ACCOUNTING'),(212,1000373,'COMPLETED','2010-07-20 13:01:12','Process Name : ACCOUNTING'),(213,1000373,'STARTED','2010-07-20 13:01:12','Process Name : PHARMACY'),(214,1000373,'COMPLETED','2010-07-20 13:01:14','Process Name : PHARMACY'),(215,1000374,'STARTED','2010-07-20 13:08:21','Process Name : SERVICES'),(216,1000374,'COMPLETED','2010-07-20 13:08:21','Process Name : SERVICES'),(217,1000374,'STARTED','2010-07-20 13:08:21','Process Name : ACCOUNTING'),(218,1000374,'COMPLETED','2010-07-20 13:08:24','Process Name : ACCOUNTING'),(219,1000374,'STARTED','2010-07-20 13:08:24','Process Name : PHARMACY'),(220,1000374,'COMPLETED','2010-07-20 13:08:26','Process Name : PHARMACY'),(221,1000375,'STARTED','2010-07-20 13:19:22','Process Name : SERVICES'),(222,1000375,'COMPLETED','2010-07-20 13:19:22','Process Name : SERVICES'),(223,1000375,'STARTED','2010-07-20 13:19:22','Process Name : ACCOUNTING'),(224,1000375,'COMPLETED','2010-07-20 13:19:28','Process Name : ACCOUNTING'),(225,1000375,'STARTED','2010-07-20 13:19:28','Process Name : PHARMACY'),(226,1000375,'COMPLETED','2010-07-20 13:19:30','Process Name : PHARMACY'),(227,1000376,'STARTED','2010-07-20 13:20:32','Process Name : SERVICES'),(228,1000376,'COMPLETED','2010-07-20 13:20:32','Process Name : SERVICES'),(229,1000376,'STARTED','2010-07-20 13:20:32','Process Name : ACCOUNTING'),(230,1000376,'COMPLETED','2010-07-20 13:20:35','Process Name : ACCOUNTING'),(231,1000376,'STARTED','2010-07-20 13:20:35','Process Name : PHARMACY'),(232,1000376,'COMPLETED','2010-07-20 13:20:37','Process Name : PHARMACY'),(233,1000377,'STARTED','2010-07-20 13:22:42','Process Name : SERVICES'),(234,1000377,'COMPLETED','2010-07-20 13:22:42','Process Name : SERVICES'),(235,1000377,'STARTED','2010-07-20 13:22:42','Process Name : ACCOUNTING'),(236,1000377,'COMPLETED','2010-07-20 13:22:45','Process Name : ACCOUNTING'),(237,1000377,'STARTED','2010-07-20 13:22:45','Process Name : PHARMACY'),(238,1000377,'COMPLETED','2010-07-20 13:22:47','Process Name : PHARMACY'),(239,1000378,'STARTED','2010-07-20 13:26:02','Process Name : SERVICES'),(240,1000378,'COMPLETED','2010-07-20 13:26:02','Process Name : SERVICES'),(241,1000378,'STARTED','2010-07-20 13:26:02','Process Name : ACCOUNTING'),(242,1000378,'COMPLETED','2010-07-20 13:26:05','Process Name : ACCOUNTING'),(243,1000378,'STARTED','2010-07-20 13:26:05','Process Name : PHARMACY'),(244,1000378,'COMPLETED','2010-07-20 13:26:07','Process Name : PHARMACY'),(245,1000379,'STARTED','2010-07-20 13:27:00','Process Name : SERVICES'),(246,1000379,'COMPLETED','2010-07-20 13:27:00','Process Name : SERVICES'),(247,1000379,'STARTED','2010-07-20 13:27:00','Process Name : ACCOUNTING'),(248,1000379,'COMPLETED','2010-07-20 13:27:03','Process Name : ACCOUNTING'),(249,1000379,'STARTED','2010-07-20 13:27:03','Process Name : PHARMACY'),(250,1000379,'COMPLETED','2010-07-20 13:27:05','Process Name : PHARMACY'),(251,1000380,'STARTED','2010-07-20 13:29:18','Process Name : SERVICES'),(252,1000380,'COMPLETED','2010-07-20 13:29:18','Process Name : SERVICES'),(253,1000380,'STARTED','2010-07-20 13:29:18','Process Name : ACCOUNTING'),(254,1000380,'COMPLETED','2010-07-20 13:29:22','Process Name : ACCOUNTING'),(255,1000380,'STARTED','2010-07-20 13:29:22','Process Name : PHARMACY'),(256,1000380,'COMPLETED','2010-07-20 13:29:24','Process Name : PHARMACY'),(257,1000392,'STARTED','2010-07-22 13:00:04','Process Name : SERVICES'),(258,1000392,'COMPLETED','2010-07-22 13:00:04','Process Name : SERVICES'),(259,1000392,'STARTED','2010-07-22 13:00:04','Process Name : ACCOUNTING'),(260,1000392,'COMPLETED','2010-07-22 13:00:07','Process Name : ACCOUNTING'),(261,1000392,'STARTED','2010-07-22 13:00:07','Process Name : PHARMACY'),(262,1000392,'COMPLETED','2010-07-22 13:00:10','Process Name : PHARMACY'),(263,1000393,'STARTED','2010-07-22 13:47:44','Process Name : SERVICES'),(264,1000393,'COMPLETED','2010-07-22 13:47:44','Process Name : SERVICES'),(265,1000393,'STARTED','2010-07-22 13:47:44','Process Name : ACCOUNTING'),(266,1000393,'COMPLETED','2010-07-22 13:47:46','Process Name : ACCOUNTING'),(267,1000393,'STARTED','2010-07-22 13:47:46','Process Name : PHARMACY'),(268,1000393,'COMPLETED','2010-07-22 13:47:48','Process Name : PHARMACY'),(269,1000394,'STARTED','2010-07-22 13:50:39','Process Name : SERVICES'),(270,1000394,'COMPLETED','2010-07-22 13:50:39','Process Name : SERVICES'),(271,1000394,'STARTED','2010-07-22 13:50:39','Process Name : ACCOUNTING'),(272,1000394,'COMPLETED','2010-07-22 13:50:41','Process Name : ACCOUNTING'),(273,1000394,'STARTED','2010-07-22 13:50:41','Process Name : PHARMACY'),(274,1000394,'COMPLETED','2010-07-22 13:50:43','Process Name : PHARMACY'),(275,1000395,'STARTED','2010-07-22 13:57:38','Process Name : SERVICES'),(276,1000395,'COMPLETED','2010-07-22 13:57:38','Process Name : SERVICES'),(277,1000395,'STARTED','2010-07-22 13:57:38','Process Name : ACCOUNTING'),(278,1000395,'COMPLETED','2010-07-22 13:57:40','Process Name : ACCOUNTING'),(279,1000395,'STARTED','2010-07-22 13:57:40','Process Name : PHARMACY'),(280,1000395,'COMPLETED','2010-07-22 13:57:43','Process Name : PHARMACY'),(281,1000396,'STARTED','2010-07-22 14:00:32','Process Name : SERVICES'),(282,1000396,'COMPLETED','2010-07-22 14:00:32','Process Name : SERVICES'),(283,1000396,'STARTED','2010-07-22 14:00:32','Process Name : ACCOUNTING'),(284,1000396,'COMPLETED','2010-07-22 14:00:35','Process Name : ACCOUNTING'),(285,1000396,'STARTED','2010-07-22 14:00:35','Process Name : PHARMACY'),(286,1000396,'COMPLETED','2010-07-22 14:00:37','Process Name : PHARMACY'),(287,1000397,'STARTED','2010-07-22 14:02:40','Process Name : SERVICES'),(288,1000397,'COMPLETED','2010-07-22 14:02:40','Process Name : SERVICES'),(289,1000397,'STARTED','2010-07-22 14:02:40','Process Name : ACCOUNTING'),(290,1000397,'COMPLETED','2010-07-22 14:02:44','Process Name : ACCOUNTING'),(291,1000397,'STARTED','2010-07-22 14:02:44','Process Name : PHARMACY'),(292,1000397,'COMPLETED','2010-07-22 14:02:49','Process Name : PHARMACY'),(293,1000398,'STARTED','2010-07-22 15:02:13','Process Name : SERVICES'),(294,1000398,'COMPLETED','2010-07-22 15:02:13','Process Name : SERVICES'),(295,1000398,'STARTED','2010-07-22 15:02:13','Process Name : ACCOUNTING'),(296,1000398,'COMPLETED','2010-07-22 15:02:21','Process Name : ACCOUNTING'),(297,1000398,'STARTED','2010-07-22 15:02:21','Process Name : PHARMACY'),(298,1000398,'COMPLETED','2010-07-22 15:02:23','Process Name : PHARMACY'),(299,1000399,'STARTED','2010-07-22 15:04:16','Process Name : SERVICES'),(300,1000399,'COMPLETED','2010-07-22 15:04:16','Process Name : SERVICES'),(301,1000399,'STARTED','2010-07-22 15:04:16','Process Name : ACCOUNTING'),(302,1000399,'COMPLETED','2010-07-22 15:04:29','Process Name : ACCOUNTING'),(303,1000399,'STARTED','2010-07-22 15:04:29','Process Name : PHARMACY'),(304,1000399,'COMPLETED','2010-07-22 15:04:34','Process Name : PHARMACY'),(305,1000400,'STARTED','2010-07-22 15:11:34','Process Name : SERVICES'),(306,1000400,'COMPLETED','2010-07-22 15:11:34','Process Name : SERVICES'),(307,1000400,'STARTED','2010-07-22 15:11:34','Process Name : ACCOUNTING'),(308,1000400,'COMPLETED','2010-07-22 15:11:38','Process Name : ACCOUNTING'),(309,1000400,'STARTED','2010-07-22 15:11:38','Process Name : PHARMACY'),(310,1000400,'COMPLETED','2010-07-22 15:11:40','Process Name : PHARMACY'),(311,1000401,'STARTED','2010-07-22 15:14:10','Process Name : SERVICES'),(312,1000401,'COMPLETED','2010-07-22 15:14:10','Process Name : SERVICES'),(313,1000401,'STARTED','2010-07-22 15:14:10','Process Name : ACCOUNTING'),(314,1000401,'COMPLETED','2010-07-22 15:14:13','Process Name : ACCOUNTING'),(315,1000401,'STARTED','2010-07-22 15:14:13','Process Name : PHARMACY'),(316,1000401,'COMPLETED','2010-07-22 15:14:16','Process Name : PHARMACY'),(317,1000402,'STARTED','2010-07-22 15:14:51','Process Name : SERVICES'),(318,1000402,'COMPLETED','2010-07-22 15:14:51','Process Name : SERVICES'),(319,1000402,'STARTED','2010-07-22 15:14:51','Process Name : ACCOUNTING'),(320,1000402,'COMPLETED','2010-07-22 15:14:55','Process Name : ACCOUNTING'),(321,1000402,'STARTED','2010-07-22 15:14:55','Process Name : PHARMACY'),(322,1000402,'COMPLETED','2010-07-22 15:14:57','Process Name : PHARMACY'),(323,1000403,'STARTED','2010-07-22 15:19:02','Process Name : SERVICES'),(324,1000403,'COMPLETED','2010-07-22 15:20:07','Process Name : SERVICES'),(325,1000403,'STARTED','2010-07-22 15:20:07','Process Name : ACCOUNTING'),(326,1000403,'COMPLETED','2010-07-22 15:20:11','Process Name : ACCOUNTING'),(327,1000403,'STARTED','2010-07-22 15:20:11','Process Name : PHARMACY'),(328,1000403,'COMPLETED','2010-07-22 15:20:13','Process Name : PHARMACY'),(329,1000404,'STARTED','2010-07-22 15:40:46','Process Name : SERVICES'),(330,1000404,'COMPLETED','2010-07-22 15:40:57','Process Name : SERVICES'),(331,1000404,'STARTED','2010-07-22 15:40:57','Process Name : ACCOUNTING'),(332,1000404,'COMPLETED','2010-07-22 15:41:00','Process Name : ACCOUNTING'),(333,1000404,'STARTED','2010-07-22 15:41:00','Process Name : PHARMACY'),(334,1000404,'COMPLETED','2010-07-22 15:41:03','Process Name : PHARMACY'),(335,1000414,'STARTED','2010-07-23 11:46:26','Process Name : SERVICES'),(336,1000414,'COMPLETED','2010-07-23 11:46:26','Process Name : SERVICES'),(337,1000414,'STARTED','2010-07-23 11:46:26','Process Name : BED'),(338,1000414,'COMPLETED','2010-07-23 11:46:26','Process Name : BED'),(339,1000414,'STARTED','2010-07-23 11:46:26','Process Name : ACCOUNTING'),(340,1000414,'COMPLETED','2010-07-23 11:46:29','Process Name : ACCOUNTING'),(341,1000414,'STARTED','2010-07-23 11:46:29','Process Name : PHARMACY'),(342,1000414,'COMPLETED','2010-07-23 11:46:32','Process Name : PHARMACY'),(343,1000440,'STARTED','2010-07-23 13:51:23','Process Name : SERVICES'),(344,1000440,'COMPLETED','2010-07-23 13:51:23','Process Name : SERVICES'),(345,1000440,'STARTED','2010-07-23 13:51:23','Process Name : ACCOUNTING'),(346,1000440,'COMPLETED','2010-07-23 13:51:27','Process Name : ACCOUNTING'),(347,1000440,'STARTED','2010-07-23 13:51:27','Process Name : PHARMACY'),(348,1000440,'COMPLETED','2010-07-23 13:51:29','Process Name : PHARMACY'),(349,1000441,'STARTED','2010-07-23 14:34:18','Process Name : SERVICES'),(350,1000441,'COMPLETED','2010-07-23 14:34:18','Process Name : SERVICES'),(351,1000441,'STARTED','2010-07-23 14:34:18','Process Name : ACCOUNTING'),(352,1000441,'COMPLETED','2010-07-23 14:34:22','Process Name : ACCOUNTING'),(353,1000441,'STARTED','2010-07-23 14:34:22','Process Name : PHARMACY'),(354,1000441,'COMPLETED','2010-07-23 14:34:25','Process Name : PHARMACY'),(355,1000442,'STARTED','2010-07-23 14:34:43','Process Name : SERVICES'),(356,1000442,'COMPLETED','2010-07-23 14:34:43','Process Name : SERVICES'),(357,1000442,'STARTED','2010-07-23 14:34:43','Process Name : ACCOUNTING'),(358,1000442,'COMPLETED','2010-07-23 14:34:50','Process Name : ACCOUNTING'),(359,1000442,'STARTED','2010-07-23 14:34:50','Process Name : PHARMACY'),(360,1000442,'COMPLETED','2010-07-23 14:34:52','Process Name : PHARMACY'),(361,1000443,'STARTED','2010-07-23 14:50:19','Process Name : SERVICES'),(362,1000443,'COMPLETED','2010-07-23 14:50:19','Process Name : SERVICES'),(363,1000443,'STARTED','2010-07-23 14:50:19','Process Name : ACCOUNTING'),(364,1000443,'COMPLETED','2010-07-23 14:50:23','Process Name : ACCOUNTING'),(365,1000443,'STARTED','2010-07-23 14:50:23','Process Name : PHARMACY'),(366,1000443,'COMPLETED','2010-07-23 14:50:25','Process Name : PHARMACY'),(367,1000502,'STARTED','2010-08-21 11:34:30','Process Name : SERVICES'),(368,1000502,'COMPLETED','2010-08-21 11:34:30','Process Name : SERVICES'),(369,1000502,'STARTED','2010-08-21 11:34:30','Process Name : ACCOUNTING'),(370,1000502,'COMPLETED','2010-08-21 11:34:33','Process Name : ACCOUNTING'),(371,1000502,'STARTED','2010-08-21 11:34:33','Process Name : PHARMACY'),(372,1000502,'COMPLETED','2010-08-21 11:34:34','Process Name : PHARMACY'),(373,1000503,'STARTED','2010-08-21 11:39:49','Process Name : SERVICES'),(374,1000503,'COMPLETED','2010-08-21 11:39:49','Process Name : SERVICES'),(375,1000503,'STARTED','2010-08-21 11:39:49','Process Name : ACCOUNTING'),(376,1000503,'COMPLETED','2010-08-21 11:39:51','Process Name : ACCOUNTING'),(377,1000503,'STARTED','2010-08-21 11:39:51','Process Name : PHARMACY'),(378,1000503,'COMPLETED','2010-08-21 11:39:59','Process Name : PHARMACY'),(379,1000504,'STARTED','2010-08-21 11:42:02','Process Name : SERVICES'),(380,1000504,'COMPLETED','2010-08-21 11:42:02','Process Name : SERVICES'),(381,1000504,'STARTED','2010-08-21 11:42:02','Process Name : ACCOUNTING'),(382,1000504,'COMPLETED','2010-08-21 11:42:04','Process Name : ACCOUNTING'),(383,1000504,'STARTED','2010-08-21 11:42:04','Process Name : PHARMACY'),(384,1000504,'COMPLETED','2010-08-21 11:42:06','Process Name : PHARMACY'),(385,1000505,'STARTED','2010-08-21 11:43:18','Process Name : SERVICES'),(386,1000505,'COMPLETED','2010-08-21 11:43:18','Process Name : SERVICES'),(387,1000505,'STARTED','2010-08-21 11:43:18','Process Name : ACCOUNTING'),(388,1000505,'COMPLETED','2010-08-21 11:43:20','Process Name : ACCOUNTING'),(389,1000505,'STARTED','2010-08-21 11:43:20','Process Name : PHARMACY'),(390,1000505,'COMPLETED','2010-08-21 11:43:22','Process Name : PHARMACY'),(391,1000506,'STARTED','2010-08-21 11:45:27','Process Name : SERVICES'),(392,1000506,'COMPLETED','2010-08-21 11:45:27','Process Name : SERVICES'),(393,1000506,'STARTED','2010-08-21 11:45:27','Process Name : ACCOUNTING'),(394,1000506,'COMPLETED','2010-08-21 11:45:29','Process Name : ACCOUNTING'),(395,1000506,'STARTED','2010-08-21 11:45:29','Process Name : PHARMACY'),(396,1000506,'COMPLETED','2010-08-21 11:45:31','Process Name : PHARMACY'),(397,1000507,'STARTED','2010-08-21 11:46:15','Process Name : SERVICES'),(398,1000507,'COMPLETED','2010-08-21 11:46:15','Process Name : SERVICES'),(399,1000507,'STARTED','2010-08-21 11:46:15','Process Name : ACCOUNTING'),(400,1000507,'COMPLETED','2010-08-21 11:46:18','Process Name : ACCOUNTING'),(401,1000507,'STARTED','2010-08-21 11:46:18','Process Name : PHARMACY'),(402,1000507,'COMPLETED','2010-08-21 11:46:19','Process Name : PHARMACY'),(403,1000508,'STARTED','2010-08-21 11:52:38','Process Name : SERVICES'),(404,1000508,'COMPLETED','2010-08-21 11:52:38','Process Name : SERVICES'),(405,1000508,'STARTED','2010-08-21 11:52:38','Process Name : ACCOUNTING'),(406,1000508,'COMPLETED','2010-08-21 11:52:40','Process Name : ACCOUNTING'),(407,1000508,'STARTED','2010-08-21 11:52:40','Process Name : PHARMACY'),(408,1000508,'COMPLETED','2010-08-21 11:52:41','Process Name : PHARMACY'),(409,1000509,'STARTED','2010-08-21 11:55:55','Process Name : SERVICES'),(410,1000509,'COMPLETED','2010-08-21 11:55:55','Process Name : SERVICES'),(411,1000509,'STARTED','2010-08-21 11:55:55','Process Name : ACCOUNTING'),(412,1000509,'COMPLETED','2010-08-21 11:55:57','Process Name : ACCOUNTING'),(413,1000509,'STARTED','2010-08-21 11:55:57','Process Name : PHARMACY'),(414,1000509,'COMPLETED','2010-08-21 11:55:58','Process Name : PHARMACY'),(415,1000510,'STARTED','2010-08-21 12:23:29','Process Name : SERVICES'),(416,1000510,'COMPLETED','2010-08-21 12:23:30','Process Name : SERVICES'),(417,1000510,'STARTED','2010-08-21 12:23:30','Process Name : ACCOUNTING'),(418,1000510,'COMPLETED','2010-08-21 12:23:33','Process Name : ACCOUNTING'),(419,1000510,'STARTED','2010-08-21 12:23:33','Process Name : PHARMACY'),(420,1000510,'COMPLETED','2010-08-21 12:23:34','Process Name : PHARMACY'),(421,1000511,'STARTED','2010-08-21 12:26:44','Process Name : SERVICES'),(422,1000511,'COMPLETED','2010-08-21 12:26:44','Process Name : SERVICES'),(423,1000511,'STARTED','2010-08-21 12:26:44','Process Name : ACCOUNTING'),(424,1000511,'COMPLETED','2010-08-21 12:26:46','Process Name : ACCOUNTING'),(425,1000511,'STARTED','2010-08-21 12:26:46','Process Name : PHARMACY'),(426,1000511,'COMPLETED','2010-08-21 12:26:47','Process Name : PHARMACY'),(427,1000512,'STARTED','2010-08-21 12:37:38','Process Name : SERVICES'),(428,1000512,'COMPLETED','2010-08-21 12:37:38','Process Name : SERVICES'),(429,1000512,'STARTED','2010-08-21 12:37:38','Process Name : ACCOUNTING'),(430,1000512,'COMPLETED','2010-08-21 12:37:41','Process Name : ACCOUNTING'),(431,1000512,'STARTED','2010-08-21 12:37:41','Process Name : PHARMACY'),(432,1000512,'COMPLETED','2010-08-21 12:37:43','Process Name : PHARMACY'),(433,1000513,'STARTED','2010-08-21 12:42:03','Process Name : SERVICES'),(434,1000513,'COMPLETED','2010-08-21 12:42:03','Process Name : SERVICES'),(435,1000513,'STARTED','2010-08-21 12:42:03','Process Name : ACCOUNTING'),(436,1000513,'COMPLETED','2010-08-21 12:42:07','Process Name : ACCOUNTING'),(437,1000513,'STARTED','2010-08-21 12:42:07','Process Name : PHARMACY'),(438,1000513,'COMPLETED','2010-08-21 12:42:09','Process Name : PHARMACY'),(439,1000514,'STARTED','2010-08-21 12:43:46','Process Name : SERVICES'),(440,1000514,'COMPLETED','2010-08-21 12:43:47','Process Name : SERVICES'),(441,1000514,'STARTED','2010-08-21 12:43:47','Process Name : ACCOUNTING'),(442,1000514,'COMPLETED','2010-08-21 12:43:49','Process Name : ACCOUNTING'),(443,1000514,'STARTED','2010-08-21 12:43:49','Process Name : PHARMACY'),(444,1000514,'COMPLETED','2010-08-21 12:43:50','Process Name : PHARMACY'),(445,1000515,'STARTED','2010-08-21 12:44:45','Process Name : SERVICES'),(446,1000515,'COMPLETED','2010-08-21 12:44:45','Process Name : SERVICES'),(447,1000515,'STARTED','2010-08-21 12:44:45','Process Name : ACCOUNTING'),(448,1000515,'COMPLETED','2010-08-21 12:44:50','Process Name : ACCOUNTING'),(449,1000515,'STARTED','2010-08-21 12:44:50','Process Name : PHARMACY'),(450,1000515,'COMPLETED','2010-08-21 12:44:51','Process Name : PHARMACY'),(451,1000516,'STARTED','2010-08-21 12:51:16','Process Name : SERVICES'),(452,1000516,'COMPLETED','2010-08-21 12:51:16','Process Name : SERVICES'),(453,1000516,'STARTED','2010-08-21 12:51:16','Process Name : ACCOUNTING'),(454,1000516,'COMPLETED','2010-08-21 12:51:18','Process Name : ACCOUNTING'),(455,1000516,'STARTED','2010-08-21 12:51:18','Process Name : PHARMACY'),(456,1000516,'COMPLETED','2010-08-21 12:51:23','Process Name : PHARMACY'),(457,1000517,'STARTED','2010-08-21 12:55:40','Process Name : SERVICES'),(458,1000517,'COMPLETED','2010-08-21 12:55:40','Process Name : SERVICES'),(459,1000517,'STARTED','2010-08-21 12:55:40','Process Name : ACCOUNTING'),(460,1000517,'COMPLETED','2010-08-21 12:55:43','Process Name : ACCOUNTING'),(461,1000517,'STARTED','2010-08-21 12:55:43','Process Name : PHARMACY'),(462,1000517,'COMPLETED','2010-08-21 12:55:45','Process Name : PHARMACY'),(463,1000518,'STARTED','2010-08-21 12:58:23','Process Name : SERVICES'),(464,1000518,'COMPLETED','2010-08-21 12:58:23','Process Name : SERVICES'),(465,1000518,'STARTED','2010-08-21 12:58:23','Process Name : ACCOUNTING'),(466,1000518,'COMPLETED','2010-08-21 12:58:25','Process Name : ACCOUNTING'),(467,1000518,'STARTED','2010-08-21 12:58:25','Process Name : PHARMACY'),(468,1000518,'COMPLETED','2010-08-21 12:58:26','Process Name : PHARMACY'),(469,1000519,'STARTED','2010-08-21 13:00:32','Process Name : SERVICES'),(470,1000519,'COMPLETED','2010-08-21 13:00:32','Process Name : SERVICES'),(471,1000519,'STARTED','2010-08-21 13:00:32','Process Name : ACCOUNTING'),(472,1000519,'COMPLETED','2010-08-21 13:00:34','Process Name : ACCOUNTING'),(473,1000519,'STARTED','2010-08-21 13:00:34','Process Name : PHARMACY'),(474,1000519,'COMPLETED','2010-08-21 13:00:36','Process Name : PHARMACY'),(475,1000520,'STARTED','2010-08-21 13:03:30','Process Name : SERVICES'),(476,1000520,'COMPLETED','2010-08-21 13:03:30','Process Name : SERVICES'),(477,1000520,'STARTED','2010-08-21 13:03:30','Process Name : ACCOUNTING'),(478,1000520,'COMPLETED','2010-08-21 13:03:32','Process Name : ACCOUNTING'),(479,1000520,'STARTED','2010-08-21 13:03:32','Process Name : PHARMACY'),(480,1000520,'COMPLETED','2010-08-21 13:03:33','Process Name : PHARMACY'),(481,1000522,'STARTED','2010-08-21 13:51:36','Process Name : SERVICES'),(482,1000522,'COMPLETED','2010-08-21 13:51:36','Process Name : SERVICES'),(483,1000522,'STARTED','2010-08-21 13:51:36','Process Name : ACCOUNTING'),(484,1000522,'COMPLETED','2010-08-21 13:51:38','Process Name : ACCOUNTING'),(485,1000522,'STARTED','2010-08-21 13:51:38','Process Name : PHARMACY'),(486,1000522,'COMPLETED','2010-08-21 13:51:39','Process Name : PHARMACY'),(487,1000523,'STARTED','2010-08-21 14:03:46','Process Name : SERVICES'),(488,1000523,'COMPLETED','2010-08-21 14:03:46','Process Name : SERVICES'),(489,1000523,'STARTED','2010-08-21 14:03:46','Process Name : ACCOUNTING'),(490,1000523,'COMPLETED','2010-08-21 14:03:49','Process Name : ACCOUNTING'),(491,1000523,'STARTED','2010-08-21 14:03:49','Process Name : PHARMACY'),(492,1000523,'COMPLETED','2010-08-21 14:03:51','Process Name : PHARMACY'),(493,1000524,'STARTED','2010-08-21 14:05:49','Process Name : SERVICES'),(494,1000524,'COMPLETED','2010-08-21 14:05:50','Process Name : SERVICES'),(495,1000524,'STARTED','2010-08-21 14:05:50','Process Name : ACCOUNTING'),(496,1000524,'COMPLETED','2010-08-21 14:05:52','Process Name : ACCOUNTING'),(497,1000524,'STARTED','2010-08-21 14:05:52','Process Name : PHARMACY'),(498,1000524,'COMPLETED','2010-08-21 14:05:54','Process Name : PHARMACY'),(499,1000527,'STARTED','2010-08-21 14:16:14','Process Name : SERVICES'),(500,1000527,'COMPLETED','2010-08-21 14:16:14','Process Name : SERVICES'),(501,1000527,'STARTED','2010-08-21 14:16:14','Process Name : ACCOUNTING'),(502,1000527,'COMPLETED','2010-08-21 14:16:20','Process Name : ACCOUNTING'),(503,1000527,'STARTED','2010-08-21 14:16:20','Process Name : PHARMACY'),(504,1000527,'COMPLETED','2010-08-21 14:16:22','Process Name : PHARMACY'),(505,1000528,'STARTED','2010-08-21 14:16:58','Process Name : SERVICES'),(506,1000528,'COMPLETED','2010-08-21 14:16:58','Process Name : SERVICES'),(507,1000528,'STARTED','2010-08-21 14:16:58','Process Name : ACCOUNTING'),(508,1000528,'COMPLETED','2010-08-21 14:17:00','Process Name : ACCOUNTING'),(509,1000528,'STARTED','2010-08-21 14:17:00','Process Name : PHARMACY'),(510,1000528,'COMPLETED','2010-08-21 14:17:02','Process Name : PHARMACY'),(511,1000529,'STARTED','2010-08-21 14:23:16','Process Name : SERVICES'),(512,1000529,'COMPLETED','2010-08-21 14:23:16','Process Name : SERVICES'),(513,1000529,'STARTED','2010-08-21 14:23:16','Process Name : ACCOUNTING'),(514,1000529,'COMPLETED','2010-08-21 14:23:18','Process Name : ACCOUNTING'),(515,1000529,'STARTED','2010-08-21 14:23:18','Process Name : PHARMACY'),(516,1000529,'COMPLETED','2010-08-21 14:23:19','Process Name : PHARMACY'),(517,1000530,'STARTED','2010-08-21 14:24:13','Process Name : SERVICES'),(518,1000530,'COMPLETED','2010-08-21 14:24:13','Process Name : SERVICES'),(519,1000530,'STARTED','2010-08-21 14:24:13','Process Name : ACCOUNTING'),(520,1000530,'COMPLETED','2010-08-21 14:24:18','Process Name : ACCOUNTING'),(521,1000530,'STARTED','2010-08-21 14:24:18','Process Name : PHARMACY'),(522,1000530,'COMPLETED','2010-08-21 14:24:20','Process Name : PHARMACY'),(523,1000531,'STARTED','2010-08-21 14:32:06','Process Name : SERVICES'),(524,1000531,'COMPLETED','2010-08-21 14:32:06','Process Name : SERVICES'),(525,1000531,'STARTED','2010-08-21 14:32:06','Process Name : ACCOUNTING'),(526,1000531,'COMPLETED','2010-08-21 14:32:08','Process Name : ACCOUNTING'),(527,1000531,'STARTED','2010-08-21 14:32:08','Process Name : PHARMACY'),(528,1000531,'COMPLETED','2010-08-21 14:32:10','Process Name : PHARMACY'),(529,1000547,'STARTED','2010-08-26 11:09:14','Process Name : SERVICES'),(530,1000547,'COMPLETED','2010-08-26 11:09:15','Process Name : SERVICES'),(531,1000547,'STARTED','2010-08-26 11:09:15','Process Name : ACCOUNTING'),(532,1000547,'COMPLETED','2010-08-26 11:09:17','Process Name : ACCOUNTING'),(533,1000547,'STARTED','2010-08-26 11:09:17','Process Name : PHARMACY'),(534,1000547,'COMPLETED','2010-08-26 11:09:19','Process Name : PHARMACY'),(535,1000551,'STARTED','2010-09-02 14:19:10','Process Name : SERVICES'),(536,1000551,'COMPLETED','2010-09-02 14:19:10','Process Name : SERVICES'),(537,1000551,'STARTED','2010-09-02 14:19:10','Process Name : ACCOUNTING'),(538,1000551,'COMPLETED','2010-09-02 14:19:14','Process Name : ACCOUNTING'),(539,1000551,'STARTED','2010-09-02 14:19:14','Process Name : PHARMACY'),(540,1000551,'COMPLETED','2010-09-02 14:19:16','Process Name : PHARMACY'),(541,1000552,'STARTED','2010-09-02 14:34:16','Process Name : SERVICES'),(542,1000552,'COMPLETED','2010-09-02 14:34:16','Process Name : SERVICES'),(543,1000552,'STARTED','2010-09-02 14:34:16','Process Name : ACCOUNTING'),(544,1000552,'COMPLETED','2010-09-02 14:34:22','Process Name : ACCOUNTING'),(545,1000552,'STARTED','2010-09-02 14:34:22','Process Name : PHARMACY'),(546,1000552,'COMPLETED','2010-09-02 14:34:26','Process Name : PHARMACY'),(547,1000553,'STARTED','2010-09-02 16:54:38','Process Name : SERVICES'),(548,1000553,'COMPLETED','2010-09-02 16:54:38','Process Name : SERVICES'),(549,1000553,'STARTED','2010-09-02 16:54:38','Process Name : ACCOUNTING'),(550,1000553,'COMPLETED','2010-09-02 16:54:47','Process Name : ACCOUNTING'),(551,1000553,'STARTED','2010-09-02 16:54:47','Process Name : PHARMACY'),(552,1000553,'COMPLETED','2010-09-02 16:54:49','Process Name : PHARMACY'),(553,1000554,'STARTED','2010-09-09 10:15:24','Process Name : SERVICES'),(554,1000554,'COMPLETED','2010-09-09 10:15:24','Process Name : SERVICES'),(555,1000554,'STARTED','2010-09-09 10:15:24','Process Name : ACCOUNTING'),(556,1000554,'COMPLETED','2010-09-09 10:15:26','Process Name : ACCOUNTING'),(557,1000554,'STARTED','2010-09-09 10:15:26','Process Name : PHARMACY'),(558,1000554,'COMPLETED','2010-09-09 10:15:28','Process Name : PHARMACY'),(559,1000556,'STARTED','2010-09-13 17:28:01','Process Name : SERVICES'),(560,1000556,'COMPLETED','2010-09-13 17:28:02','Process Name : SERVICES'),(561,1000556,'STARTED','2010-09-13 17:28:02','Process Name : ACCOUNTING'),(562,1000556,'COMPLETED','2010-09-13 17:28:04','Process Name : ACCOUNTING'),(563,1000556,'STARTED','2010-09-13 17:28:04','Process Name : PHARMACY'),(564,1000556,'COMPLETED','2010-09-13 17:28:06','Process Name : PHARMACY'),(565,1000557,'STARTED','2010-09-13 17:30:48','Process Name : SERVICES'),(566,1000557,'COMPLETED','2010-09-13 17:30:48','Process Name : SERVICES'),(567,1000557,'STARTED','2010-09-13 17:30:48','Process Name : ACCOUNTING'),(568,1000557,'COMPLETED','2010-09-13 17:30:51','Process Name : ACCOUNTING'),(569,1000557,'STARTED','2010-09-13 17:30:51','Process Name : PHARMACY'),(570,1000557,'COMPLETED','2010-09-13 17:30:52','Process Name : PHARMACY'),(571,1000558,'STARTED','2010-09-13 17:42:21','Process Name : SERVICES'),(572,1000558,'COMPLETED','2010-09-13 17:42:21','Process Name : SERVICES'),(573,1000558,'STARTED','2010-09-13 17:42:21','Process Name : ACCOUNTING'),(574,1000558,'COMPLETED','2010-09-13 17:42:24','Process Name : ACCOUNTING'),(575,1000558,'STARTED','2010-09-13 17:42:24','Process Name : PHARMACY'),(576,1000558,'COMPLETED','2010-09-13 17:42:25','Process Name : PHARMACY'),(577,1000559,'STARTED','2010-09-14 09:45:30','Process Name : SERVICES'),(578,1000559,'COMPLETED','2010-09-14 09:45:30','Process Name : SERVICES'),(579,1000559,'STARTED','2010-09-14 09:45:30','Process Name : ACCOUNTING'),(580,1000559,'COMPLETED','2010-09-14 09:45:32','Process Name : ACCOUNTING'),(581,1000559,'STARTED','2010-09-14 09:45:32','Process Name : PHARMACY'),(582,1000559,'COMPLETED','2010-09-14 09:45:34','Process Name : PHARMACY'),(583,1000560,'STARTED','2010-09-14 10:30:56','Process Name : SERVICES'),(584,1000560,'COMPLETED','2010-09-14 10:30:56','Process Name : SERVICES'),(585,1000560,'STARTED','2010-09-14 10:30:56','Process Name : ACCOUNTING'),(586,1000560,'COMPLETED','2010-09-14 10:30:59','Process Name : ACCOUNTING'),(587,1000560,'STARTED','2010-09-14 10:30:59','Process Name : PHARMACY'),(588,1000560,'COMPLETED','2010-09-14 10:31:00','Process Name : PHARMACY'),(589,1000561,'STARTED','2010-09-14 10:34:27','Process Name : SERVICES'),(590,1000561,'COMPLETED','2010-09-14 10:34:27','Process Name : SERVICES'),(591,1000561,'STARTED','2010-09-14 10:34:27','Process Name : ACCOUNTING'),(592,1000561,'COMPLETED','2010-09-14 10:34:29','Process Name : ACCOUNTING'),(593,1000561,'STARTED','2010-09-14 10:34:29','Process Name : PHARMACY'),(594,1000561,'COMPLETED','2010-09-14 10:34:30','Process Name : PHARMACY'),(595,1000562,'STARTED','2010-09-14 10:37:20','Process Name : SERVICES'),(596,1000562,'COMPLETED','2010-09-14 10:37:20','Process Name : SERVICES'),(597,1000562,'STARTED','2010-09-14 10:37:20','Process Name : ACCOUNTING'),(598,1000562,'COMPLETED','2010-09-14 10:37:22','Process Name : ACCOUNTING'),(599,1000562,'STARTED','2010-09-14 10:37:22','Process Name : PHARMACY'),(600,1000562,'COMPLETED','2010-09-14 10:37:24','Process Name : PHARMACY'),(601,1000563,'STARTED','2010-09-14 10:58:38','Process Name : SERVICES'),(602,1000563,'COMPLETED','2010-09-14 10:58:38','Process Name : SERVICES'),(603,1000563,'STARTED','2010-09-14 10:58:38','Process Name : ACCOUNTING'),(604,1000563,'COMPLETED','2010-09-14 10:58:41','Process Name : ACCOUNTING'),(605,1000563,'STARTED','2010-09-14 10:58:41','Process Name : PHARMACY'),(606,1000563,'COMPLETED','2010-09-14 10:58:46','Process Name : PHARMACY'),(607,1000564,'STARTED','2010-09-14 11:01:17','Process Name : SERVICES'),(608,1000564,'COMPLETED','2010-09-14 11:01:17','Process Name : SERVICES'),(609,1000564,'STARTED','2010-09-14 11:01:17','Process Name : ACCOUNTING'),(610,1000564,'COMPLETED','2010-09-14 11:01:19','Process Name : ACCOUNTING'),(611,1000564,'STARTED','2010-09-14 11:01:19','Process Name : PHARMACY'),(612,1000564,'COMPLETED','2010-09-14 11:01:21','Process Name : PHARMACY'),(613,1000565,'STARTED','2010-09-14 12:14:55','Process Name : SERVICES'),(614,1000565,'COMPLETED','2010-09-14 12:14:55','Process Name : SERVICES'),(615,1000565,'STARTED','2010-09-14 12:14:55','Process Name : ACCOUNTING'),(616,1000565,'COMPLETED','2010-09-14 12:14:58','Process Name : ACCOUNTING'),(617,1000565,'STARTED','2010-09-14 12:14:58','Process Name : PHARMACY'),(618,1000565,'COMPLETED','2010-09-14 12:14:59','Process Name : PHARMACY'),(619,1000566,'STARTED','2010-09-15 09:59:40','Process Name : SERVICES'),(620,1000566,'COMPLETED','2010-09-15 09:59:40','Process Name : SERVICES'),(621,1000566,'STARTED','2010-09-15 09:59:40','Process Name : ACCOUNTING'),(622,1000566,'COMPLETED','2010-09-15 09:59:42','Process Name : ACCOUNTING'),(623,1000566,'STARTED','2010-09-15 09:59:42','Process Name : PHARMACY'),(624,1000566,'COMPLETED','2010-09-15 09:59:44','Process Name : PHARMACY'),(625,1000567,'STARTED','2010-09-15 10:55:01','Process Name : SERVICES'),(626,1000567,'COMPLETED','2010-09-15 10:55:01','Process Name : SERVICES'),(627,1000567,'STARTED','2010-09-15 10:55:01','Process Name : ACCOUNTING'),(628,1000567,'COMPLETED','2010-09-15 10:55:04','Process Name : ACCOUNTING'),(629,1000567,'STARTED','2010-09-15 10:55:05','Process Name : PHARMACY'),(630,1000567,'COMPLETED','2010-09-15 10:55:07','Process Name : PHARMACY'),(631,1000568,'STARTED','2010-09-15 13:55:21','Process Name : SERVICES'),(632,1000568,'COMPLETED','2010-09-15 13:55:21','Process Name : SERVICES'),(633,1000568,'STARTED','2010-09-15 13:55:21','Process Name : ACCOUNTING'),(634,1000568,'COMPLETED','2010-09-15 13:55:23','Process Name : ACCOUNTING'),(635,1000568,'STARTED','2010-09-15 13:55:23','Process Name : PHARMACY'),(636,1000568,'COMPLETED','2010-09-15 13:55:24','Process Name : PHARMACY'),(637,1000569,'STARTED','2010-09-15 16:28:45','Process Name : SERVICES'),(638,1000569,'COMPLETED','2010-09-15 16:28:45','Process Name : SERVICES'),(639,1000569,'STARTED','2010-09-15 16:28:45','Process Name : ACCOUNTING'),(640,1000569,'COMPLETED','2010-09-15 16:28:50','Process Name : ACCOUNTING'),(641,1000569,'STARTED','2010-09-15 16:28:50','Process Name : PHARMACY'),(642,1000569,'COMPLETED','2010-09-15 16:28:52','Process Name : PHARMACY'),(643,1000570,'STARTED','2010-09-15 17:02:06','Process Name : SERVICES'),(644,1000570,'COMPLETED','2010-09-15 17:02:06','Process Name : SERVICES'),(645,1000570,'STARTED','2010-09-15 17:02:06','Process Name : ACCOUNTING'),(646,1000570,'COMPLETED','2010-09-15 17:02:08','Process Name : ACCOUNTING'),(647,1000570,'STARTED','2010-09-15 17:02:08','Process Name : PHARMACY'),(648,1000570,'COMPLETED','2010-09-15 17:02:11','Process Name : PHARMACY'),(649,1000571,'STARTED','2010-09-16 12:08:31','Process Name : SERVICES'),(650,1000571,'COMPLETED','2010-09-16 12:08:31','Process Name : SERVICES'),(651,1000571,'STARTED','2010-09-16 12:08:31','Process Name : ACCOUNTING'),(652,1000571,'COMPLETED','2010-09-16 12:08:34','Process Name : ACCOUNTING'),(653,1000571,'STARTED','2010-09-16 12:08:34','Process Name : PHARMACY'),(654,1000571,'COMPLETED','2010-09-16 12:08:35','Process Name : PHARMACY'),(655,1000599,'STARTED','2010-09-30 18:11:51','Process Name : SERVICES'),(656,1000599,'COMPLETED','2010-09-30 18:11:51','Process Name : SERVICES'),(657,1000599,'STARTED','2010-09-30 18:11:51','Process Name : ACCOUNTING'),(658,1000599,'COMPLETED','2010-09-30 18:11:52','Process Name : ACCOUNTING'),(659,1000599,'STARTED','2010-09-30 18:11:52','Process Name : PHARMACY'),(660,1000599,'COMPLETED','2010-09-30 18:11:52','Process Name : PHARMACY'),(661,1000600,'STARTED','2010-09-30 18:24:45','Process Name : SERVICES'),(662,1000600,'COMPLETED','2010-09-30 18:24:45','Process Name : SERVICES'),(663,1000600,'STARTED','2010-09-30 18:24:45','Process Name : BED'),(664,1000600,'COMPLETED','2010-09-30 18:24:45','Process Name : BED'),(665,1000600,'STARTED','2010-09-30 18:24:45','Process Name : ACCOUNTING'),(666,1000600,'COMPLETED','2010-09-30 18:24:46','Process Name : ACCOUNTING'),(667,1000600,'STARTED','2010-09-30 18:24:46','Process Name : PHARMACY'),(668,1000600,'COMPLETED','2010-09-30 18:24:47','Process Name : PHARMACY'),(669,1000601,'STARTED','2010-09-30 18:27:11','Process Name : SERVICES'),(670,1000601,'COMPLETED','2010-09-30 18:27:11','Process Name : SERVICES'),(671,1000601,'STARTED','2010-09-30 18:27:11','Process Name : BED'),(672,1000601,'COMPLETED','2010-09-30 18:27:11','Process Name : BED'),(673,1000601,'STARTED','2010-09-30 18:27:11','Process Name : ACCOUNTING'),(674,1000601,'COMPLETED','2010-09-30 18:27:12','Process Name : ACCOUNTING'),(675,1000601,'STARTED','2010-09-30 18:27:12','Process Name : PHARMACY'),(676,1000601,'COMPLETED','2010-09-30 18:27:13','Process Name : PHARMACY'),(677,1000602,'STARTED','2010-09-30 19:00:22','Process Name : SERVICES'),(678,1000602,'COMPLETED','2010-09-30 19:00:22','Process Name : SERVICES'),(679,1000602,'STARTED','2010-09-30 19:00:22','Process Name : ACCOUNTING'),(680,1000602,'COMPLETED','2010-09-30 19:00:23','Process Name : ACCOUNTING'),(681,1000602,'STARTED','2010-09-30 19:00:23','Process Name : PHARMACY'),(682,1000602,'COMPLETED','2010-09-30 19:00:23','Process Name : PHARMACY'),(683,1000603,'STARTED','2010-09-30 19:01:20','Process Name : SERVICES'),(684,1000603,'COMPLETED','2010-09-30 19:01:20','Process Name : SERVICES'),(685,1000603,'STARTED','2010-09-30 19:01:20','Process Name : ACCOUNTING'),(686,1000603,'COMPLETED','2010-09-30 19:01:21','Process Name : ACCOUNTING'),(687,1000603,'STARTED','2010-09-30 19:01:21','Process Name : PHARMACY'),(688,1000603,'COMPLETED','2010-09-30 19:01:21','Process Name : PHARMACY'),(689,1000604,'STARTED','2010-10-01 09:19:45','Process Name : SERVICES'),(690,1000604,'COMPLETED','2010-10-01 09:19:45','Process Name : SERVICES'),(691,1000604,'STARTED','2010-10-01 09:19:45','Process Name : ACCOUNTING'),(692,1000604,'COMPLETED','2010-10-01 09:19:46','Process Name : ACCOUNTING'),(693,1000604,'STARTED','2010-10-01 09:19:46','Process Name : PHARMACY'),(694,1000604,'COMPLETED','2010-10-01 09:19:47','Process Name : PHARMACY'),(695,1000605,'STARTED','2010-10-01 09:20:51','Process Name : SERVICES'),(696,1000605,'COMPLETED','2010-10-01 09:20:51','Process Name : SERVICES'),(697,1000605,'STARTED','2010-10-01 09:20:51','Process Name : ACCOUNTING'),(698,1000605,'COMPLETED','2010-10-01 09:20:53','Process Name : ACCOUNTING'),(699,1000605,'STARTED','2010-10-01 09:20:53','Process Name : PHARMACY'),(700,1000605,'COMPLETED','2010-10-01 09:20:53','Process Name : PHARMACY'),(701,1000606,'STARTED','2010-10-01 09:22:29','Process Name : SERVICES'),(702,1000606,'COMPLETED','2010-10-01 09:22:29','Process Name : SERVICES'),(703,1000606,'STARTED','2010-10-01 09:22:29','Process Name : ACCOUNTING'),(704,1000606,'COMPLETED','2010-10-01 09:22:30','Process Name : ACCOUNTING'),(705,1000606,'STARTED','2010-10-01 09:22:30','Process Name : PHARMACY'),(706,1000606,'COMPLETED','2010-10-01 09:22:30','Process Name : PHARMACY'),(707,1000607,'STARTED','2010-10-01 09:30:50','Process Name : SERVICES'),(708,1000607,'COMPLETED','2010-10-01 09:30:50','Process Name : SERVICES'),(709,1000607,'STARTED','2010-10-01 09:30:50','Process Name : BED'),(710,1000607,'COMPLETED','2010-10-01 09:30:50','Process Name : BED'),(711,1000607,'STARTED','2010-10-01 09:30:50','Process Name : ACCOUNTING'),(712,1000607,'COMPLETED','2010-10-01 09:30:51','Process Name : ACCOUNTING'),(713,1000607,'STARTED','2010-10-01 09:30:51','Process Name : PHARMACY'),(714,1000607,'COMPLETED','2010-10-01 09:30:51','Process Name : PHARMACY'),(715,1000608,'STARTED','2010-10-01 09:31:37','Process Name : SERVICES'),(716,1000608,'COMPLETED','2010-10-01 09:31:37','Process Name : SERVICES'),(717,1000608,'STARTED','2010-10-01 09:31:37','Process Name : BED'),(718,1000608,'COMPLETED','2010-10-01 09:31:37','Process Name : BED'),(719,1000608,'STARTED','2010-10-01 09:31:37','Process Name : ACCOUNTING'),(720,1000608,'COMPLETED','2010-10-01 09:31:38','Process Name : ACCOUNTING'),(721,1000608,'STARTED','2010-10-01 09:31:38','Process Name : PHARMACY'),(722,1000608,'COMPLETED','2010-10-01 09:31:38','Process Name : PHARMACY'),(723,1000609,'STARTED','2010-10-01 09:34:25','Process Name : SERVICES'),(724,1000609,'COMPLETED','2010-10-01 09:34:25','Process Name : SERVICES'),(725,1000609,'STARTED','2010-10-01 09:34:25','Process Name : ACCOUNTING'),(726,1000609,'COMPLETED','2010-10-01 09:34:26','Process Name : ACCOUNTING'),(727,1000609,'STARTED','2010-10-01 09:34:26','Process Name : PHARMACY'),(728,1000609,'COMPLETED','2010-10-01 09:34:27','Process Name : PHARMACY'),(729,1000610,'STARTED','2010-10-01 09:36:03','Process Name : SERVICES'),(730,1000610,'COMPLETED','2010-10-01 09:36:03','Process Name : SERVICES'),(731,1000610,'STARTED','2010-10-01 09:36:03','Process Name : ACCOUNTING'),(732,1000610,'COMPLETED','2010-10-01 09:36:04','Process Name : ACCOUNTING'),(733,1000610,'STARTED','2010-10-01 09:36:04','Process Name : PHARMACY'),(734,1000610,'COMPLETED','2010-10-01 09:36:04','Process Name : PHARMACY'),(735,1000611,'STARTED','2010-10-01 12:08:41','Process Name : SERVICES'),(736,1000611,'COMPLETED','2010-10-01 12:08:41','Process Name : SERVICES'),(737,1000611,'STARTED','2010-10-01 12:08:41','Process Name : ACCOUNTING'),(738,1000611,'COMPLETED','2010-10-01 12:08:42','Process Name : ACCOUNTING'),(739,1000611,'STARTED','2010-10-01 12:08:42','Process Name : PHARMACY'),(740,1000611,'COMPLETED','2010-10-01 12:08:43','Process Name : PHARMACY'),(741,1000612,'STARTED','2010-10-01 12:56:20','Process Name : SERVICES'),(742,1000612,'COMPLETED','2010-10-01 12:56:20','Process Name : SERVICES'),(743,1000612,'STARTED','2010-10-01 12:56:20','Process Name : ACCOUNTING'),(744,1000612,'COMPLETED','2010-10-01 12:56:21','Process Name : ACCOUNTING'),(745,1000612,'STARTED','2010-10-01 12:56:21','Process Name : PHARMACY'),(746,1000612,'COMPLETED','2010-10-01 12:56:22','Process Name : PHARMACY'),(747,1000613,'STARTED','2010-10-01 13:02:27','Process Name : SERVICES'),(748,1000613,'COMPLETED','2010-10-01 13:02:27','Process Name : SERVICES'),(749,1000613,'STARTED','2010-10-01 13:02:28','Process Name : ACCOUNTING'),(750,1000613,'COMPLETED','2010-10-01 13:02:28','Process Name : ACCOUNTING'),(751,1000613,'STARTED','2010-10-01 13:02:28','Process Name : PHARMACY'),(752,1000613,'COMPLETED','2010-10-01 13:02:29','Process Name : PHARMACY'),(753,1000615,'STARTED','2010-10-01 18:43:08','Process Name : SERVICES'),(754,1000615,'COMPLETED','2010-10-01 18:43:08','Process Name : SERVICES'),(755,1000615,'STARTED','2010-10-01 18:43:08','Process Name : ACCOUNTING'),(756,1000615,'COMPLETED','2010-10-01 18:43:10','Process Name : ACCOUNTING'),(757,1000615,'STARTED','2010-10-01 18:43:10','Process Name : PHARMACY'),(758,1000615,'COMPLETED','2010-10-01 18:43:10','Process Name : PHARMACY'),(759,1000626,'STARTED','2010-10-05 14:15:36','Process Name : SERVICES'),(760,1000626,'COMPLETED','2010-10-05 14:15:36','Process Name : SERVICES'),(761,1000626,'STARTED','2010-10-05 14:15:36','Process Name : ACCOUNTING'),(762,1000626,'COMPLETED','2010-10-05 14:15:38','Process Name : ACCOUNTING'),(763,1000626,'STARTED','2010-10-05 14:15:38','Process Name : PHARMACY'),(764,1000626,'COMPLETED','2010-10-05 14:15:38','Process Name : PHARMACY'),(765,1000627,'STARTED','2010-10-05 14:15:41','Process Name : SERVICES'),(766,1000627,'COMPLETED','2010-10-05 14:15:41','Process Name : SERVICES'),(767,1000627,'STARTED','2010-10-05 14:15:41','Process Name : ACCOUNTING'),(768,1000627,'COMPLETED','2010-10-05 14:15:43','Process Name : ACCOUNTING'),(769,1000627,'STARTED','2010-10-05 14:15:43','Process Name : PHARMACY'),(770,1000627,'COMPLETED','2010-10-05 14:15:44','Process Name : PHARMACY'),(771,1000628,'STARTED','2010-10-05 14:26:17','Process Name : SERVICES'),(772,1000628,'COMPLETED','2010-10-05 14:26:17','Process Name : SERVICES'),(773,1000628,'STARTED','2010-10-05 14:26:17','Process Name : ACCOUNTING'),(774,1000628,'COMPLETED','2010-10-05 14:26:18','Process Name : ACCOUNTING'),(775,1000628,'STARTED','2010-10-05 14:26:18','Process Name : PHARMACY'),(776,1000628,'COMPLETED','2010-10-05 14:26:19','Process Name : PHARMACY'),(777,1000629,'STARTED','2010-10-05 14:28:45','Process Name : SERVICES'),(778,1000629,'COMPLETED','2010-10-05 14:28:45','Process Name : SERVICES'),(779,1000629,'STARTED','2010-10-05 14:28:45','Process Name : ACCOUNTING'),(780,1000629,'COMPLETED','2010-10-05 14:28:46','Process Name : ACCOUNTING'),(781,1000629,'STARTED','2010-10-05 14:28:46','Process Name : PHARMACY'),(782,1000629,'COMPLETED','2010-10-05 14:28:47','Process Name : PHARMACY'),(783,1000630,'STARTED','2010-10-05 14:29:06','Process Name : SERVICES'),(784,1000630,'COMPLETED','2010-10-05 14:29:06','Process Name : SERVICES'),(785,1000630,'STARTED','2010-10-05 14:29:06','Process Name : ACCOUNTING'),(786,1000630,'COMPLETED','2010-10-05 14:29:07','Process Name : ACCOUNTING'),(787,1000630,'STARTED','2010-10-05 14:29:07','Process Name : PHARMACY'),(788,1000630,'COMPLETED','2010-10-05 14:29:08','Process Name : PHARMACY'),(789,1000631,'STARTED','2010-10-05 14:29:31','Process Name : SERVICES'),(790,1000631,'COMPLETED','2010-10-05 14:29:31','Process Name : SERVICES'),(791,1000631,'STARTED','2010-10-05 14:29:31','Process Name : ACCOUNTING'),(792,1000631,'COMPLETED','2010-10-05 14:29:32','Process Name : ACCOUNTING'),(793,1000631,'STARTED','2010-10-05 14:29:32','Process Name : PHARMACY'),(794,1000631,'COMPLETED','2010-10-05 14:29:33','Process Name : PHARMACY'),(795,1000656,'STARTED','2010-10-06 21:45:23','Process Name : SERVICES'),(796,1000656,'COMPLETED','2010-10-06 21:45:23','Process Name : SERVICES'),(797,1000656,'STARTED','2010-10-06 21:45:23','Process Name : ACCOUNTING'),(798,1000656,'COMPLETED','2010-10-06 21:45:25','Process Name : ACCOUNTING'),(799,1000656,'STARTED','2010-10-06 21:45:25','Process Name : PHARMACY'),(800,1000656,'COMPLETED','2010-10-06 21:45:26','Process Name : PHARMACY'),(801,1000657,'STARTED','2010-10-06 21:55:43','Process Name : SERVICES'),(802,1000657,'COMPLETED','2010-10-06 21:55:44','Process Name : SERVICES'),(803,1000657,'STARTED','2010-10-06 21:55:44','Process Name : ACCOUNTING'),(804,1000657,'COMPLETED','2010-10-06 21:55:45','Process Name : ACCOUNTING'),(805,1000657,'STARTED','2010-10-06 21:55:45','Process Name : PHARMACY'),(806,1000657,'COMPLETED','2010-10-06 21:55:45','Process Name : PHARMACY'),(807,1000658,'STARTED','2010-10-06 21:59:10','Process Name : SERVICES'),(808,1000658,'COMPLETED','2010-10-06 21:59:10','Process Name : SERVICES'),(809,1000658,'STARTED','2010-10-06 21:59:10','Process Name : ACCOUNTING'),(810,1000658,'COMPLETED','2010-10-06 21:59:11','Process Name : ACCOUNTING'),(811,1000658,'STARTED','2010-10-06 21:59:11','Process Name : PHARMACY'),(812,1000658,'COMPLETED','2010-10-06 21:59:11','Process Name : PHARMACY'),(813,1000665,'STARTED','2010-10-07 15:52:50','Process Name : SERVICES'),(814,1000665,'COMPLETED','2010-10-07 15:52:50','Process Name : SERVICES'),(815,1000665,'STARTED','2010-10-07 15:52:50','Process Name : ACCOUNTING'),(816,1000665,'COMPLETED','2010-10-07 15:52:51','Process Name : ACCOUNTING'),(817,1000665,'STARTED','2010-10-07 15:52:51','Process Name : PHARMACY'),(818,1000665,'COMPLETED','2010-10-07 15:52:52','Process Name : PHARMACY'),(819,1000705,'STARTED','2010-10-13 17:09:18','Process Name : SERVICES'),(820,1000705,'COMPLETED','2010-10-13 17:09:18','Process Name : SERVICES'),(821,1000705,'STARTED','2010-10-13 17:09:18','Process Name : ACCOUNTING'),(822,1000705,'COMPLETED','2010-10-13 17:09:20','Process Name : ACCOUNTING'),(823,1000705,'STARTED','2010-10-13 17:09:20','Process Name : PHARMACY'),(824,1000705,'COMPLETED','2010-10-13 17:09:21','Process Name : PHARMACY'),(825,1000706,'STARTED','2010-10-13 17:26:15','Process Name : SERVICES'),(826,1000706,'COMPLETED','2010-10-13 17:26:16','Process Name : SERVICES'),(827,1000706,'STARTED','2010-10-13 17:26:16','Process Name : ACCOUNTING'),(828,1000706,'COMPLETED','2010-10-13 17:26:17','Process Name : ACCOUNTING'),(829,1000706,'STARTED','2010-10-13 17:26:17','Process Name : PHARMACY'),(830,1000706,'COMPLETED','2010-10-13 17:26:18','Process Name : PHARMACY'),(831,1000711,'STARTED','2010-10-13 18:18:20','Process Name : SERVICES'),(832,1000711,'COMPLETED','2010-10-13 18:18:20','Process Name : SERVICES'),(833,1000711,'STARTED','2010-10-13 18:18:20','Process Name : ACCOUNTING'),(834,1000711,'COMPLETED','2010-10-13 18:18:21','Process Name : ACCOUNTING'),(835,1000711,'STARTED','2010-10-13 18:18:21','Process Name : PHARMACY'),(836,1000711,'COMPLETED','2010-10-13 18:18:22','Process Name : PHARMACY'),(837,1000717,'STARTED','2010-10-13 19:32:08','Process Name : SERVICES'),(838,1000717,'COMPLETED','2010-10-13 19:32:08','Process Name : SERVICES'),(839,1000717,'STARTED','2010-10-13 19:32:08','Process Name : ACCOUNTING'),(840,1000717,'COMPLETED','2010-10-13 19:32:10','Process Name : ACCOUNTING'),(841,1000717,'STARTED','2010-10-13 19:32:10','Process Name : PHARMACY'),(842,1000717,'COMPLETED','2010-10-13 19:32:11','Process Name : PHARMACY'),(843,1000720,'STARTED','2010-10-14 10:26:08','Process Name : SERVICES'),(844,1000720,'COMPLETED','2010-10-14 10:26:08','Process Name : SERVICES'),(845,1000720,'STARTED','2010-10-14 10:26:08','Process Name : ACCOUNTING'),(846,1000720,'COMPLETED','2010-10-14 10:26:09','Process Name : ACCOUNTING'),(847,1000720,'STARTED','2010-10-14 10:26:09','Process Name : PHARMACY'),(848,1000720,'COMPLETED','2010-10-14 10:26:10','Process Name : PHARMACY'),(849,1000735,'STARTED','2010-10-14 20:29:50','Process Name : SERVICES'),(850,1000735,'COMPLETED','2010-10-14 20:29:50','Process Name : SERVICES'),(851,1000735,'STARTED','2010-10-14 20:29:50','Process Name : ACCOUNTING'),(852,1000735,'COMPLETED','2010-10-14 20:29:52','Process Name : ACCOUNTING'),(853,1000735,'STARTED','2010-10-14 20:29:52','Process Name : PHARMACY'),(854,1000735,'COMPLETED','2010-10-14 20:29:53','Process Name : PHARMACY'),(855,1000736,'STARTED','2010-10-14 20:30:43','Process Name : SERVICES'),(856,1000736,'COMPLETED','2010-10-14 20:30:43','Process Name : SERVICES'),(857,1000736,'STARTED','2010-10-14 20:30:43','Process Name : ACCOUNTING'),(858,1000736,'COMPLETED','2010-10-14 20:30:45','Process Name : ACCOUNTING'),(859,1000736,'STARTED','2010-10-14 20:30:45','Process Name : PHARMACY'),(860,1000736,'COMPLETED','2010-10-14 20:30:46','Process Name : PHARMACY'),(861,1000737,'STARTED','2010-10-14 20:34:06','Process Name : SERVICES'),(862,1000737,'COMPLETED','2010-10-14 20:34:06','Process Name : SERVICES'),(863,1000737,'STARTED','2010-10-14 20:34:06','Process Name : ACCOUNTING'),(864,1000737,'COMPLETED','2010-10-14 20:34:07','Process Name : ACCOUNTING'),(865,1000737,'STARTED','2010-10-14 20:34:07','Process Name : PHARMACY'),(866,1000737,'COMPLETED','2010-10-14 20:34:08','Process Name : PHARMACY'),(867,1000742,'STARTED','2010-10-18 09:45:23','Process Name : SERVICES'),(868,1000742,'COMPLETED','2010-10-18 09:45:23','Process Name : SERVICES'),(869,1000742,'STARTED','2010-10-18 09:45:23','Process Name : ACCOUNTING'),(870,1000742,'COMPLETED','2010-10-18 09:45:25','Process Name : ACCOUNTING'),(871,1000742,'STARTED','2010-10-18 09:45:25','Process Name : PHARMACY'),(872,1000742,'COMPLETED','2010-10-18 09:45:27','Process Name : PHARMACY'),(873,1000743,'STARTED','2010-10-18 09:49:59','Process Name : SERVICES'),(874,1000743,'COMPLETED','2010-10-18 09:49:59','Process Name : SERVICES'),(875,1000743,'STARTED','2010-10-18 09:49:59','Process Name : ACCOUNTING'),(876,1000743,'COMPLETED','2010-10-18 09:50:00','Process Name : ACCOUNTING'),(877,1000743,'STARTED','2010-10-18 09:50:00','Process Name : PHARMACY'),(878,1000743,'COMPLETED','2010-10-18 09:50:01','Process Name : PHARMACY'),(879,1000744,'STARTED','2010-10-18 09:51:10','Process Name : SERVICES'),(880,1000744,'COMPLETED','2010-10-18 09:51:10','Process Name : SERVICES'),(881,1000744,'STARTED','2010-10-18 09:51:10','Process Name : ACCOUNTING'),(882,1000744,'COMPLETED','2010-10-18 09:51:11','Process Name : ACCOUNTING'),(883,1000744,'STARTED','2010-10-18 09:51:11','Process Name : PHARMACY'),(884,1000744,'COMPLETED','2010-10-18 09:51:12','Process Name : PHARMACY'),(885,1000745,'STARTED','2010-10-18 09:51:31','Process Name : SERVICES'),(886,1000745,'COMPLETED','2010-10-18 09:51:31','Process Name : SERVICES'),(887,1000745,'STARTED','2010-10-18 09:51:31','Process Name : ACCOUNTING'),(888,1000745,'COMPLETED','2010-10-18 09:51:32','Process Name : ACCOUNTING'),(889,1000745,'STARTED','2010-10-18 09:51:32','Process Name : PHARMACY'),(890,1000745,'COMPLETED','2010-10-18 09:51:33','Process Name : PHARMACY'),(891,1000746,'STARTED','2010-10-18 09:53:55','Process Name : SERVICES'),(892,1000746,'COMPLETED','2010-10-18 09:53:55','Process Name : SERVICES'),(893,1000746,'STARTED','2010-10-18 09:53:55','Process Name : ACCOUNTING'),(894,1000746,'COMPLETED','2010-10-18 09:53:57','Process Name : ACCOUNTING'),(895,1000746,'STARTED','2010-10-18 09:53:57','Process Name : PHARMACY'),(896,1000746,'COMPLETED','2010-10-18 09:53:58','Process Name : PHARMACY'),(897,1000749,'STARTED','2010-10-18 09:57:07','Process Name : SERVICES'),(898,1000749,'COMPLETED','2010-10-18 09:57:07','Process Name : SERVICES'),(899,1000749,'STARTED','2010-10-18 09:57:07','Process Name : ACCOUNTING'),(900,1000749,'COMPLETED','2010-10-18 09:57:09','Process Name : ACCOUNTING'),(901,1000749,'STARTED','2010-10-18 09:57:09','Process Name : PHARMACY'),(902,1000749,'COMPLETED','2010-10-18 09:57:10','Process Name : PHARMACY'),(903,1000750,'STARTED','2010-10-18 09:57:12','Process Name : SERVICES'),(904,1000750,'COMPLETED','2010-10-18 09:57:12','Process Name : SERVICES'),(905,1000750,'STARTED','2010-10-18 09:57:12','Process Name : ACCOUNTING'),(906,1000750,'COMPLETED','2010-10-18 09:57:13','Process Name : ACCOUNTING'),(907,1000750,'STARTED','2010-10-18 09:57:13','Process Name : PHARMACY'),(908,1000750,'COMPLETED','2010-10-18 09:57:14','Process Name : PHARMACY'),(909,1000751,'STARTED','2010-10-18 09:59:56','Process Name : SERVICES'),(910,1000751,'COMPLETED','2010-10-18 09:59:56','Process Name : SERVICES'),(911,1000751,'STARTED','2010-10-18 09:59:56','Process Name : ACCOUNTING'),(912,1000751,'COMPLETED','2010-10-18 09:59:57','Process Name : ACCOUNTING'),(913,1000751,'STARTED','2010-10-18 09:59:57','Process Name : PHARMACY'),(914,1000751,'COMPLETED','2010-10-18 09:59:58','Process Name : PHARMACY'),(915,1000752,'STARTED','2010-10-19 11:04:28','Process Name : SERVICES'),(916,1000752,'COMPLETED','2010-10-19 11:04:29','Process Name : SERVICES'),(917,1000752,'STARTED','2010-10-19 11:04:29','Process Name : ACCOUNTING'),(918,1000752,'COMPLETED','2010-10-19 11:04:32','Process Name : ACCOUNTING'),(919,1000752,'STARTED','2010-10-19 11:04:32','Process Name : PHARMACY'),(920,1000752,'COMPLETED','2010-10-19 11:04:34','Process Name : PHARMACY'),(921,1000753,'STARTED','2010-10-19 14:52:54','Process Name : SERVICES'),(922,1000753,'COMPLETED','2010-10-19 14:52:54','Process Name : SERVICES'),(923,1000753,'STARTED','2010-10-19 14:52:54','Process Name : ACCOUNTING'),(924,1000753,'COMPLETED','2010-10-19 14:52:56','Process Name : ACCOUNTING'),(925,1000753,'STARTED','2010-10-19 14:52:56','Process Name : PHARMACY'),(926,1000753,'COMPLETED','2010-10-19 14:52:57','Process Name : PHARMACY'),(927,1000754,'STARTED','2010-10-19 15:12:41','Process Name : SERVICES'),(928,1000754,'COMPLETED','2010-10-19 15:12:41','Process Name : SERVICES'),(929,1000754,'STARTED','2010-10-19 15:12:41','Process Name : ACCOUNTING'),(930,1000754,'COMPLETED','2010-10-19 15:12:42','Process Name : ACCOUNTING'),(931,1000754,'STARTED','2010-10-19 15:12:42','Process Name : PHARMACY'),(932,1000754,'COMPLETED','2010-10-19 15:12:43','Process Name : PHARMACY'),(933,1000755,'STARTED','2010-10-19 15:12:50','Process Name : SERVICES'),(934,1000755,'COMPLETED','2010-10-19 15:12:50','Process Name : SERVICES'),(935,1000755,'STARTED','2010-10-19 15:12:50','Process Name : ACCOUNTING'),(936,1000755,'COMPLETED','2010-10-19 15:12:54','Process Name : ACCOUNTING'),(937,1000755,'STARTED','2010-10-19 15:12:54','Process Name : PHARMACY'),(938,1000755,'COMPLETED','2010-10-19 15:12:55','Process Name : PHARMACY'),(939,1000756,'STARTED','2010-10-21 16:11:13','Process Name : SERVICES'),(940,1000756,'COMPLETED','2010-10-21 16:11:13','Process Name : SERVICES'),(941,1000756,'STARTED','2010-10-21 16:11:13','Process Name : ACCOUNTING'),(942,1000757,'STARTED','2010-10-21 17:26:31','Process Name : SERVICES'),(943,1000757,'COMPLETED','2010-10-21 17:26:31','Process Name : SERVICES'),(944,1000757,'STARTED','2010-10-21 17:26:31','Process Name : ACCOUNTING'),(945,1000757,'COMPLETED','2010-10-21 17:26:31','Process Name : ACCOUNTING'),(946,1000757,'STARTED','2010-10-21 17:26:31','Process Name : PHARMACY'),(947,1000757,'COMPLETED','2010-10-21 17:31:42','Process Name : PHARMACY'),(948,1000758,'STARTED','2010-10-21 17:46:32','Process Name : SERVICES'),(949,1000758,'COMPLETED','2010-10-21 17:46:32','Process Name : SERVICES'),(950,1000758,'STARTED','2010-10-21 17:46:32','Process Name : ACCOUNTING'),(951,1000758,'COMPLETED','2010-10-21 17:46:32','Process Name : ACCOUNTING'),(952,1000759,'STARTED','2010-10-21 19:38:42','Process Name : SERVICES'),(953,1000759,'COMPLETED','2010-10-21 19:38:43','Process Name : SERVICES'),(954,1000759,'STARTED','2010-10-21 19:38:43','Process Name : ACCOUNTING'),(955,1000759,'COMPLETED','2010-10-21 19:38:43','Process Name : ACCOUNTING'),(956,1000760,'STARTED','2010-10-21 20:42:13','Process Name : SERVICES'),(957,1000760,'COMPLETED','2010-10-21 20:42:13','Process Name : SERVICES'),(958,1000760,'STARTED','2010-10-21 20:42:13','Process Name : ACCOUNTING'),(959,1000760,'COMPLETED','2010-10-21 20:42:13','Process Name : ACCOUNTING'),(960,1000761,'STARTED','2010-10-21 20:54:51','Process Name : SERVICES'),(961,1000761,'COMPLETED','2010-10-21 20:54:51','Process Name : SERVICES'),(962,1000761,'STARTED','2010-10-21 20:54:51','Process Name : PHARMACY'),(963,1000762,'STARTED','2010-10-21 21:15:03','Process Name : SERVICES'),(964,1000762,'COMPLETED','2010-10-21 21:15:03','Process Name : SERVICES'),(965,1000762,'STARTED','2010-10-21 21:15:03','Process Name : ACCOUNTING'),(966,1000762,'COMPLETED','2010-10-21 21:15:03','Process Name : ACCOUNTING'),(967,1000763,'STARTED','2010-10-22 09:02:55','Process Name : SERVICES'),(968,1000763,'COMPLETED','2010-10-22 09:02:55','Process Name : SERVICES'),(969,1000764,'STARTED','2010-10-22 10:03:14','Process Name : SERVICES'),(970,1000764,'COMPLETED','2010-10-22 10:03:14','Process Name : SERVICES'),(971,1000765,'STARTED','2010-10-22 10:07:27','Process Name : SERVICES'),(972,1000765,'COMPLETED','2010-10-22 10:07:27','Process Name : SERVICES'),(973,1000765,'STARTED','2010-10-22 10:07:27','Process Name : ACCOUNTING'),(974,1000765,'COMPLETED','2010-10-22 10:07:27','Process Name : ACCOUNTING'),(975,1000766,'STARTED','2010-10-22 10:08:47','Process Name : SERVICES'),(976,1000766,'COMPLETED','2010-10-22 10:08:47','Process Name : SERVICES'),(977,1000766,'STARTED','2010-10-22 10:08:47','Process Name : ACCOUNTING'),(978,1000766,'COMPLETED','2010-10-22 10:08:47','Process Name : ACCOUNTING'),(979,1000767,'STARTED','2010-10-22 10:14:32','Process Name : SERVICES'),(980,1000767,'COMPLETED','2010-10-22 10:14:32','Process Name : SERVICES'),(981,1000767,'STARTED','2010-10-22 10:14:32','Process Name : ACCOUNTING'),(982,1000767,'COMPLETED','2010-10-22 10:14:32','Process Name : ACCOUNTING'),(983,1000768,'STARTED','2010-10-22 10:48:42','Process Name : SERVICES'),(984,1000768,'COMPLETED','2010-10-22 10:48:42','Process Name : SERVICES'),(985,1000768,'STARTED','2010-10-22 10:48:42','Process Name : ACCOUNTING'),(986,1000768,'COMPLETED','2010-10-22 10:48:42','Process Name : ACCOUNTING'),(987,1000769,'STARTED','2010-10-22 10:51:20','Process Name : SERVICES'),(988,1000769,'COMPLETED','2010-10-22 10:51:20','Process Name : SERVICES'),(989,1000769,'STARTED','2010-10-22 10:51:20','Process Name : ACCOUNTING'),(990,1000769,'COMPLETED','2010-10-22 10:51:20','Process Name : ACCOUNTING'),(991,1000770,'STARTED','2010-10-22 10:58:13','Process Name : SERVICES'),(992,1000770,'COMPLETED','2010-10-22 10:58:13','Process Name : SERVICES'),(993,1000770,'STARTED','2010-10-22 10:58:13','Process Name : ACCOUNTING'),(994,1000770,'COMPLETED','2010-10-22 10:58:13','Process Name : ACCOUNTING'),(995,1000771,'STARTED','2010-10-22 11:11:07','Process Name : SERVICES'),(996,1000771,'COMPLETED','2010-10-22 11:11:07','Process Name : SERVICES'),(997,1000771,'STARTED','2010-10-22 11:11:07','Process Name : ACCOUNTING'),(998,1000771,'COMPLETED','2010-10-22 11:11:07','Process Name : ACCOUNTING'),(999,1000772,'STARTED','2010-10-22 14:47:34','Process Name : SERVICES'),(1000,1000772,'COMPLETED','2010-10-22 14:47:34','Process Name : SERVICES'),(1001,1000773,'STARTED','2010-10-22 14:50:48','Process Name : SERVICES'),(1002,1000773,'COMPLETED','2010-10-22 14:50:48','Process Name : SERVICES'),(1003,1000773,'STARTED','2010-10-22 14:50:48','Process Name : ACCOUNTING'),(1004,1000773,'COMPLETED','2010-10-22 14:50:48','Process Name : ACCOUNTING'),(1005,1000774,'STARTED','2010-10-22 14:51:51','Process Name : SERVICES'),(1006,1000774,'COMPLETED','2010-10-22 14:51:51','Process Name : SERVICES'),(1007,1000774,'STARTED','2010-10-22 14:51:51','Process Name : ACCOUNTING'),(1008,1000774,'COMPLETED','2010-10-22 14:51:51','Process Name : ACCOUNTING'),(1009,1000775,'STARTED','2010-10-22 14:58:30','Process Name : SERVICES'),(1010,1000775,'COMPLETED','2010-10-22 14:58:30','Process Name : SERVICES'),(1011,1000775,'STARTED','2010-10-22 14:58:30','Process Name : ACCOUNTING'),(1012,1000775,'COMPLETED','2010-10-22 14:58:30','Process Name : ACCOUNTING'),(1013,1000776,'STARTED','2010-10-22 15:20:27','Process Name : SERVICES'),(1014,1000776,'COMPLETED','2010-10-22 15:20:27','Process Name : SERVICES'),(1015,1000776,'STARTED','2010-10-22 15:20:27','Process Name : ACCOUNTING'),(1016,1000776,'COMPLETED','2010-10-22 15:20:27','Process Name : ACCOUNTING'),(1017,1000777,'STARTED','2010-10-22 17:33:44','Process Name : SERVICES'),(1018,1000777,'COMPLETED','2010-10-22 17:33:44','Process Name : SERVICES'),(1019,1000778,'STARTED','2010-10-22 17:50:45','Process Name : SERVICES'),(1020,1000778,'COMPLETED','2010-10-22 17:50:45','Process Name : SERVICES'),(1021,1000778,'STARTED','2010-10-22 17:50:45','Process Name : ACCOUNTING'),(1022,1000778,'COMPLETED','2010-10-22 17:50:45','Process Name : ACCOUNTING'),(1023,1000779,'STARTED','2010-10-22 18:04:43','Process Name : SERVICES'),(1024,1000779,'COMPLETED','2010-10-22 18:04:43','Process Name : SERVICES'),(1025,1000779,'STARTED','2010-10-22 18:04:43','Process Name : ACCOUNTING'),(1026,1000779,'COMPLETED','2010-10-22 18:04:43','Process Name : ACCOUNTING'),(1027,1000780,'STARTED','2010-10-22 18:31:04','Process Name : SERVICES'),(1028,1000780,'COMPLETED','2010-10-22 18:31:04','Process Name : SERVICES'),(1029,1000780,'STARTED','2010-10-22 18:31:04','Process Name : ACCOUNTING'),(1030,1000780,'COMPLETED','2010-10-22 18:31:04','Process Name : ACCOUNTING'),(1031,1000781,'STARTED','2010-10-22 18:32:56','Process Name : SERVICES'),(1032,1000781,'COMPLETED','2010-10-22 18:32:56','Process Name : SERVICES'),(1033,1000781,'STARTED','2010-10-22 18:32:56','Process Name : ACCOUNTING'),(1034,1000781,'COMPLETED','2010-10-22 18:32:56','Process Name : ACCOUNTING'),(1035,1000782,'STARTED','2010-10-22 19:28:20','Process Name : SERVICES'),(1036,1000782,'COMPLETED','2010-10-22 19:28:21','Process Name : SERVICES'),(1037,1000783,'STARTED','2010-10-22 19:44:45','Process Name : SERVICES'),(1038,1000783,'COMPLETED','2010-10-22 19:44:45','Process Name : SERVICES'),(1039,1000784,'STARTED','2010-10-22 19:52:38','Process Name : SERVICES'),(1040,1000784,'COMPLETED','2010-10-22 19:52:38','Process Name : SERVICES'),(1041,1000784,'STARTED','2010-10-22 19:52:38','Process Name : ACCOUNTING'),(1042,1000784,'COMPLETED','2010-10-22 19:52:38','Process Name : ACCOUNTING'),(1043,1000785,'STARTED','2010-10-22 21:07:17','Process Name : SERVICES'),(1044,1000785,'COMPLETED','2010-10-22 21:07:17','Process Name : SERVICES'),(1045,1000786,'STARTED','2010-10-25 18:07:29','Process Name : SERVICES'),(1046,1000786,'COMPLETED','2010-10-25 18:07:29','Process Name : SERVICES'),(1047,1000787,'STARTED','2010-10-25 18:08:56','Process Name : SERVICES'),(1048,1000787,'COMPLETED','2010-10-25 18:08:56','Process Name : SERVICES'),(1049,1000788,'STARTED','2010-10-25 18:24:16','Process Name : SERVICES'),(1050,1000788,'COMPLETED','2010-10-25 18:24:16','Process Name : SERVICES'),(1051,1000789,'STARTED','2010-10-25 18:28:38','Process Name : SERVICES'),(1052,1000789,'COMPLETED','2010-10-25 18:28:38','Process Name : SERVICES'),(1053,1000790,'STARTED','2010-10-25 18:31:39','Process Name : SERVICES'),(1054,1000790,'COMPLETED','2010-10-25 18:31:39','Process Name : SERVICES'),(1055,1000791,'STARTED','2010-10-26 11:48:19','Process Name : SERVICES'),(1056,1000791,'COMPLETED','2010-10-26 11:48:19','Process Name : SERVICES'),(1057,1000792,'STARTED','2010-10-27 12:22:43','Process Name : SERVICES'),(1058,1000792,'COMPLETED','2010-10-27 12:22:43','Process Name : SERVICES'),(1059,1000793,'STARTED','2010-10-27 12:24:26','Process Name : SERVICES'),(1060,1000793,'COMPLETED','2010-10-27 12:24:26','Process Name : SERVICES'),(1061,1000793,'STARTED','2010-10-27 12:24:26','Process Name : ACCOUNTING'),(1062,1000793,'COMPLETED','2010-10-27 12:24:26','Process Name : ACCOUNTING'),(1063,1000794,'STARTED','2010-10-27 12:26:39','Process Name : SERVICES'),(1064,1000794,'COMPLETED','2010-10-27 12:26:40','Process Name : SERVICES'),(1065,1000794,'STARTED','2010-10-27 12:26:40','Process Name : ACCOUNTING'),(1066,1000794,'COMPLETED','2010-10-27 12:26:40','Process Name : ACCOUNTING'),(1067,1000795,'STARTED','2010-10-27 17:26:01','Process Name : SERVICES'),(1068,1000795,'COMPLETED','2010-10-27 17:26:01','Process Name : SERVICES'),(1069,1000795,'STARTED','2010-10-27 17:26:01','Process Name : ACCOUNTING'),(1070,1000795,'COMPLETED','2010-10-27 17:26:01','Process Name : ACCOUNTING'),(1071,1000796,'STARTED','2010-10-27 17:28:36','Process Name : SERVICES'),(1072,1000796,'COMPLETED','2010-10-27 17:28:36','Process Name : SERVICES'),(1073,1000796,'STARTED','2010-10-27 17:28:36','Process Name : ACCOUNTING'),(1074,1000796,'COMPLETED','2010-10-27 17:28:36','Process Name : ACCOUNTING'),(1075,1000797,'STARTED','2010-10-27 17:29:14','Process Name : SERVICES'),(1076,1000797,'COMPLETED','2010-10-27 17:29:14','Process Name : SERVICES'),(1077,1000797,'STARTED','2010-10-27 17:29:14','Process Name : ACCOUNTING'),(1078,1000797,'COMPLETED','2010-10-27 17:29:14','Process Name : ACCOUNTING'),(1079,1000798,'STARTED','2010-10-27 18:00:52','Process Name : SERVICES'),(1080,1000798,'COMPLETED','2010-10-27 18:00:52','Process Name : SERVICES'),(1081,1000798,'STARTED','2010-10-27 18:00:52','Process Name : ACCOUNTING'),(1082,1000798,'COMPLETED','2010-10-27 18:00:52','Process Name : ACCOUNTING'),(1083,1000799,'STARTED','2010-10-27 19:05:17','Process Name : SERVICES'),(1084,1000799,'COMPLETED','2010-10-27 19:05:17','Process Name : SERVICES'),(1085,1000799,'STARTED','2010-10-27 19:05:17','Process Name : ACCOUNTING'),(1086,1000799,'COMPLETED','2010-10-27 19:05:18','Process Name : ACCOUNTING'),(1087,1000800,'STARTED','2010-10-27 19:01:57','Process Name : SERVICES'),(1088,1000800,'COMPLETED','2010-10-27 19:01:57','Process Name : SERVICES'),(1089,1000800,'STARTED','2010-10-27 19:01:57','Process Name : ACCOUNTING'),(1090,1000800,'COMPLETED','2010-10-27 19:01:57','Process Name : ACCOUNTING'),(1091,1000801,'STARTED','2010-10-27 19:02:36','Process Name : SERVICES'),(1092,1000801,'COMPLETED','2010-10-27 19:02:36','Process Name : SERVICES'),(1093,1000801,'STARTED','2010-10-27 19:02:36','Process Name : ACCOUNTING'),(1094,1000801,'COMPLETED','2010-10-27 19:02:36','Process Name : ACCOUNTING'),(1095,1000802,'STARTED','2010-10-27 19:03:06','Process Name : SERVICES'),(1096,1000802,'COMPLETED','2010-10-27 19:03:06','Process Name : SERVICES'),(1097,1000802,'STARTED','2010-10-27 19:03:06','Process Name : ACCOUNTING'),(1098,1000802,'COMPLETED','2010-10-27 19:03:06','Process Name : ACCOUNTING'),(1099,1000803,'STARTED','2010-10-27 19:03:54','Process Name : SERVICES'),(1100,1000803,'COMPLETED','2010-10-27 19:03:54','Process Name : SERVICES'),(1101,1000804,'STARTED','2010-10-27 19:55:48','Process Name : SERVICES'),(1102,1000804,'COMPLETED','2010-10-27 19:55:49','Process Name : SERVICES'),(1103,1000805,'STARTED','2010-10-27 19:56:35','Process Name : SERVICES'),(1104,1000805,'COMPLETED','2010-10-27 19:56:35','Process Name : SERVICES'),(1105,1000806,'STARTED','2010-10-27 19:59:15','Process Name : SERVICES'),(1106,1000806,'COMPLETED','2010-10-27 19:59:15','Process Name : SERVICES'),(1107,1000807,'STARTED','2010-10-27 20:03:08','Process Name : SERVICES'),(1108,1000807,'COMPLETED','2010-10-27 20:03:08','Process Name : SERVICES'),(1109,1000807,'STARTED','2010-10-27 20:03:08','Process Name : ACCOUNTING'),(1110,1000807,'COMPLETED','2010-10-27 20:03:08','Process Name : ACCOUNTING'),(1111,1000808,'STARTED','2010-10-27 20:06:07','Process Name : SERVICES'),(1112,1000808,'COMPLETED','2010-10-27 20:06:07','Process Name : SERVICES'),(1113,1000808,'STARTED','2010-10-27 20:06:07','Process Name : ACCOUNTING'),(1114,1000808,'COMPLETED','2010-10-27 20:06:07','Process Name : ACCOUNTING'),(1115,1000809,'STARTED','2010-10-27 20:06:58','Process Name : SERVICES'),(1116,1000809,'COMPLETED','2010-10-27 20:06:58','Process Name : SERVICES'),(1117,1000810,'STARTED','2010-10-27 20:12:02','Process Name : SERVICES'),(1118,1000810,'COMPLETED','2010-10-27 20:12:02','Process Name : SERVICES'),(1119,1000811,'STARTED','2010-10-27 20:12:25','Process Name : SERVICES'),(1120,1000811,'COMPLETED','2010-10-27 20:12:25','Process Name : SERVICES'),(1121,1000812,'STARTED','2010-10-27 20:48:46','Process Name : SERVICES'),(1122,1000812,'COMPLETED','2010-10-27 20:48:47','Process Name : SERVICES'),(1123,1000812,'STARTED','2010-10-27 20:48:47','Process Name : ACCOUNTING'),(1124,1000812,'COMPLETED','2010-10-27 20:48:47','Process Name : ACCOUNTING'),(1125,1000813,'STARTED','2010-10-27 20:50:41','Process Name : SERVICES'),(1126,1000813,'COMPLETED','2010-10-27 20:50:41','Process Name : SERVICES'),(1127,1000813,'STARTED','2010-10-27 20:50:41','Process Name : ACCOUNTING'),(1128,1000813,'COMPLETED','2010-10-27 20:50:41','Process Name : ACCOUNTING'),(1129,1000814,'STARTED','2010-10-27 21:00:29','Process Name : SERVICES'),(1130,1000814,'COMPLETED','2010-10-27 21:00:29','Process Name : SERVICES'),(1131,1000814,'STARTED','2010-10-27 21:00:29','Process Name : ACCOUNTING'),(1132,1000814,'COMPLETED','2010-10-27 21:00:29','Process Name : ACCOUNTING'),(1133,1000815,'STARTED','2010-10-27 21:05:17','Process Name : SERVICES'),(1134,1000815,'COMPLETED','2010-10-27 21:05:17','Process Name : SERVICES'),(1135,1000815,'STARTED','2010-10-27 21:05:17','Process Name : ACCOUNTING'),(1136,1000815,'COMPLETED','2010-10-27 21:05:17','Process Name : ACCOUNTING'),(1137,1000816,'STARTED','2010-10-27 21:07:22','Process Name : SERVICES'),(1138,1000816,'COMPLETED','2010-10-27 21:07:22','Process Name : SERVICES'),(1139,1000816,'STARTED','2010-10-27 21:07:22','Process Name : ACCOUNTING'),(1140,1000816,'COMPLETED','2010-10-27 21:07:22','Process Name : ACCOUNTING'),(1141,1000817,'STARTED','2010-10-28 10:27:01','Process Name : SERVICES'),(1142,1000817,'COMPLETED','2010-10-28 10:27:01','Process Name : SERVICES'),(1143,1000817,'STARTED','2010-10-28 10:27:01','Process Name : ACCOUNTING'),(1144,1000817,'COMPLETED','2010-10-28 10:27:01','Process Name : ACCOUNTING'),(1145,1000818,'STARTED','2010-10-28 10:31:11','Process Name : SERVICES'),(1146,1000818,'COMPLETED','2010-10-28 10:31:11','Process Name : SERVICES'),(1147,1000818,'STARTED','2010-10-28 10:31:11','Process Name : ACCOUNTING'),(1148,1000818,'COMPLETED','2010-10-28 10:31:11','Process Name : ACCOUNTING'),(1149,1000819,'STARTED','2010-10-28 10:33:51','Process Name : SERVICES'),(1150,1000819,'COMPLETED','2010-10-28 10:33:51','Process Name : SERVICES'),(1151,1000819,'STARTED','2010-10-28 10:33:51','Process Name : ACCOUNTING'),(1152,1000819,'COMPLETED','2010-10-28 10:33:51','Process Name : ACCOUNTING'),(1153,1000820,'STARTED','2010-10-28 10:37:47','Process Name : SERVICES'),(1154,1000820,'COMPLETED','2010-10-28 10:37:47','Process Name : SERVICES'),(1155,1000820,'STARTED','2010-10-28 10:37:47','Process Name : ACCOUNTING'),(1156,1000820,'COMPLETED','2010-10-28 10:37:47','Process Name : ACCOUNTING'),(1157,1000821,'STARTED','2010-10-28 10:40:12','Process Name : SERVICES'),(1158,1000821,'COMPLETED','2010-10-28 10:40:12','Process Name : SERVICES'),(1159,1000821,'STARTED','2010-10-28 10:40:12','Process Name : ACCOUNTING'),(1160,1000821,'COMPLETED','2010-10-28 10:40:12','Process Name : ACCOUNTING'),(1161,1000822,'STARTED','2010-10-28 10:44:11','Process Name : SERVICES'),(1162,1000822,'COMPLETED','2010-10-28 10:44:11','Process Name : SERVICES'),(1163,1000822,'STARTED','2010-10-28 10:44:11','Process Name : ACCOUNTING'),(1164,1000822,'COMPLETED','2010-10-28 10:44:11','Process Name : ACCOUNTING'),(1165,1000823,'STARTED','2010-10-28 10:50:35','Process Name : SERVICES'),(1166,1000823,'COMPLETED','2010-10-28 10:50:35','Process Name : SERVICES'),(1167,1000823,'STARTED','2010-10-28 10:50:35','Process Name : ACCOUNTING'),(1168,1000823,'COMPLETED','2010-10-28 10:50:35','Process Name : ACCOUNTING'),(1169,1000824,'STARTED','2010-10-28 10:58:56','Process Name : SERVICES'),(1170,1000824,'COMPLETED','2010-10-28 10:58:56','Process Name : SERVICES'),(1171,1000824,'STARTED','2010-10-28 10:58:56','Process Name : ACCOUNTING'),(1172,1000824,'COMPLETED','2010-10-28 10:58:56','Process Name : ACCOUNTING'),(1173,1000825,'STARTED','2010-10-28 11:02:30','Process Name : SERVICES'),(1174,1000825,'COMPLETED','2010-10-28 11:02:30','Process Name : SERVICES'),(1175,1000825,'STARTED','2010-10-28 11:02:30','Process Name : ACCOUNTING'),(1176,1000825,'COMPLETED','2010-10-28 11:02:30','Process Name : ACCOUNTING'),(1177,1000826,'STARTED','2010-10-28 11:12:34','Process Name : SERVICES'),(1178,1000826,'COMPLETED','2010-10-28 11:12:35','Process Name : SERVICES'),(1179,1000826,'STARTED','2010-10-28 11:12:35','Process Name : ACCOUNTING'),(1180,1000826,'COMPLETED','2010-10-28 11:12:35','Process Name : ACCOUNTING'),(1181,1000827,'STARTED','2010-10-28 11:14:23','Process Name : SERVICES'),(1182,1000827,'COMPLETED','2010-10-28 11:14:23','Process Name : SERVICES'),(1183,1000827,'STARTED','2010-10-28 11:14:23','Process Name : ACCOUNTING'),(1184,1000827,'COMPLETED','2010-10-28 11:14:23','Process Name : ACCOUNTING'),(1185,1000828,'STARTED','2010-10-28 11:14:46','Process Name : SERVICES'),(1186,1000828,'COMPLETED','2010-10-28 11:14:46','Process Name : SERVICES'),(1187,1000828,'STARTED','2010-10-28 11:14:46','Process Name : ACCOUNTING'),(1188,1000828,'COMPLETED','2010-10-28 11:14:46','Process Name : ACCOUNTING'),(1189,1000829,'STARTED','2010-10-28 11:20:20','Process Name : SERVICES'),(1190,1000829,'COMPLETED','2010-10-28 11:20:20','Process Name : SERVICES'),(1191,1000829,'STARTED','2010-10-28 11:20:20','Process Name : ACCOUNTING'),(1192,1000829,'COMPLETED','2010-10-28 11:20:20','Process Name : ACCOUNTING'),(1193,1000830,'STARTED','2010-10-28 11:24:58','Process Name : SERVICES'),(1194,1000830,'COMPLETED','2010-10-28 11:24:58','Process Name : SERVICES'),(1195,1000830,'STARTED','2010-10-28 11:24:58','Process Name : ACCOUNTING'),(1196,1000830,'COMPLETED','2010-10-28 11:24:58','Process Name : ACCOUNTING'),(1197,1000831,'STARTED','2010-10-28 11:28:25','Process Name : SERVICES'),(1198,1000831,'COMPLETED','2010-10-28 11:28:25','Process Name : SERVICES'),(1199,1000831,'STARTED','2010-10-28 11:28:25','Process Name : ACCOUNTING'),(1200,1000831,'COMPLETED','2010-10-28 11:28:25','Process Name : ACCOUNTING'),(1201,1000832,'STARTED','2010-10-28 11:30:00','Process Name : SERVICES'),(1202,1000832,'COMPLETED','2010-10-28 11:30:00','Process Name : SERVICES'),(1203,1000832,'STARTED','2010-10-28 11:30:00','Process Name : ACCOUNTING'),(1204,1000832,'COMPLETED','2010-10-28 11:30:00','Process Name : ACCOUNTING'),(1205,1000833,'STARTED','2010-10-28 11:33:57','Process Name : SERVICES'),(1206,1000833,'COMPLETED','2010-10-28 11:33:57','Process Name : SERVICES'),(1207,1000833,'STARTED','2010-10-28 11:33:57','Process Name : ACCOUNTING'),(1208,1000833,'COMPLETED','2010-10-28 11:33:57','Process Name : ACCOUNTING'),(1209,1000834,'STARTED','2010-10-28 11:39:08','Process Name : SERVICES'),(1210,1000834,'COMPLETED','2010-10-28 11:39:08','Process Name : SERVICES'),(1211,1000834,'STARTED','2010-10-28 11:39:08','Process Name : ACCOUNTING'),(1212,1000834,'COMPLETED','2010-10-28 11:39:08','Process Name : ACCOUNTING'),(1213,1000835,'STARTED','2010-10-28 11:41:10','Process Name : SERVICES'),(1214,1000835,'COMPLETED','2010-10-28 11:41:10','Process Name : SERVICES'),(1215,1000835,'STARTED','2010-10-28 11:41:10','Process Name : ACCOUNTING'),(1216,1000835,'COMPLETED','2010-10-28 11:41:10','Process Name : ACCOUNTING'),(1217,1000836,'STARTED','2010-10-28 11:41:38','Process Name : SERVICES'),(1218,1000836,'COMPLETED','2010-10-28 11:41:38','Process Name : SERVICES'),(1219,1000836,'STARTED','2010-10-28 11:41:38','Process Name : ACCOUNTING'),(1220,1000836,'COMPLETED','2010-10-28 11:41:38','Process Name : ACCOUNTING'),(1221,1000837,'STARTED','2010-10-28 11:44:19','Process Name : SERVICES'),(1222,1000837,'COMPLETED','2010-10-28 11:44:19','Process Name : SERVICES'),(1223,1000837,'STARTED','2010-10-28 11:44:19','Process Name : ACCOUNTING'),(1224,1000837,'COMPLETED','2010-10-28 11:44:19','Process Name : ACCOUNTING'),(1225,1000838,'STARTED','2010-10-28 11:46:35','Process Name : SERVICES'),(1226,1000838,'COMPLETED','2010-10-28 11:46:35','Process Name : SERVICES'),(1227,1000838,'STARTED','2010-10-28 11:46:35','Process Name : ACCOUNTING'),(1228,1000838,'COMPLETED','2010-10-28 11:46:35','Process Name : ACCOUNTING'),(1229,1000839,'STARTED','2010-10-28 11:49:27','Process Name : SERVICES'),(1230,1000839,'COMPLETED','2010-10-28 11:49:27','Process Name : SERVICES'),(1231,1000839,'STARTED','2010-10-28 11:49:27','Process Name : ACCOUNTING'),(1232,1000839,'COMPLETED','2010-10-28 11:49:27','Process Name : ACCOUNTING'),(1233,1000840,'STARTED','2010-10-28 11:51:32','Process Name : SERVICES'),(1234,1000840,'COMPLETED','2010-10-28 11:51:32','Process Name : SERVICES'),(1235,1000840,'STARTED','2010-10-28 11:51:32','Process Name : ACCOUNTING'),(1236,1000840,'COMPLETED','2010-10-28 11:51:32','Process Name : ACCOUNTING'),(1237,1000841,'STARTED','2010-10-28 11:54:25','Process Name : SERVICES'),(1238,1000841,'COMPLETED','2010-10-28 11:54:25','Process Name : SERVICES'),(1239,1000841,'STARTED','2010-10-28 11:54:25','Process Name : ACCOUNTING'),(1240,1000841,'COMPLETED','2010-10-28 11:54:25','Process Name : ACCOUNTING'),(1241,1000842,'STARTED','2010-10-28 11:57:22','Process Name : SERVICES'),(1242,1000842,'COMPLETED','2010-10-28 11:57:22','Process Name : SERVICES'),(1243,1000842,'STARTED','2010-10-28 11:57:22','Process Name : ACCOUNTING'),(1244,1000842,'COMPLETED','2010-10-28 11:57:22','Process Name : ACCOUNTING'),(1245,1000843,'STARTED','2010-10-28 11:59:44','Process Name : SERVICES'),(1246,1000843,'COMPLETED','2010-10-28 11:59:45','Process Name : SERVICES'),(1247,1000843,'STARTED','2010-10-28 11:59:45','Process Name : ACCOUNTING'),(1248,1000843,'COMPLETED','2010-10-28 11:59:45','Process Name : ACCOUNTING'),(1249,1000844,'STARTED','2010-10-28 12:00:42','Process Name : SERVICES'),(1250,1000844,'COMPLETED','2010-10-28 12:00:42','Process Name : SERVICES'),(1251,1000844,'STARTED','2010-10-28 12:00:42','Process Name : ACCOUNTING'),(1252,1000844,'COMPLETED','2010-10-28 12:00:42','Process Name : ACCOUNTING'),(1253,1000845,'STARTED','2010-10-28 12:02:49','Process Name : SERVICES'),(1254,1000845,'COMPLETED','2010-10-28 12:02:50','Process Name : SERVICES'),(1255,1000845,'STARTED','2010-10-28 12:02:50','Process Name : ACCOUNTING'),(1256,1000845,'COMPLETED','2010-10-28 12:02:50','Process Name : ACCOUNTING'),(1257,1000846,'STARTED','2010-10-28 12:07:05','Process Name : SERVICES'),(1258,1000846,'COMPLETED','2010-10-28 12:07:05','Process Name : SERVICES'),(1259,1000846,'STARTED','2010-10-28 12:07:05','Process Name : ACCOUNTING'),(1260,1000846,'COMPLETED','2010-10-28 12:07:05','Process Name : ACCOUNTING'),(1261,1000847,'STARTED','2010-10-28 12:08:58','Process Name : SERVICES'),(1262,1000847,'COMPLETED','2010-10-28 12:08:58','Process Name : SERVICES'),(1263,1000847,'STARTED','2010-10-28 12:08:58','Process Name : ACCOUNTING'),(1264,1000847,'COMPLETED','2010-10-28 12:08:58','Process Name : ACCOUNTING'),(1265,1000848,'STARTED','2010-10-28 12:22:04','Process Name : SERVICES'),(1266,1000848,'COMPLETED','2010-10-28 12:22:04','Process Name : SERVICES'),(1267,1000848,'STARTED','2010-10-28 12:22:04','Process Name : ACCOUNTING'),(1268,1000848,'COMPLETED','2010-10-28 12:22:04','Process Name : ACCOUNTING'),(1269,1000849,'STARTED','2010-10-28 12:45:30','Process Name : SERVICES'),(1270,1000849,'COMPLETED','2010-10-28 12:45:30','Process Name : SERVICES'),(1271,1000849,'STARTED','2010-10-28 12:45:30','Process Name : ACCOUNTING'),(1272,1000849,'COMPLETED','2010-10-28 12:45:30','Process Name : ACCOUNTING'),(1273,1000850,'STARTED','2010-10-28 12:47:37','Process Name : SERVICES'),(1274,1000850,'COMPLETED','2010-10-28 12:47:37','Process Name : SERVICES'),(1275,1000850,'STARTED','2010-10-28 12:47:37','Process Name : ACCOUNTING'),(1276,1000850,'COMPLETED','2010-10-28 12:47:37','Process Name : ACCOUNTING'),(1277,1000851,'STARTED','2010-11-01 11:53:49','Process Name : SERVICES'),(1278,1000851,'COMPLETED','2010-11-01 11:53:49','Process Name : SERVICES'),(1279,1000852,'STARTED','2010-11-01 11:59:44','Process Name : SERVICES'),(1280,1000852,'COMPLETED','2010-11-01 11:59:44','Process Name : SERVICES'),(1281,1000853,'STARTED','2010-11-01 12:57:29','Process Name : SERVICES'),(1282,1000853,'COMPLETED','2010-11-01 12:57:29','Process Name : SERVICES'),(1283,1000853,'STARTED','2010-11-01 12:57:29','Process Name : ACCOUNTING'),(1284,1000853,'COMPLETED','2010-11-01 12:57:29','Process Name : ACCOUNTING'),(1285,1000854,'STARTED','2010-11-01 12:58:21','Process Name : SERVICES'),(1286,1000854,'COMPLETED','2010-11-01 12:58:21','Process Name : SERVICES'),(1287,1000854,'STARTED','2010-11-01 12:58:21','Process Name : ACCOUNTING'),(1288,1000854,'COMPLETED','2010-11-01 12:58:21','Process Name : ACCOUNTING'),(1289,1000855,'STARTED','2010-11-01 13:01:41','Process Name : SERVICES'),(1290,1000855,'COMPLETED','2010-11-01 13:01:41','Process Name : SERVICES'),(1291,1000855,'STARTED','2010-11-01 13:01:41','Process Name : ACCOUNTING'),(1292,1000855,'COMPLETED','2010-11-01 13:01:41','Process Name : ACCOUNTING'),(1293,1000856,'STARTED','2010-11-01 13:12:44','Process Name : SERVICES'),(1294,1000856,'COMPLETED','2010-11-01 13:12:44','Process Name : SERVICES'),(1295,1000856,'STARTED','2010-11-01 13:12:44','Process Name : ACCOUNTING'),(1296,1000856,'COMPLETED','2010-11-01 13:12:44','Process Name : ACCOUNTING'),(1297,1000857,'STARTED','2010-11-01 13:18:37','Process Name : SERVICES'),(1298,1000857,'COMPLETED','2010-11-01 13:18:37','Process Name : SERVICES'),(1299,1000857,'STARTED','2010-11-01 13:18:37','Process Name : ACCOUNTING'),(1300,1000857,'COMPLETED','2010-11-01 13:18:37','Process Name : ACCOUNTING'),(1301,1000858,'STARTED','2010-11-01 13:27:54','Process Name : SERVICES'),(1302,1000858,'COMPLETED','2010-11-01 13:27:54','Process Name : SERVICES'),(1303,1000858,'STARTED','2010-11-01 13:27:54','Process Name : ACCOUNTING'),(1304,1000858,'COMPLETED','2010-11-01 13:27:54','Process Name : ACCOUNTING'),(1305,1000859,'STARTED','2010-11-01 14:34:04','Process Name : SERVICES'),(1306,1000859,'COMPLETED','2010-11-01 14:34:04','Process Name : SERVICES'),(1307,1000859,'STARTED','2010-11-01 14:34:04','Process Name : ACCOUNTING'),(1308,1000859,'COMPLETED','2010-11-01 14:34:04','Process Name : ACCOUNTING'),(1309,1000860,'STARTED','2010-11-01 15:01:18','Process Name : SERVICES'),(1310,1000860,'COMPLETED','2010-11-01 15:01:18','Process Name : SERVICES'),(1311,1000860,'STARTED','2010-11-01 15:01:18','Process Name : ACCOUNTING'),(1312,1000860,'COMPLETED','2010-11-01 15:01:18','Process Name : ACCOUNTING'),(1313,1000861,'STARTED','2010-11-01 15:01:49','Process Name : SERVICES'),(1314,1000861,'COMPLETED','2010-11-01 15:01:49','Process Name : SERVICES'),(1315,1000862,'STARTED','2010-11-01 15:54:39','Process Name : SERVICES'),(1316,1000862,'COMPLETED','2010-11-01 15:54:39','Process Name : SERVICES'),(1317,1000863,'STARTED','2010-11-01 17:58:44','Process Name : SERVICES'),(1318,1000863,'COMPLETED','2010-11-01 17:58:44','Process Name : SERVICES'),(1319,1000863,'STARTED','2010-11-01 17:58:44','Process Name : ACCOUNTING'),(1320,1000863,'COMPLETED','2010-11-01 17:58:44','Process Name : ACCOUNTING'),(1321,1000864,'STARTED','2010-11-01 18:36:17','Process Name : SERVICES'),(1322,1000864,'COMPLETED','2010-11-01 18:36:18','Process Name : SERVICES'),(1323,1000865,'STARTED','2010-11-01 18:37:54','Process Name : SERVICES'),(1324,1000865,'COMPLETED','2010-11-01 18:37:54','Process Name : SERVICES'),(1325,1000865,'STARTED','2010-11-01 18:37:54','Process Name : ACCOUNTING'),(1326,1000865,'COMPLETED','2010-11-01 18:37:54','Process Name : ACCOUNTING'),(1327,1000866,'STARTED','2010-11-01 20:22:04','Process Name : SERVICES'),(1328,1000866,'COMPLETED','2010-11-01 20:22:04','Process Name : SERVICES'),(1329,1000866,'STARTED','2010-11-01 20:22:04','Process Name : ACCOUNTING'),(1330,1000866,'COMPLETED','2010-11-01 20:22:04','Process Name : ACCOUNTING'),(1331,1000867,'STARTED','2010-11-01 20:30:40','Process Name : SERVICES'),(1332,1000867,'COMPLETED','2010-11-01 20:30:40','Process Name : SERVICES'),(1333,1000867,'STARTED','2010-11-01 20:30:40','Process Name : ACCOUNTING'),(1334,1000867,'COMPLETED','2010-11-01 20:30:40','Process Name : ACCOUNTING'),(1335,1000868,'STARTED','2010-11-01 20:48:46','Process Name : SERVICES'),(1336,1000868,'COMPLETED','2010-11-01 20:48:46','Process Name : SERVICES'),(1337,1000868,'STARTED','2010-11-01 20:48:46','Process Name : ACCOUNTING'),(1338,1000868,'COMPLETED','2010-11-01 20:48:46','Process Name : ACCOUNTING'),(1339,1000869,'STARTED','2010-11-01 20:50:12','Process Name : SERVICES'),(1340,1000869,'COMPLETED','2010-11-01 20:50:12','Process Name : SERVICES'),(1341,1000869,'STARTED','2010-11-01 20:50:12','Process Name : ACCOUNTING'),(1342,1000869,'COMPLETED','2010-11-01 20:50:12','Process Name : ACCOUNTING'),(1343,1000870,'STARTED','2010-11-01 20:54:50','Process Name : SERVICES'),(1344,1000870,'COMPLETED','2010-11-01 20:54:50','Process Name : SERVICES'),(1345,1000870,'STARTED','2010-11-01 20:54:50','Process Name : ACCOUNTING'),(1346,1000870,'COMPLETED','2010-11-01 20:54:50','Process Name : ACCOUNTING'),(1347,1000871,'STARTED','2010-11-01 20:56:08','Process Name : SERVICES'),(1348,1000871,'COMPLETED','2010-11-01 20:56:08','Process Name : SERVICES'),(1349,1000871,'STARTED','2010-11-01 20:56:08','Process Name : ACCOUNTING'),(1350,1000871,'COMPLETED','2010-11-01 20:56:08','Process Name : ACCOUNTING'),(1351,1000872,'STARTED','2010-11-01 20:58:40','Process Name : SERVICES'),(1352,1000872,'COMPLETED','2010-11-01 20:58:40','Process Name : SERVICES'),(1353,1000872,'STARTED','2010-11-01 20:58:40','Process Name : ACCOUNTING'),(1354,1000872,'COMPLETED','2010-11-01 20:58:40','Process Name : ACCOUNTING'),(1355,1000873,'STARTED','2010-11-01 21:04:49','Process Name : SERVICES'),(1356,1000873,'COMPLETED','2010-11-01 21:04:50','Process Name : SERVICES'),(1357,1000873,'STARTED','2010-11-01 21:04:50','Process Name : ACCOUNTING'),(1358,1000873,'COMPLETED','2010-11-01 21:04:50','Process Name : ACCOUNTING'),(1359,1000874,'STARTED','2010-11-01 21:26:51','Process Name : SERVICES'),(1360,1000874,'COMPLETED','2010-11-01 21:26:51','Process Name : SERVICES'),(1361,1000874,'STARTED','2010-11-01 21:26:51','Process Name : ACCOUNTING'),(1362,1000874,'COMPLETED','2010-11-01 21:26:51','Process Name : ACCOUNTING'),(1363,1000875,'STARTED','2010-11-02 09:30:00','Process Name : SERVICES'),(1364,1000875,'COMPLETED','2010-11-02 09:30:00','Process Name : SERVICES'),(1365,1000876,'STARTED','2010-11-02 10:08:06','Process Name : SERVICES'),(1366,1000876,'COMPLETED','2010-11-02 10:08:06','Process Name : SERVICES'),(1367,1000877,'STARTED','2010-11-08 15:01:11','Process Name : SERVICES'),(1368,1000877,'COMPLETED','2010-11-08 15:01:11','Process Name : SERVICES'),(1369,1000878,'STARTED','2010-11-08 15:02:36','Process Name : SERVICES'),(1370,1000878,'COMPLETED','2010-11-08 15:02:36','Process Name : SERVICES'),(1371,1000879,'STARTED','2010-11-08 15:10:21','Process Name : SERVICES'),(1372,1000879,'COMPLETED','2010-11-08 15:10:21','Process Name : SERVICES'),(1373,1000880,'STARTED','2010-11-08 15:22:08','Process Name : SERVICES'),(1374,1000880,'COMPLETED','2010-11-08 15:22:08','Process Name : SERVICES'),(1375,1000881,'STARTED','2010-11-09 11:23:28','Process Name : SERVICES'),(1376,1000881,'COMPLETED','2010-11-09 11:23:28','Process Name : SERVICES'),(1377,1000882,'STARTED','2010-11-09 11:31:59','Process Name : SERVICES'),(1378,1000882,'COMPLETED','2010-11-09 11:31:59','Process Name : SERVICES'),(1379,1000882,'STARTED','2010-11-09 11:31:59','Process Name : ACCOUNTING'),(1380,1000882,'COMPLETED','2010-11-09 11:31:59','Process Name : ACCOUNTING'),(1381,1000883,'STARTED','2010-11-09 11:33:05','Process Name : SERVICES'),(1382,1000883,'COMPLETED','2010-11-09 11:33:05','Process Name : SERVICES'),(1383,1000883,'STARTED','2010-11-09 11:33:05','Process Name : ACCOUNTING'),(1384,1000883,'COMPLETED','2010-11-09 11:33:05','Process Name : ACCOUNTING'),(1385,1000884,'STARTED','2010-11-09 11:49:34','Process Name : SERVICES'),(1386,1000884,'COMPLETED','2010-11-09 11:49:34','Process Name : SERVICES'),(1387,1000884,'STARTED','2010-11-09 11:49:34','Process Name : ACCOUNTING'),(1388,1000884,'COMPLETED','2010-11-09 11:49:34','Process Name : ACCOUNTING'),(1389,1000885,'STARTED','2010-11-09 12:05:00','Process Name : SERVICES'),(1390,1000885,'COMPLETED','2010-11-09 12:05:01','Process Name : SERVICES'),(1391,1000886,'STARTED','2010-11-09 12:10:37','Process Name : SERVICES'),(1392,1000886,'COMPLETED','2010-11-09 12:10:37','Process Name : SERVICES'),(1393,1000886,'STARTED','2010-11-09 12:10:37','Process Name : ACCOUNTING'),(1394,1000886,'COMPLETED','2010-11-09 12:10:37','Process Name : ACCOUNTING'),(1395,1000887,'STARTED','2010-11-09 12:16:33','Process Name : SERVICES'),(1396,1000887,'COMPLETED','2010-11-09 12:16:33','Process Name : SERVICES'),(1397,1000887,'STARTED','2010-11-09 12:16:33','Process Name : ACCOUNTING'),(1398,1000887,'COMPLETED','2010-11-09 12:16:33','Process Name : ACCOUNTING'),(1399,1000888,'STARTED','2010-11-09 12:17:31','Process Name : SERVICES'),(1400,1000888,'COMPLETED','2010-11-09 12:17:31','Process Name : SERVICES'),(1401,1000888,'STARTED','2010-11-09 12:17:31','Process Name : ACCOUNTING'),(1402,1000888,'COMPLETED','2010-11-09 12:17:31','Process Name : ACCOUNTING'),(1403,1000889,'STARTED','2010-11-09 12:18:14','Process Name : SERVICES'),(1404,1000889,'COMPLETED','2010-11-09 12:18:14','Process Name : SERVICES'),(1405,1000889,'STARTED','2010-11-09 12:18:14','Process Name : ACCOUNTING'),(1406,1000889,'COMPLETED','2010-11-09 12:18:14','Process Name : ACCOUNTING'),(1407,1000890,'STARTED','2010-11-09 12:18:46','Process Name : SERVICES'),(1408,1000890,'COMPLETED','2010-11-09 12:18:46','Process Name : SERVICES'),(1409,1000890,'STARTED','2010-11-09 12:18:46','Process Name : ACCOUNTING'),(1410,1000890,'COMPLETED','2010-11-09 12:18:46','Process Name : ACCOUNTING'),(1411,1000891,'STARTED','2010-11-09 12:19:18','Process Name : SERVICES'),(1412,1000891,'COMPLETED','2010-11-09 12:19:18','Process Name : SERVICES'),(1413,1000891,'STARTED','2010-11-09 12:19:18','Process Name : ACCOUNTING'),(1414,1000891,'COMPLETED','2010-11-09 12:19:18','Process Name : ACCOUNTING'),(1415,1000892,'STARTED','2010-11-09 15:52:04','Process Name : SERVICES'),(1416,1000892,'COMPLETED','2010-11-09 15:52:04','Process Name : SERVICES'),(1417,1000892,'STARTED','2010-11-09 15:52:04','Process Name : ACCOUNTING'),(1418,1000892,'COMPLETED','2010-11-09 15:52:04','Process Name : ACCOUNTING'),(1419,1000893,'STARTED','2010-11-10 12:48:27','Process Name : SERVICES'),(1420,1000893,'COMPLETED','2010-11-10 12:48:27','Process Name : SERVICES'),(1421,1000894,'STARTED','2010-11-10 13:10:33','Process Name : SERVICES'),(1422,1000894,'COMPLETED','2010-11-10 13:10:33','Process Name : SERVICES'),(1423,1000894,'STARTED','2010-11-10 13:10:33','Process Name : ACCOUNTING'),(1424,1000894,'COMPLETED','2010-11-10 13:10:33','Process Name : ACCOUNTING'),(1425,1000895,'STARTED','2010-11-29 16:07:05','Process Name : SERVICES'),(1426,1000895,'COMPLETED','2010-11-29 16:07:05','Process Name : SERVICES'),(1427,1000895,'STARTED','2010-11-29 16:07:05','Process Name : ACCOUNTING'),(1428,1000895,'COMPLETED','2010-11-29 16:07:05','Process Name : ACCOUNTING'),(1429,1000896,'STARTED','2010-11-29 16:13:00','Process Name : SERVICES'),(1430,1000896,'COMPLETED','2010-11-29 16:13:00','Process Name : SERVICES'),(1431,1000896,'STARTED','2010-11-29 16:13:00','Process Name : ACCOUNTING'),(1432,1000896,'COMPLETED','2010-11-29 16:13:01','Process Name : ACCOUNTING'),(1433,1000897,'STARTED','2010-11-29 16:13:53','Process Name : SERVICES'),(1434,1000897,'COMPLETED','2010-11-29 16:13:53','Process Name : SERVICES'),(1435,1000897,'STARTED','2010-11-29 16:13:53','Process Name : ACCOUNTING'),(1436,1000897,'COMPLETED','2010-11-29 16:13:53','Process Name : ACCOUNTING'),(1437,1000898,'STARTED','2010-11-29 16:24:07','Process Name : SERVICES'),(1438,1000898,'COMPLETED','2010-11-29 16:24:08','Process Name : SERVICES'),(1439,1000898,'STARTED','2010-11-29 16:24:08','Process Name : ACCOUNTING'),(1440,1000898,'COMPLETED','2010-11-29 16:24:08','Process Name : ACCOUNTING');
/*!40000 ALTER TABLE `bill_activity_details` ENABLE KEYS */;
UNLOCK TABLES;

--
-- Table structure for table `bill_info`
--

DROP TABLE IF EXISTS `bill_info`;
/*!40101 SET @saved_cs_client     = @@character_set_client */;
/*!40101 SET character_set_client = utf8 */;
CREATE TABLE `bill_info` (
  `BILL_NBR` bigint(20) NOT NULL AUTO_INCREMENT,
  `ACCOUNT_ID` varchar(30) COLLATE utf8_unicode_ci NOT NULL,
  `CLIENT_NAME` varchar(128) COLLATE utf8_unicode_ci NOT NULL,
  `BILL_DATE` date NOT NULL,
  `BILL_AMT` double NOT NULL,
  `CURRENT_BALANCE` double DEFAULT NULL,
  `DUE_DATE` date DEFAULT NULL,
  `PAID_AMOUNT` double DEFAULT NULL,
  `PREVIOUS_BALANCE` double DEFAULT NULL,
  `LAST_MODIFIED_TIME` timestamp NOT NULL DEFAULT CURRENT_TIMESTAMP,
  `BILL_FROM_DATE` date DEFAULT NULL,
  `BILL_TO_DATE` date DEFAULT NULL,
  `DUPLICATE_BILL_PRINT_COUNT` int(11) DEFAULT NULL,
  PRIMARY KEY (`BILL_NBR`),
  KEY `ACCOUNT_ID_CLIENT_NAME` (`ACCOUNT_ID`,`CLIENT_NAME`)
) ENGINE=InnoDB AUTO_INCREMENT=1000899 DEFAULT CHARSET=utf8 COLLATE=utf8_unicode_ci;
/*!40101 SET character_set_client = @saved_cs_client */;

--
-- Dumping data for table `bill_info`
--

LOCK TABLES `bill_info` WRITE;
/*!40000 ALTER TABLE `bill_info` DISABLE KEYS */;
INSERT INTO `bill_info` VALUES (1000340,'1','PAT','2010-07-19',50,50,'2010-07-26',0,NULL,'2010-07-19 10:17:51',NULL,NULL,NULL),(1000341,'2','PAT','2010-07-19',50,50,'2010-07-26',0,NULL,'2010-07-19 10:25:37',NULL,NULL,NULL),(1000342,'3','PAT','2010-07-19',50,50,'2010-07-26',0,NULL,'2010-07-19 10:29:25',NULL,NULL,NULL),(1000343,'4','PAT','2010-07-20',50,50,'2010-07-27',0,NULL,'2010-07-20 13:41:55',NULL,NULL,NULL),(1000344,'5','IPD','2010-07-19',5100,5100,'2010-07-26',0,NULL,'2010-07-19 10:56:03',NULL,NULL,NULL),(1000345,'5','IPD','2010-07-19',-2300,-2300,'2010-07-26',0,NULL,'2010-07-19 10:58:02',NULL,NULL,NULL),(1000347,'5','PAT','2010-07-19',50,50,'2010-07-26',0,NULL,'2010-07-19 11:43:49',NULL,NULL,NULL),(1000348,'1','OPD','2010-07-20',8000,8000,'2010-07-27',0,NULL,'2010-07-20 01:11:28',NULL,NULL,NULL),(1000349,'APPOINTMENT-1','OPD','2010-07-20',200,200,'2010-07-27',0,NULL,'2010-07-20 01:16:20',NULL,NULL,NULL),(1000350,'2','PAT','2010-07-20',500,500,'2010-07-27',0,NULL,'2010-07-20 01:17:26',NULL,NULL,NULL),(1000351,'2','PAT','2010-07-20',7500,7500,'2010-07-27',0,NULL,'2010-07-20 01:26:22',NULL,NULL,NULL),(1000352,'4','PAT','2010-07-20',5000,5000,'2010-07-27',0,NULL,'2010-07-20 01:31:39',NULL,NULL,NULL),(1000353,'APPOINTMENT-3','OPD','2010-07-20',200,200,'2010-07-27',0,NULL,'2010-07-20 02:04:33',NULL,NULL,NULL),(1000354,'5','IPD','2010-07-21',1900,1900,'2010-07-28',0,NULL,'2010-07-21 05:24:42',NULL,NULL,NULL),(1000355,'5','IPD','2010-07-21',-2300,-2300,'2010-07-28',0,NULL,'2010-07-21 05:27:30',NULL,NULL,NULL),(1000356,'5','IPD','2010-07-21',-2300,-2300,'2010-07-28',0,NULL,'2010-07-21 05:47:21',NULL,NULL,NULL),(1000357,'5','IPD','2010-07-21',-2300,-2300,'2010-07-28',0,NULL,'2010-07-21 05:58:20',NULL,NULL,NULL),(1000358,'APPOINTMENT-2','OPD','2010-07-20',200,200,'2010-07-27',0,NULL,'2010-07-20 03:16:18',NULL,NULL,NULL),(1000359,'7','IPD','2010-07-21',2550,2550,'2010-07-28',0,NULL,'2010-07-21 06:55:26',NULL,NULL,NULL),(1000360,'APPOINTMENT-3','OPD','2010-07-20',0,0,'2010-07-27',0,NULL,'2010-07-20 03:58:58',NULL,NULL,NULL),(1000361,'7','IPD','2010-07-21',-1150,-1150,'2010-07-28',0,NULL,'2010-07-21 07:04:35',NULL,NULL,NULL),(1000362,'APPOINTMENT-2','OPD','2010-07-20',0,0,'2010-07-27',0,NULL,'2010-07-20 04:31:19',NULL,NULL,NULL),(1000363,'3','OPD','2010-07-20',500,500,'2010-07-27',0,NULL,'2010-07-20 06:46:20',NULL,NULL,NULL),(1000364,'3','OPD','2010-07-20',0,0,'2010-07-27',0,NULL,'2010-07-20 06:48:04',NULL,NULL,NULL),(1000365,'4','OPD','2010-07-20',0,0,'2010-07-27',0,NULL,'2010-07-20 06:49:43',NULL,NULL,NULL),(1000366,'2','OPD','2010-07-20',11500,11500,'2010-07-27',0,NULL,'2010-07-20 06:51:36',NULL,NULL,NULL),(1000367,'4','OPD','2010-07-20',7000,7000,'2010-07-27',0,NULL,'2010-07-20 06:55:34',NULL,NULL,NULL),(1000368,'3','PAT','2010-07-20',1000,1000,'2010-07-27',0,NULL,'2010-07-20 07:09:26',NULL,NULL,NULL),(1000369,'2','OPD','2010-07-20',500,500,'2010-07-27',0,NULL,'2010-07-20 07:10:26',NULL,NULL,NULL),(1000370,'3','OPD','2010-07-20',1500,1500,'2010-07-27',0,NULL,'2010-07-20 07:14:20',NULL,NULL,NULL),(1000371,'4','PAT','2010-07-20',1000,1000,'2010-07-27',0,NULL,'2010-07-20 07:27:01',NULL,NULL,NULL),(1000372,'2','PAT','2010-07-20',500,500,'2010-07-27',0,NULL,'2010-07-20 07:29:27',NULL,NULL,NULL),(1000373,'1','OPD','2010-07-20',13500,13500,'2010-07-27',0,NULL,'2010-07-20 07:31:09',NULL,NULL,NULL),(1000374,'1','OPD','2010-07-20',1000,1000,'2010-07-27',0,NULL,'2010-07-20 07:38:21',NULL,NULL,NULL),(1000375,'1','OPD','2010-07-20',500,500,'2010-07-27',0,NULL,'2010-07-20 07:49:22',NULL,NULL,NULL),(1000376,'5','PAT','2010-07-20',1000,1000,'2010-07-27',0,NULL,'2010-07-20 07:50:32',NULL,NULL,NULL),(1000377,'APPOINTMENT-3','OPD','2010-07-20',0,0,'2010-07-27',0,NULL,'2010-07-20 07:52:42',NULL,NULL,NULL),(1000378,'4','PAT','2010-07-20',1000,1000,'2010-07-27',0,NULL,'2010-07-20 07:56:02',NULL,NULL,NULL),(1000379,'1','OPD','2010-07-20',500,500,'2010-07-27',0,NULL,'2010-07-20 07:57:00',NULL,NULL,NULL),(1000380,'2','PAT','2010-07-20',1000,1000,'2010-07-27',0,NULL,'2010-07-20 07:59:18',NULL,NULL,NULL),(1000392,'7','PAT','2010-07-22',2500,2500,'2010-07-29',0,NULL,'2010-07-22 07:30:04',NULL,NULL,NULL),(1000393,'9','PAT','2010-07-22',50,50,'2010-07-29',0,NULL,'2010-07-22 08:17:44',NULL,NULL,NULL),(1000394,'10','PAT','2010-07-22',50,50,'2010-07-29',0,NULL,'2010-07-22 08:20:39',NULL,NULL,NULL),(1000395,'11','PAT','2010-07-22',50,50,'2010-07-29',0,NULL,'2010-07-22 08:27:38',NULL,NULL,NULL),(1000396,'12','PAT','2010-07-22',50,50,'2010-07-29',0,NULL,'2010-07-22 08:30:32',NULL,NULL,NULL),(1000397,'13','PAT','2010-07-22',50,50,'2010-07-29',0,NULL,'2010-07-22 08:32:40',NULL,NULL,NULL),(1000398,'10','PAT','2010-07-22',0,0,'2010-07-29',0,NULL,'2010-07-22 09:32:13',NULL,NULL,NULL),(1000399,'8','PAT','2010-07-22',0,0,'2010-07-29',0,NULL,'2010-07-22 09:34:16',NULL,NULL,NULL),(1000400,'9','PAT','2010-07-22',0,0,'2010-07-29',0,NULL,'2010-07-22 09:41:34',NULL,NULL,NULL),(1000401,'14','PAT','2010-07-22',50,50,'2010-07-29',0,NULL,'2010-07-22 09:44:10',NULL,NULL,NULL),(1000402,'14','PAT','2010-07-22',0,0,'2010-07-29',0,NULL,'2010-07-22 09:44:51',NULL,NULL,NULL),(1000403,'15','PAT','2010-07-22',50,50,'2010-07-29',0,NULL,'2010-07-22 09:49:02',NULL,NULL,NULL),(1000404,'16','PAT','2010-07-22',50,50,'2010-07-29',0,NULL,'2010-07-22 10:10:46',NULL,NULL,NULL),(1000414,'5','IPD','2010-07-23',2500,2500,'2010-07-30',0,NULL,'2010-07-23 06:16:26',NULL,NULL,NULL),(1000440,'APPOINTMENT-2','OPD','2010-07-23',0,0,'2010-07-30',0,NULL,'2010-07-23 08:21:23',NULL,NULL,NULL),(1000441,'APPOINTMENT-4','OPD','2010-07-23',500,500,'2010-07-30',0,NULL,'2010-07-23 09:04:18',NULL,NULL,NULL),(1000442,'APPOINTMENT-4','OPD','2010-07-23',0,0,'2010-07-30',0,NULL,'2010-07-23 09:04:43',NULL,NULL,NULL),(1000443,'APPOINTMENT-4','OPD','2010-07-23',0,0,'2010-07-30',0,NULL,'2010-07-23 09:20:19',NULL,NULL,NULL),(1000502,'18','PAT','2010-08-21',50,50,'2010-08-28',0,NULL,'2010-08-21 06:04:30',NULL,NULL,NULL),(1000503,'19','PAT','2010-08-21',50,50,'2010-08-28',0,NULL,'2010-08-21 06:09:49',NULL,NULL,NULL),(1000504,'20','PAT','2010-08-21',50,50,'2010-08-28',0,NULL,'2010-08-21 06:12:02',NULL,NULL,NULL),(1000505,'21','PAT','2010-08-21',50,50,'2010-08-28',0,NULL,'2010-08-21 06:13:18',NULL,NULL,NULL),(1000506,'22','PAT','2010-08-21',50,50,'2010-08-28',0,NULL,'2010-08-21 06:15:27',NULL,NULL,NULL),(1000507,'23','PAT','2010-08-21',50,50,'2010-08-28',0,NULL,'2010-08-21 06:16:15',NULL,NULL,NULL),(1000508,'24','PAT','2010-08-21',50,50,'2010-08-28',0,NULL,'2010-08-21 06:22:38',NULL,NULL,NULL),(1000509,'25','PAT','2010-08-21',50,50,'2010-08-28',0,NULL,'2010-08-21 06:25:55',NULL,NULL,NULL),(1000510,'26','PAT','2010-08-21',50,50,'2010-08-28',0,NULL,'2010-08-21 06:53:29',NULL,NULL,NULL),(1000511,'27','PAT','2010-08-21',50,50,'2010-08-28',0,NULL,'2010-08-21 06:56:44',NULL,NULL,NULL),(1000512,'28','PAT','2010-08-21',50,50,'2010-08-28',0,NULL,'2010-08-21 07:07:38',NULL,NULL,NULL),(1000513,'29','PAT','2010-08-21',50,50,'2010-08-28',0,NULL,'2010-08-21 07:12:03',NULL,NULL,NULL),(1000514,'30','PAT','2010-08-21',50,50,'2010-08-28',0,NULL,'2010-08-21 07:13:46',NULL,NULL,NULL),(1000515,'31','PAT','2010-08-21',50,50,'2010-08-28',0,NULL,'2010-08-21 07:14:45',NULL,NULL,NULL),(1000516,'32','PAT','2010-08-21',50,50,'2010-08-28',0,NULL,'2010-08-21 07:21:16',NULL,NULL,NULL),(1000517,'33','PAT','2010-08-21',50,50,'2010-08-28',0,NULL,'2010-08-21 07:25:40',NULL,NULL,NULL),(1000518,'34','PAT','2010-08-21',50,50,'2010-08-28',0,NULL,'2010-08-21 07:28:23',NULL,NULL,NULL),(1000519,'35','PAT','2010-08-21',50,50,'2010-08-28',0,NULL,'2010-08-21 07:30:32',NULL,NULL,NULL),(1000520,'36','PAT','2010-08-21',50,50,'2010-08-28',0,NULL,'2010-08-21 07:33:30',NULL,NULL,NULL),(1000522,'37','PAT','2010-08-21',50,50,'2010-08-28',0,NULL,'2010-08-21 08:21:36',NULL,NULL,NULL),(1000523,'38','PAT','2010-08-21',50,50,'2010-08-28',0,NULL,'2010-08-21 08:33:46',NULL,NULL,NULL),(1000524,'39','PAT','2010-08-21',50,50,'2010-08-28',0,NULL,'2010-08-21 08:35:49',NULL,NULL,NULL),(1000527,'40','PAT','2010-08-21',50,50,'2010-08-28',0,NULL,'2010-08-21 08:46:14',NULL,NULL,NULL),(1000528,'41','PAT','2010-08-21',50,50,'2010-08-28',0,NULL,'2010-08-21 08:46:58',NULL,NULL,NULL),(1000529,'42','PAT','2010-08-21',50,50,'2010-08-28',0,NULL,'2010-08-21 08:53:16',NULL,NULL,NULL),(1000530,'43','PAT','2010-08-21',50,50,'2010-08-28',0,NULL,'2010-08-21 08:54:13',NULL,NULL,NULL),(1000531,'44','PAT','2010-08-21',50,50,'2010-08-28',0,NULL,'2010-08-21 09:02:06',NULL,NULL,NULL),(1000547,'45','PAT','2010-08-26',25000,25000,'2010-09-02',0,NULL,'2010-08-26 05:39:14',NULL,NULL,NULL),(1000551,'6','PAT','2010-09-02',25000,25000,'2010-09-09',0,NULL,'2010-09-02 08:49:10',NULL,NULL,NULL),(1000552,'8','PAT','2010-09-02',25000,25000,'2010-09-09',0,NULL,'2010-09-02 09:04:16',NULL,NULL,NULL),(1000553,'9','PAT','2010-09-02',25000,25000,'2010-09-09',0,NULL,'2010-09-02 11:24:38',NULL,NULL,NULL),(1000554,'10','PAT','2010-09-09',25000,25000,'2010-09-16',0,NULL,'2010-09-09 04:45:24',NULL,NULL,NULL),(1000556,'46','PAT','2010-09-13',500,500,'2010-09-20',0,NULL,'2010-09-13 11:58:01',NULL,NULL,NULL),(1000557,'47','PAT','2010-09-13',1500,1500,'2010-09-20',0,NULL,'2010-09-13 12:00:48',NULL,NULL,NULL),(1000558,'48','PAT','2010-09-13',25000,25000,'2010-09-20',0,NULL,'2010-09-13 12:12:21',NULL,NULL,NULL),(1000559,'51','PAT','2010-09-14',50,50,'2010-09-21',0,NULL,'2010-09-14 04:15:30',NULL,NULL,NULL),(1000560,'52','PAT','2010-09-14',50,50,'2010-09-21',0,NULL,'2010-09-14 05:00:56',NULL,NULL,NULL),(1000561,'53','PAT','2010-09-14',50,50,'2010-09-21',0,NULL,'2010-09-14 05:04:27',NULL,NULL,NULL),(1000562,'54','PAT','2010-09-14',50,50,'2010-09-21',0,NULL,'2010-09-14 05:07:20',NULL,NULL,NULL),(1000563,'5','OPD','2010-09-14',1000,1000,'2010-09-21',0,NULL,'2010-09-14 05:28:38',NULL,NULL,NULL),(1000564,'55','PAT','2010-09-14',50,50,'2010-09-21',0,NULL,'2010-09-14 05:31:17',NULL,NULL,NULL),(1000565,'56','PAT','2010-09-14',50,50,'2010-09-21',0,NULL,'2010-09-14 06:44:55',NULL,NULL,NULL),(1000566,'APPOINTMENT-7','OPD','2010-09-15',200,200,'2010-09-22',0,NULL,'2010-09-15 04:29:40',NULL,NULL,NULL),(1000567,'APPOINTMENT-5','OPD','2010-09-15',0,0,'2010-09-22',0,NULL,'2010-09-15 05:25:01',NULL,NULL,NULL),(1000568,'APPOINTMENT-6','OPD','2010-09-15',200,200,'2010-09-22',0,NULL,'2010-09-15 08:25:21',NULL,NULL,NULL),(1000569,'APPOINTMENT-14','OPD','2010-09-15',0,0,'2010-09-22',0,NULL,'2010-09-15 10:58:45',NULL,NULL,NULL),(1000570,'18','OPD','2010-09-15',200,200,'2010-09-22',0,NULL,'2010-09-15 11:32:06',NULL,NULL,NULL),(1000571,'57','PAT','2010-09-16',25000,25000,'2010-09-23',0,NULL,'2010-09-16 06:38:31',NULL,NULL,NULL),(1000599,'58','PAT','2010-09-30',50,50,'2010-10-07',0,NULL,'2010-09-30 12:41:51',NULL,NULL,NULL),(1000600,'20','IPD','2010-09-30',0,0,'2010-10-07',0,NULL,'2010-09-30 12:54:45',NULL,NULL,NULL),(1000601,'14','IPD','2010-09-30',0,0,'2010-10-07',0,NULL,'2010-09-30 12:57:11',NULL,NULL,NULL),(1000602,'59','PAT','2010-09-30',25000,25000,'2010-10-07',0,NULL,'2010-09-30 13:30:22',NULL,NULL,NULL),(1000603,'60','PAT','2010-09-30',50,50,'2010-10-07',0,NULL,'2010-09-30 13:31:20',NULL,NULL,NULL),(1000604,'61','PAT','2010-10-01',1000,1000,'2010-10-08',0,NULL,'2010-10-01 03:49:45',NULL,NULL,NULL),(1000605,'23','PAT','2010-10-01',1700,1700,'2010-10-08',0,NULL,'2010-10-01 03:50:51',NULL,NULL,NULL),(1000606,'62','PAT','2010-10-01',500,500,'2010-10-08',0,NULL,'2010-10-01 03:52:29',NULL,NULL,NULL),(1000607,'14','IPD','2010-10-01',0,0,'2010-10-08',0,NULL,'2010-10-01 04:00:50',NULL,NULL,NULL),(1000608,'18','IPD','2010-10-01',0,0,'2010-10-08',0,NULL,'2010-10-01 04:01:37',NULL,NULL,NULL),(1000609,'63','PAT','2010-10-01',2200,2200,'2010-10-08',0,NULL,'2010-10-01 04:04:25',NULL,NULL,NULL),(1000610,'64','PAT','2010-10-01',25000,25000,'2010-10-08',0,NULL,'2010-10-01 04:06:03',NULL,NULL,NULL),(1000611,'65','PAT','2010-10-01',50,50,'2010-10-08',0,NULL,'2010-10-01 06:38:41',NULL,NULL,NULL),(1000612,'7','OPD','2010-10-01',1000,1000,'2010-10-08',0,NULL,'2010-10-01 07:26:20',NULL,NULL,NULL),(1000613,'7','OPD','2010-10-01',500,500,'2010-10-08',0,NULL,'2010-10-01 07:32:27',NULL,NULL,NULL),(1000615,'66','PAT','2010-10-01',50,50,'2010-10-08',0,NULL,'2010-10-01 13:13:08',NULL,NULL,NULL),(1000626,'8','OPD','2010-10-05',0,0,'2010-10-12',0,NULL,'2010-10-05 08:45:36',NULL,NULL,NULL),(1000627,'8','OPD','2010-10-05',0,0,'2010-10-12',0,NULL,'2010-10-05 08:45:41',NULL,NULL,NULL),(1000628,'22','OPD','2010-10-05',200,200,'2010-10-12',0,NULL,'2010-10-05 08:56:17',NULL,NULL,NULL),(1000629,'26','OPD','2010-10-05',200,200,'2010-10-12',0,NULL,'2010-10-05 08:58:45',NULL,NULL,NULL),(1000630,'26','OPD','2010-10-05',0,0,'2010-10-12',0,NULL,'2010-10-05 08:59:06',NULL,NULL,NULL),(1000631,'26','OPD','2010-10-05',0,0,'2010-10-12',0,NULL,'2010-10-05 08:59:31',NULL,NULL,NULL),(1000656,'67','PAT','2010-10-06',25000,25000,'2010-10-13',0,NULL,'2010-10-06 16:15:23',NULL,NULL,NULL),(1000657,'68','PAT','2010-10-06',25000,25000,'2010-10-13',0,NULL,'2010-10-06 16:25:43',NULL,NULL,NULL),(1000658,'69','PAT','2010-10-06',25000,25000,'2010-10-13',0,NULL,'2010-10-06 16:29:10',NULL,NULL,NULL),(1000665,'29','OPD','2010-10-07',500,500,'2010-10-14',0,NULL,'2010-10-07 10:22:49',NULL,NULL,NULL),(1000705,'70','PAT','2010-10-13',50,50,'2010-10-20',0,NULL,'2010-10-13 11:39:18',NULL,NULL,NULL),(1000706,'20','PAT','2010-10-13',25500,25500,'2010-10-20',0,NULL,'2010-10-13 11:56:15',NULL,NULL,NULL),(1000711,'20','PAT','2010-10-13',26200,26200,'2010-10-20',0,NULL,'2010-10-13 12:48:20',NULL,NULL,NULL),(1000717,'71','PAT','2010-10-13',50,50,'2010-10-20',0,NULL,'2010-10-13 14:02:08',NULL,NULL,NULL),(1000720,'72','PAT','2010-10-14',50,50,'2010-10-21',0,NULL,'2010-10-14 04:56:08',NULL,NULL,NULL),(1000735,'37','OPD','2010-10-14',500,500,'2010-10-21',0,NULL,'2010-10-14 14:59:50',NULL,NULL,NULL),(1000736,'37','OPD','2010-10-14',0,0,'2010-10-21',0,NULL,'2010-10-14 15:00:43',NULL,NULL,NULL),(1000737,'37','OPD','2010-10-14',0,0,'2010-10-21',0,NULL,'2010-10-14 15:04:06',NULL,NULL,NULL),(1000742,'73','PAT','2010-10-18',50,50,'2010-10-25',0,NULL,'2010-10-18 04:15:23',NULL,NULL,NULL),(1000743,'38','OPD','2010-10-18',500,500,'2010-10-25',0,NULL,'2010-10-18 04:19:59',NULL,NULL,NULL),(1000744,'36','OPD','2010-10-18',200,200,'2010-10-25',0,NULL,'2010-10-18 04:21:10',NULL,NULL,NULL),(1000745,'38','OPD','2010-10-18',0,0,'2010-10-25',0,NULL,'2010-10-18 04:21:31',NULL,NULL,NULL),(1000746,'38','OPD','2010-10-18',0,0,'2010-10-25',0,NULL,'2010-10-18 04:23:55',NULL,NULL,NULL),(1000749,'38','OPD','2010-10-18',0,0,'2010-10-25',0,NULL,'2010-10-18 04:27:07',NULL,NULL,NULL),(1000750,'38','OPD','2010-10-18',0,0,'2010-10-25',0,NULL,'2010-10-18 04:27:12',NULL,NULL,NULL),(1000751,'38','OPD','2010-10-18',2700,2700,'2010-10-25',0,NULL,'2010-10-18 04:29:56',NULL,NULL,NULL),(1000752,'74','PAT','2010-10-19',50,50,'2010-10-26',0,NULL,'2010-10-19 05:34:28',NULL,NULL,NULL),(1000753,'39','OPD','2010-10-19',500,500,'2010-10-26',0,NULL,'2010-10-19 09:22:54',NULL,NULL,NULL),(1000754,'39','OPD','2010-10-19',0,0,'2010-10-26',0,NULL,'2010-10-19 09:42:41',NULL,NULL,NULL),(1000755,'39','OPD','2010-10-19',0,0,'2010-10-26',0,NULL,'2010-10-19 09:42:50',NULL,NULL,NULL),(1000756,'36','OPD','2010-10-21',0,NULL,'2010-10-28',NULL,NULL,'2010-10-21 10:41:13',NULL,NULL,NULL),(1000757,'36','OPD','2010-10-21',25000,25000,'2010-10-28',0,NULL,'2010-10-21 11:56:31',NULL,NULL,NULL),(1000758,'28','OPD','2010-10-21',1200,1200,'2010-10-28',0,NULL,'2010-10-21 12:16:32',NULL,NULL,NULL),(1000759,'29','OPD','2010-10-21',500,500,'2010-10-28',0,NULL,'2010-10-21 14:08:42',NULL,NULL,NULL),(1000760,'41','OPD','2010-10-21',750,750,'2010-10-28',0,NULL,'2010-10-21 15:12:13',NULL,NULL,NULL),(1000761,'76','PAT','2010-10-21',0,NULL,'2010-10-28',NULL,NULL,'2010-10-21 15:24:51',NULL,NULL,NULL),(1000762,'40','OPD','2010-10-21',1700,1700,'2010-10-28',0,NULL,'2010-10-21 15:45:02',NULL,NULL,NULL),(1000763,'77','PAT','2010-10-22',50,50,'2010-10-29',0,NULL,'2010-10-22 03:32:55',NULL,NULL,NULL),(1000764,'78','PAT','2010-10-22',50,50,'2010-10-29',0,NULL,'2010-10-22 04:33:14',NULL,NULL,NULL),(1000765,'43','OPD','2010-10-22',500,500,'2010-10-29',0,NULL,'2010-10-22 04:37:27',NULL,NULL,NULL),(1000766,'43','OPD','2010-10-22',0,0,'2010-10-29',0,NULL,'2010-10-22 04:38:47',NULL,NULL,NULL),(1000767,'43','OPD','2010-10-22',0,0,'2010-10-29',0,NULL,'2010-10-22 04:44:32',NULL,NULL,NULL),(1000768,'41','OPD','2010-10-22',500,500,'2010-10-29',0,NULL,'2010-10-22 05:18:42',NULL,NULL,NULL),(1000769,'41','OPD','2010-10-22',1000,1000,'2010-10-29',0,NULL,'2010-10-22 05:21:20',NULL,NULL,NULL),(1000770,'41','OPD','2010-10-22',500,0,'2010-10-29',500,NULL,'2010-10-22 05:29:02',NULL,NULL,NULL),(1000771,'43','OPD','2010-10-22',3600,3600,'2010-10-29',0,NULL,'2010-10-22 05:41:07',NULL,NULL,NULL),(1000772,'79','PAT','2010-10-22',50,50,'2010-10-29',0,NULL,'2010-10-22 09:17:34',NULL,NULL,NULL),(1000773,'46','OPD','2010-10-22',200,200,'2010-10-29',0,NULL,'2010-10-22 09:20:48',NULL,NULL,NULL),(1000774,'46','OPD','2010-10-22',0,0,'2010-10-29',0,NULL,'2010-10-22 09:21:51',NULL,NULL,NULL),(1000775,'27','OPD','2010-10-22',200,200,'2010-10-29',0,NULL,'2010-10-22 09:28:30',NULL,NULL,NULL),(1000776,'46','OPD','2010-10-22',26900,26900,'2010-10-29',0,NULL,'2010-10-22 09:50:27',NULL,NULL,NULL),(1000777,'80','PAT','2010-10-22',50,50,'2010-10-29',0,NULL,'2010-10-22 12:03:44',NULL,NULL,NULL),(1000778,'48','OPD','2010-10-22',200,200,'2010-10-29',0,NULL,'2010-10-22 12:20:45',NULL,NULL,NULL),(1000779,'48','OPD','2010-10-22',400,0,'2010-10-29',400,NULL,'2010-10-22 12:34:52',NULL,NULL,NULL),(1000780,'49','OPD','2010-10-22',100,100,'2010-10-29',0,NULL,'2010-10-22 13:01:04',NULL,NULL,NULL),(1000781,'49','OPD','2010-10-22',500,500,'2010-10-29',0,NULL,'2010-10-22 13:02:56',NULL,NULL,NULL),(1000782,'81','PAT','2010-10-22',50,50,'2010-10-29',0,NULL,'2010-10-22 13:58:20',NULL,NULL,NULL),(1000783,'82','PAT','2010-10-22',50,50,'2010-10-29',0,NULL,'2010-10-22 14:14:45',NULL,NULL,NULL),(1000784,'46','OPD','2010-10-22',25000,25000,'2010-10-29',0,NULL,'2010-10-22 14:22:38',NULL,NULL,NULL),(1000785,'83','PAT','2010-10-22',50,50,'2010-10-29',0,NULL,'2010-10-22 15:37:17',NULL,NULL,NULL),(1000786,'84','PAT','2010-10-25',50,50,'2010-11-01',0,NULL,'2010-10-25 12:37:29',NULL,NULL,NULL),(1000787,'85','PAT','2010-10-25',50,50,'2010-11-01',0,NULL,'2010-10-25 12:38:56',NULL,NULL,NULL),(1000788,'86','PAT','2010-10-25',50,50,'2010-11-01',0,NULL,'2010-10-25 12:54:16',NULL,NULL,NULL),(1000789,'87','PAT','2010-10-25',50,50,'2010-11-01',0,NULL,'2010-10-25 12:58:38',NULL,NULL,NULL),(1000790,'88','PAT','2010-10-25',50,50,'2010-11-01',0,NULL,'2010-10-25 13:01:39',NULL,NULL,NULL),(1000791,'89','PAT','2010-10-26',50,50,'2010-11-02',0,NULL,'2010-10-26 06:18:19',NULL,NULL,NULL),(1000792,'90','PAT','2010-10-27',50,50,'2010-11-03',0,NULL,'2010-10-27 06:52:43',NULL,NULL,NULL),(1000793,'50','OPD','2010-10-27',200,200,'2010-11-03',0,NULL,'2010-10-27 06:54:26',NULL,NULL,NULL),(1000794,'50','OPD','2010-10-27',1500,1500,'2010-11-03',0,NULL,'2010-10-27 06:56:39',NULL,NULL,NULL),(1000795,'46','OPD','2010-10-27',25000,25000,'2010-11-03',0,NULL,'2010-10-27 11:56:01',NULL,NULL,NULL),(1000796,'46','OPD','2010-10-27',500,500,'2010-11-03',0,NULL,'2010-10-27 11:58:36',NULL,NULL,NULL),(1000797,'46','OPD','2010-10-27',25000,25000,'2010-11-03',0,NULL,'2010-10-27 11:59:14',NULL,NULL,NULL),(1000798,'46','OPD','2010-10-27',25000,25000,'2010-11-03',0,NULL,'2010-10-27 12:30:52',NULL,NULL,NULL),(1000799,'1','OPD','2010-10-27',25000,25000,'2010-11-03',0,NULL,'2010-10-27 13:35:17',NULL,NULL,NULL),(1000800,'46','OPD','2010-10-27',25000,25000,'2010-11-03',0,NULL,'2010-10-27 13:31:57',NULL,NULL,NULL),(1000801,'46','OPD','2010-10-27',26200,26200,'2010-11-03',0,NULL,'2010-10-27 13:32:36',NULL,NULL,NULL),(1000802,'46','OPD','2010-10-27',25000,25000,'2010-11-03',0,NULL,'2010-10-27 13:33:06',NULL,NULL,NULL),(1000803,'79','PAT','2010-10-27',25000,25000,'2010-11-03',0,NULL,'2010-10-27 13:33:54',NULL,NULL,NULL),(1000804,'41','PAT','2010-10-27',26200,26200,'2010-11-03',0,NULL,'2010-10-27 14:25:48',NULL,NULL,NULL),(1000805,'44','PAT','2010-10-27',26200,26200,'2010-11-03',0,NULL,'2010-10-27 14:26:35',NULL,NULL,NULL),(1000806,'44','PAT','2010-10-27',26200,26200,'2010-11-03',0,NULL,'2010-10-27 14:29:15',NULL,NULL,NULL),(1000807,'46','OPD','2010-10-27',25500,25500,'2010-11-03',0,NULL,'2010-10-27 14:33:08',NULL,NULL,NULL),(1000808,'46','OPD','2010-10-27',25500,25500,'2010-11-03',0,NULL,'2010-10-27 14:36:07',NULL,NULL,NULL),(1000809,'44','PAT','2010-10-27',25500,25500,'2010-11-03',0,NULL,'2010-10-27 14:36:58',NULL,NULL,NULL),(1000810,'48','PAT','2010-10-27',25500,25500,'2010-11-03',0,NULL,'2010-10-27 14:42:02',NULL,NULL,NULL),(1000811,'48','PAT','2010-10-27',25500,25500,'2010-11-03',0,NULL,'2010-10-27 14:42:25',NULL,NULL,NULL),(1000812,'46','OPD','2010-10-27',1700,1700,'2010-11-03',0,NULL,'2010-10-27 15:18:46',NULL,NULL,NULL),(1000813,'46','OPD','2010-10-27',25500,25500,'2010-11-03',0,NULL,'2010-10-27 15:20:41',NULL,NULL,NULL),(1000814,'46','OPD','2010-10-27',1700,1700,'2010-11-03',0,NULL,'2010-10-27 15:30:29',NULL,NULL,NULL),(1000815,'46','OPD','2010-10-27',25500,25500,'2010-11-03',0,NULL,'2010-10-27 15:35:17',NULL,NULL,NULL),(1000816,'46','OPD','2010-10-27',26200,26200,'2010-11-03',0,NULL,'2010-10-27 15:37:21',NULL,NULL,NULL),(1000817,'46','OPD','2010-10-28',26200,26200,'2010-11-04',0,NULL,'2010-10-28 04:57:01',NULL,NULL,NULL),(1000818,'46','OPD','2010-10-28',1700,1700,'2010-11-04',0,NULL,'2010-10-28 05:01:11',NULL,NULL,NULL),(1000819,'46','OPD','2010-10-28',1700,1700,'2010-11-04',0,NULL,'2010-10-28 05:03:51',NULL,NULL,NULL),(1000820,'46','OPD','2010-10-28',25500,25500,'2010-11-04',0,NULL,'2010-10-28 05:07:47',NULL,NULL,NULL),(1000821,'46','OPD','2010-10-28',25500,25500,'2010-11-04',0,NULL,'2010-10-28 05:10:12',NULL,NULL,NULL),(1000822,'46','OPD','2010-10-28',25500,25500,'2010-11-04',0,NULL,'2010-10-28 05:14:11',NULL,NULL,NULL),(1000823,'46','OPD','2010-10-28',25500,25500,'2010-11-04',0,NULL,'2010-10-28 05:20:35',NULL,NULL,NULL),(1000824,'46','OPD','2010-10-28',25500,25500,'2010-11-04',0,NULL,'2010-10-28 05:28:56',NULL,NULL,NULL),(1000825,'46','OPD','2010-10-28',25500,25500,'2010-11-04',0,NULL,'2010-10-28 05:32:30',NULL,NULL,NULL),(1000826,'46','OPD','2010-10-28',25500,25500,'2010-11-04',0,NULL,'2010-10-28 05:42:34',NULL,NULL,NULL),(1000827,'46','OPD','2010-10-28',2200,2200,'2010-11-04',0,NULL,'2010-10-28 05:44:23',NULL,NULL,NULL),(1000828,'46','OPD','2010-10-28',26200,26200,'2010-11-04',0,NULL,'2010-10-28 05:44:46',NULL,NULL,NULL),(1000829,'46','OPD','2010-10-28',1700,1700,'2010-11-04',0,NULL,'2010-10-28 05:50:20',NULL,NULL,NULL),(1000830,'46','OPD','2010-10-28',26200,26200,'2010-11-04',0,NULL,'2010-10-28 05:54:58',NULL,NULL,NULL),(1000831,'46','OPD','2010-10-28',25500,25500,'2010-11-04',0,NULL,'2010-10-28 05:58:25',NULL,NULL,NULL),(1000832,'46','OPD','2010-10-28',25500,25500,'2010-11-04',0,NULL,'2010-10-28 06:00:00',NULL,NULL,NULL),(1000833,'45','OPD','2010-10-28',26450,26450,'2010-11-04',0,NULL,'2010-10-28 06:03:57',NULL,NULL,NULL),(1000834,'45','OPD','2010-10-28',26200,26200,'2010-11-04',0,NULL,'2010-10-28 06:09:08',NULL,NULL,NULL),(1000835,'45','OPD','2010-10-28',1700,1700,'2010-11-04',0,NULL,'2010-10-28 06:11:10',NULL,NULL,NULL),(1000836,'46','OPD','2010-10-28',25500,25500,'2010-11-04',0,NULL,'2010-10-28 06:11:38',NULL,NULL,NULL),(1000837,'45','OPD','2010-10-28',1700,1700,'2010-11-04',0,NULL,'2010-10-28 06:14:19',NULL,NULL,NULL),(1000838,'40','OPD','2010-10-28',1700,1700,'2010-11-04',0,NULL,'2010-10-28 06:16:35',NULL,NULL,NULL),(1000839,'40','OPD','2010-10-28',50500,50500,'2010-11-04',0,NULL,'2010-10-28 06:19:27',NULL,NULL,NULL),(1000840,'40','OPD','2010-10-28',1500,1500,'2010-11-04',0,NULL,'2010-10-28 06:21:32',NULL,NULL,NULL),(1000841,'40','OPD','2010-10-28',1000,1000,'2010-11-04',0,NULL,'2010-10-28 06:24:25',NULL,NULL,NULL),(1000842,'40','OPD','2010-10-28',25500,25500,'2010-11-04',0,NULL,'2010-10-28 06:27:22',NULL,NULL,NULL),(1000843,'40','OPD','2010-10-28',1900,1900,'2010-11-04',0,NULL,'2010-10-28 06:29:44',NULL,NULL,NULL),(1000844,'46','OPD','2010-10-28',27000,27000,'2010-11-04',0,NULL,'2010-10-28 06:30:42',NULL,NULL,NULL),(1000845,'49','OPD','2010-10-28',1400,1400,'2010-11-04',0,NULL,'2010-10-28 06:32:49',NULL,NULL,NULL),(1000846,'49','OPD','2010-10-28',1900,1900,'2010-11-04',0,NULL,'2010-10-28 06:37:05',NULL,NULL,NULL),(1000847,'49','OPD','2010-10-28',1900,1900,'2010-11-04',0,NULL,'2010-10-28 06:38:58',NULL,NULL,NULL),(1000848,'49','OPD','2010-10-28',26500,26500,'2010-11-04',0,NULL,'2010-10-28 06:52:04',NULL,NULL,NULL),(1000849,'49','OPD','2010-10-28',26700,26700,'2010-11-04',0,NULL,'2010-10-28 07:15:30',NULL,NULL,NULL),(1000850,'49','OPD','2010-10-28',26000,26000,'2010-11-04',0,NULL,'2010-10-28 07:17:37',NULL,NULL,NULL),(1000851,'91','PAT','2010-11-01',50,50,'2010-11-08',0,NULL,'2010-11-01 06:23:49',NULL,NULL,NULL),(1000852,'92','PAT','2010-11-01',50,50,'2010-11-08',0,NULL,'2010-11-01 06:29:44',NULL,NULL,NULL),(1000853,'51','OPD','2010-11-01',200,200,'2010-11-08',0,NULL,'2010-11-01 07:27:29',NULL,NULL,NULL),(1000854,'52','OPD','2010-11-01',500,500,'2010-11-08',0,NULL,'2010-11-01 07:28:21',NULL,NULL,NULL),(1000855,'53','OPD','2010-11-01',500,500,'2010-11-08',0,NULL,'2010-11-01 07:31:41',NULL,NULL,NULL),(1000856,'54','OPD','2010-11-01',200,200,'2010-11-08',0,NULL,'2010-11-01 07:42:44',NULL,NULL,NULL),(1000857,'55','OPD','2010-11-01',500,500,'2010-11-08',0,NULL,'2010-11-01 07:48:37',NULL,NULL,NULL),(1000858,'56','OPD','2010-11-01',100,100,'2010-11-08',0,NULL,'2010-11-01 07:57:54',NULL,NULL,NULL),(1000859,'57','OPD','2010-11-01',100,100,'2010-11-08',0,NULL,'2010-11-01 09:04:04',NULL,NULL,NULL),(1000860,'59','OPD','2010-11-01',500,500,'2010-11-08',0,NULL,'2010-11-01 09:31:18',NULL,NULL,NULL),(1000861,'93','PAT','2010-11-01',50,50,'2010-11-08',0,NULL,'2010-11-01 09:31:49',NULL,NULL,NULL),(1000862,'94','PAT','2010-11-01',50,50,'2010-11-08',0,NULL,'2010-11-01 10:24:39',NULL,NULL,NULL),(1000863,'60','OPD','2010-11-01',200,200,'2010-11-08',0,NULL,'2010-11-01 12:28:44',NULL,NULL,NULL),(1000864,'95','PAT','2010-11-01',50,50,'2010-11-08',0,NULL,'2010-11-01 13:06:17',NULL,NULL,NULL),(1000865,'62','OPD','2010-11-01',200,200,'2010-11-08',0,NULL,'2010-11-01 13:07:54',NULL,NULL,NULL),(1000866,'28','OPD','2010-11-01',500,0,'2010-11-08',500,NULL,'2010-11-01 14:52:05',NULL,NULL,NULL),(1000867,'28','OPD','2010-11-01',1200,1200,'2010-11-08',0,NULL,'2010-11-01 15:00:39',NULL,NULL,NULL),(1000868,'28','OPD','2010-11-01',500,500,'2010-11-08',0,NULL,'2010-11-01 15:18:46',NULL,NULL,NULL),(1000869,'28','OPD','2010-11-01',25000,0,'2010-11-08',25000,NULL,'2010-11-01 15:20:15',NULL,NULL,NULL),(1000870,'28','OPD','2010-11-01',25000,0,'2010-11-08',25000,NULL,'2010-11-01 15:24:55',NULL,NULL,NULL),(1000871,'28','OPD','2010-11-01',25000,0,'2010-11-08',25000,NULL,'2010-11-01 15:26:15',NULL,NULL,NULL),(1000872,'28','OPD','2010-11-01',500,0,'2010-11-08',500,NULL,'2010-11-01 15:28:46',NULL,NULL,NULL),(1000873,'28','OPD','2010-11-01',500,0,'2010-11-08',500,NULL,'2010-11-01 15:35:00',NULL,NULL,NULL),(1000874,'28','OPD','2010-11-01',1200,0,'2010-11-08',1200,NULL,'2010-11-01 15:56:51',NULL,NULL,NULL),(1000875,'96','PAT','2010-11-02',50,50,'2010-11-09',0,NULL,'2010-11-02 04:00:00',NULL,NULL,NULL),(1000876,'97','PAT','2010-11-02',50,50,'2010-11-09',0,NULL,'2010-11-02 04:38:06',NULL,NULL,NULL),(1000877,'98','PAT','2010-11-08',50,50,'2010-11-15',0,NULL,'2010-11-08 09:31:11',NULL,NULL,NULL),(1000878,'99','PAT','2010-11-08',50,50,'2010-11-15',0,NULL,'2010-11-08 09:32:36',NULL,NULL,NULL),(1000879,'100','PAT','2010-11-08',50,50,'2010-11-15',0,NULL,'2010-11-08 09:40:21',NULL,NULL,NULL),(1000880,'101','PAT','2010-11-08',50,50,'2010-11-15',0,NULL,'2010-11-08 09:52:08',NULL,NULL,NULL),(1000881,'102','PAT','2010-11-09',50,50,'2010-11-16',0,NULL,'2010-11-09 05:53:28',NULL,NULL,NULL),(1000882,'66','OPD','2010-11-09',500,500,'2010-11-16',0,NULL,'2010-11-09 06:01:59',NULL,NULL,NULL),(1000883,'66','OPD','2010-11-09',0,0,'2010-11-16',0,NULL,'2010-11-09 06:03:05',NULL,NULL,NULL),(1000884,'66','OPD','2010-11-09',0,0,'2010-11-16',0,NULL,'2010-11-09 06:19:34',NULL,NULL,NULL),(1000885,'103','PAT','2010-11-09',50,50,'2010-11-16',0,NULL,'2010-11-09 06:35:00',NULL,NULL,NULL),(1000886,'67','OPD','2010-11-09',200,200,'2010-11-16',0,NULL,'2010-11-09 06:40:37',NULL,NULL,NULL),(1000887,'67','OPD','2010-11-09',0,0,'2010-11-16',0,NULL,'2010-11-09 06:46:33',NULL,NULL,NULL),(1000888,'67','OPD','2010-11-09',0,0,'2010-11-16',0,NULL,'2010-11-09 06:47:31',NULL,NULL,NULL),(1000889,'67','OPD','2010-11-09',0,0,'2010-11-16',0,NULL,'2010-11-09 06:48:14',NULL,NULL,NULL),(1000890,'67','OPD','2010-11-09',0,0,'2010-11-16',0,NULL,'2010-11-09 06:48:46',NULL,NULL,NULL),(1000891,'67','OPD','2010-11-09',0,0,'2010-11-16',0,NULL,'2010-11-09 06:49:18',NULL,NULL,NULL),(1000892,'69','OPD','2010-11-09',500,500,'2010-11-16',0,NULL,'2010-11-09 10:22:04',NULL,NULL,NULL),(1000893,'104','PAT','2010-11-10',50,50,'2010-11-17',0,NULL,'2010-11-10 07:18:27',NULL,NULL,NULL),(1000894,'72','OPD','2010-11-10',500,500,'2010-11-17',0,NULL,'2010-11-10 07:40:33',NULL,NULL,NULL),(1000895,'71','OPD','2010-11-29',100,100,'2010-12-06',0,NULL,'2010-11-29 10:37:04',NULL,NULL,NULL),(1000896,'73','OPD','2010-11-29',250,250,'2010-12-06',0,NULL,'2010-11-29 10:43:00',NULL,NULL,NULL),(1000897,'73','OPD','2010-11-29',0,0,'2010-12-06',0,NULL,'2010-11-29 10:43:53',NULL,NULL,NULL),(1000898,'47','OPD','2010-11-29',250,0,'2010-12-06',250,NULL,'2010-11-29 10:54:08',NULL,NULL,NULL);
/*!40000 ALTER TABLE `bill_info` ENABLE KEYS */;
UNLOCK TABLES;

--
-- Table structure for table `bill_item_details`
--

DROP TABLE IF EXISTS `bill_item_details`;
/*!40101 SET @saved_cs_client     = @@character_set_client */;
/*!40101 SET character_set_client = utf8 */;
CREATE TABLE `bill_item_details` (
  `bill_number` bigint(20) NOT NULL,
  `process_name` varchar(80) COLLATE utf8_unicode_ci NOT NULL,
  `sub_process_name` varchar(128) COLLATE utf8_unicode_ci NOT NULL,
  `item_sequence_nbr` int(11) NOT NULL,
  `item_name` varchar(512) COLLATE utf8_unicode_ci NOT NULL,
  `item_count` int(11) DEFAULT NULL,
  `item_price` double DEFAULT NULL,
  `discounts` double DEFAULT NULL,
  `total_amount` double NOT NULL,
  PRIMARY KEY (`bill_number`,`process_name`,`sub_process_name`,`item_sequence_nbr`),
  KEY `process_name` (`process_name`),
  CONSTRAINT `bill_item_details_ibfk_1` FOREIGN KEY (`bill_number`) REFERENCES `bill_info` (`BILL_NBR`),
  CONSTRAINT `bill_item_details_ibfk_2` FOREIGN KEY (`process_name`) REFERENCES `bill_register` (`PROCESS_NAME`)
) ENGINE=InnoDB DEFAULT CHARSET=utf8 COLLATE=utf8_unicode_ci;
/*!40101 SET character_set_client = @saved_cs_client */;

--
-- Dumping data for table `bill_item_details`
--

LOCK TABLES `bill_item_details` WRITE;
/*!40000 ALTER TABLE `bill_item_details` DISABLE KEYS */;
INSERT INTO `bill_item_details` VALUES (1000340,'SERVICES','SERVICE',1,'Registration',1,50,0,50),(1000341,'SERVICES','SERVICE',1,'Registration',1,50,0,50),(1000342,'SERVICES','SERVICE',1,'Registration',1,50,0,50),(1000343,'SERVICES','SERVICE',1,'Registration',1,50,0,50),(1000344,'ACCOUNTING','Claim against sponsor',1,'Claim from Sponsor :Max Life Insurance',1,0,0,0),(1000344,'BED','BED_USAGE',1,'Bed- 1',1,100,0,100),(1000344,'SERVICES','SERVICE',1,'ASPERGILLUS FUMIGATUS',1,5000,0,5000),(1000345,'BED','BED_USAGE',1,'Bed- 1',-23,0,0,-2300),(1000347,'SERVICES','SERVICE',1,'Registration',1,50,0,50),(1000348,'SERVICES','SERVICE',1,'BERMUDA GRASS',1,8000,0,8000),(1000349,'SERVICES','SERVICE',1,'Appointment',1,200,0,200),(1000350,'SERVICES','SERVICE',1,'ECG',1,500,0,500),(1000351,'SERVICES','SERVICE',1,'ECG',1,500,0,500),(1000351,'SERVICES','SERVICE',2,'OBSTETRIC FLOW PANEL',1,7000,0,7000),(1000352,'SERVICES','SERVICE',1,'ASPERGILLUS FUMIGATUS',1,5000,0,5000),(1000353,'SERVICES','SERVICE',1,'Appointment',1,200,0,200),(1000354,'BED','BED_USAGE',1,'Bed- 1',19,100,0,1900),(1000355,'BED','BED_USAGE',1,'Bed- 1',-23,0,0,-2300),(1000356,'BED','BED_USAGE',1,'Bed- 1',-23,0,0,-2300),(1000357,'BED','BED_USAGE',1,'Bed- 1',-23,0,0,-2300),(1000358,'SERVICES','SERVICE',1,'Appointment',1,200,0,200),(1000359,'ACCOUNTING','Claim against sponsor',1,'Claim from Sponsor :Max Life Insurance',1,0,0,0),(1000359,'BED','BED_USAGE',1,'Bed- 2',1,50,0,50),(1000359,'SERVICES','SERVICE',1,'Bone Density Testing',1,2500,0,2500),(1000361,'ACCOUNTING','Claim against sponsor',1,'Claim from Sponsor :Max Life Insurance',1,0,0,0),(1000361,'BED','BED_USAGE',1,'Bed- 2',-23,0,0,-1150),(1000363,'SERVICES','SERVICE',1,'ECG',1,500,0,500),(1000366,'SERVICES','SERVICE',1,'ALTERNARIA TENUIS ',1,5500,0,5500),(1000366,'SERVICES','SERVICE',2,'ALTERNARIA TENUIS ',1,5500,0,5500),(1000366,'SERVICES','SERVICE',3,'ECG',1,500,0,500),(1000367,'SERVICES','SERVICE',1,'OBSTETRIC FLOW PANEL',1,7000,0,7000),(1000368,'SERVICES','SERVICE',1,'Eye Infection',1,1000,0,1000),(1000369,'SERVICES','SERVICE',1,'HIVTest',1,500,0,500),(1000370,'SERVICES','SERVICE',1,'Eye Infection',1,1000,0,1000),(1000370,'SERVICES','SERVICE',2,'HIVTest',1,500,0,500),(1000371,'SERVICES','SERVICE',1,'Eye Infection',1,1000,0,1000),(1000372,'SERVICES','SERVICE',1,'HIVTest',1,500,0,500),(1000373,'SERVICES','SERVICE',1,'ECG',1,500,0,500),(1000373,'SERVICES','SERVICE',2,'ASPERGILLUS FUMIGATUS',1,5000,0,5000),(1000373,'SERVICES','SERVICE',3,'OBSTETRIC FLOW PANEL',1,7000,0,7000),(1000373,'SERVICES','SERVICE',4,'Eye Infection',1,1000,0,1000),(1000374,'SERVICES','SERVICE',1,'Eye Infection',1,1000,0,1000),(1000375,'SERVICES','SERVICE',1,'HIVTest',1,500,0,500),(1000376,'SERVICES','SERVICE',1,'Eye Infection',1,1000,0,1000),(1000378,'SERVICES','SERVICE',1,'Eye Infection',1,1000,0,1000),(1000379,'SERVICES','SERVICE',1,'HIVTest',1,500,0,500),(1000380,'SERVICES','SERVICE',1,'Eye Infection',1,1000,0,1000),(1000392,'SERVICES','SERVICE',1,'Bone Density Testing',1,2500,0,2500),(1000393,'SERVICES','SERVICE',1,'Registration',1,50,0,50),(1000394,'SERVICES','SERVICE',1,'Registration',1,50,0,50),(1000395,'SERVICES','SERVICE',1,'Registration',1,50,0,50),(1000396,'SERVICES','SERVICE',1,'Registration',1,50,0,50),(1000397,'SERVICES','SERVICE',1,'Registration',1,50,0,50),(1000401,'SERVICES','SERVICE',1,'Registration',1,50,0,50),(1000403,'SERVICES','SERVICE',1,'Registration',1,50,0,50),(1000404,'SERVICES','SERVICE',1,'Registration',1,50,0,50),(1000414,'BED','BED_USAGE',1,'Bed- 1',25,100,0,2500),(1000441,'SERVICES','SERVICE',1,'Appointment',1,500,-300,500),(1000502,'SERVICES','SERVICE',1,'Registration',1,50,0,50),(1000503,'SERVICES','SERVICE',1,'Registration',1,50,0,50),(1000504,'SERVICES','SERVICE',1,'Registration',1,50,0,50),(1000505,'SERVICES','SERVICE',1,'Registration',1,50,0,50),(1000506,'SERVICES','SERVICE',1,'Registration',1,50,0,50),(1000507,'SERVICES','SERVICE',1,'Registration',1,50,0,50),(1000508,'SERVICES','SERVICE',1,'Registration',1,50,0,50),(1000509,'SERVICES','SERVICE',1,'Registration',1,50,0,50),(1000510,'SERVICES','SERVICE',1,'Registration',1,50,0,50),(1000511,'SERVICES','SERVICE',1,'Registration',1,50,0,50),(1000512,'SERVICES','SERVICE',1,'Registration',1,50,0,50),(1000513,'SERVICES','SERVICE',1,'Registration',1,50,0,50),(1000514,'SERVICES','SERVICE',1,'Registration',1,50,0,50),(1000515,'SERVICES','SERVICE',1,'Registration',1,50,0,50),(1000516,'SERVICES','SERVICE',1,'Registration',1,50,0,50),(1000517,'SERVICES','SERVICE',1,'Registration',1,50,0,50),(1000518,'SERVICES','SERVICE',1,'Registration',1,50,0,50),(1000519,'SERVICES','SERVICE',1,'Registration',1,50,0,50),(1000520,'SERVICES','SERVICE',1,'Registration',1,50,0,50),(1000522,'SERVICES','SERVICE',1,'Registration',1,50,0,50),(1000523,'SERVICES','SERVICE',1,'Registration',1,50,0,50),(1000524,'SERVICES','SERVICE',1,'Registration',1,50,0,50),(1000527,'SERVICES','SERVICE',1,'Registration',1,50,0,50),(1000528,'SERVICES','SERVICE',1,'Registration',1,50,0,50),(1000529,'SERVICES','SERVICE',1,'Registration',1,50,0,50),(1000530,'SERVICES','SERVICE',1,'Registration',1,50,0,50),(1000531,'SERVICES','SERVICE',1,'Registration',1,50,0,50),(1000547,'SERVICES','SERVICE',1,'By Pass',1,25000,0,25000),(1000551,'SERVICES','SERVICE',1,'By Pass',1,25000,0,25000),(1000552,'SERVICES','SERVICE',1,'By Pass',1,25000,0,25000),(1000553,'SERVICES','SERVICE',1,'By Pass',1,25000,0,25000),(1000554,'SERVICES','SERVICE',1,'By Pass',1,25000,0,25000),(1000556,'SERVICES','SERVICE',1,'ECG',1,500,0,500),(1000557,'SERVICES','SERVICE',1,'HIVTest',1,500,0,500),(1000557,'SERVICES','SERVICE',2,'Eye Infection',1,1000,0,1000),(1000558,'SERVICES','SERVICE',1,'By Pass',1,25000,0,25000),(1000559,'SERVICES','SERVICE',1,'Registration',1,50,0,50),(1000560,'SERVICES','SERVICE',1,'Registration',1,50,0,50),(1000561,'SERVICES','SERVICE',1,'Registration',1,50,0,50),(1000562,'SERVICES','SERVICE',1,'Registration',1,50,0,50),(1000563,'SERVICES','SERVICE',1,'ECG',1,500,0,500),(1000563,'SERVICES','SERVICE',2,'HIVTest',1,500,0,500),(1000563,'SERVICES','SERVICE',3,'ECG',1,500,0,500),(1000564,'SERVICES','SERVICE',1,'Registration',1,50,0,50),(1000565,'SERVICES','SERVICE',1,'Registration',1,50,0,50),(1000566,'SERVICES','SERVICE',1,'Appointment',1,200,0,200),(1000568,'SERVICES','SERVICE',1,'Appointment',1,200,0,200),(1000570,'SERVICES','SERVICE',1,'Appointment',1,200,0,200),(1000571,'SERVICES','SERVICE',1,'By Pass',1,25000,0,25000),(1000599,'SERVICES','SERVICE',1,'Registration',1,50,0,50),(1000602,'SERVICES','SERVICE',1,'By Pass',1,25000,0,25000),(1000603,'SERVICES','SERVICE',1,'Registration',1,50,0,50),(1000604,'SERVICES','SERVICE',1,'Eye Infection',1,1000,0,1000),(1000605,'SERVICES','SERVICE',1,'Complete Blood Picture',1,1200,0,1200),(1000605,'SERVICES','SERVICE',2,'HIVTest',1,500,0,500),(1000606,'SERVICES','SERVICE',1,'HIVTest',1,500,0,500),(1000609,'SERVICES','PACKAGE',1,'Packge1',1,1200,0,1200),(1000609,'SERVICES','SERVICE',1,'Eye Infection',1,1000,0,1000),(1000610,'SERVICES','SERVICE',1,'By Pass',1,25000,0,25000),(1000611,'SERVICES','SERVICE',1,'Registration',1,50,0,50),(1000612,'SERVICES','SERVICE',1,'Eye Infection',1,1000,0,1000),(1000613,'SERVICES','SERVICE',1,'HIVTest',1,500,0,500),(1000615,'SERVICES','SERVICE',1,'Registration',1,50,0,50),(1000628,'SERVICES','SERVICE',1,'Appointment',1,200,0,200),(1000629,'SERVICES','SERVICE',1,'Appointment',1,200,0,200),(1000656,'SERVICES','SERVICE',1,'By Pass',1,25000,0,25000),(1000657,'SERVICES','SERVICE',1,'By Pass',1,25000,0,25000),(1000658,'SERVICES','SERVICE',1,'By Pass',1,25000,0,25000),(1000665,'SERVICES','SERVICE',1,'Appointment',1,500,-300,500),(1000705,'SERVICES','SERVICE',1,'Registration',1,50,0,50),(1000706,'SERVICES','SERVICE',1,'By Pass',1,25000,0,25000),(1000706,'SERVICES','SERVICE',2,'ECG',1,500,0,500),(1000711,'SERVICES','SERVICE',1,'By Pass',1,25000,0,25000),(1000711,'SERVICES','SERVICE',2,'Complete Blood Picture',1,1200,0,1200),(1000717,'SERVICES','SERVICE',1,'Registration',1,50,0,50),(1000720,'SERVICES','SERVICE',1,'Registration',1,50,0,50),(1000735,'SERVICES','SERVICE',1,'Appointment',1,500,-300,500),(1000742,'SERVICES','SERVICE',1,'Registration',1,50,0,50),(1000743,'SERVICES','SERVICE',1,'Appointment',1,500,-300,500),(1000744,'SERVICES','SERVICE',1,'Appointment',1,200,0,200),(1000751,'SERVICES','SERVICE',1,'Eye Infection',1,1000,0,1000),(1000751,'SERVICES','SERVICE',2,'xray',1,500,0,500),(1000751,'SERVICES','SERVICE',3,'Complete Blood Picture',1,1200,0,1200),(1000752,'SERVICES','SERVICE',1,'Registration',1,50,0,50),(1000753,'SERVICES','SERVICE',1,'Appointment',1,500,-300,500),(1000756,'SERVICES','SERVICE',1,'By Pass',1,25000,0,25000),(1000756,'SERVICES','SERVICE',2,'By Pass',1,25000,0,25000),(1000757,'SERVICES','SERVICE',1,'By Pass',1,25000,0,25000),(1000758,'SERVICES','SERVICE',1,'Appointment',1,200,0,200),(1000758,'SERVICES','SERVICE',2,'Eye Infection',1,1000,0,1000),(1000759,'SERVICES','SERVICE',1,'ECG',1,500,0,500),(1000760,'SERVICES','SERVICE',1,'Appointment',1,250,-50,250),(1000760,'SERVICES','SERVICE',2,'ECG',1,500,0,500),(1000761,'SERVICES','SERVICE',1,'Registration',1,50,0,50),(1000762,'SERVICES','PACKAGE',1,'Packge1',1,1200,0,1200),(1000762,'SERVICES','SERVICE',1,'Appointment',1,500,-300,500),(1000763,'SERVICES','SERVICE',1,'Registration',1,50,0,50),(1000764,'SERVICES','SERVICE',1,'Registration',1,50,0,50),(1000765,'SERVICES','SERVICE',1,'Appointment',1,500,-300,500),(1000768,'SERVICES','SERVICE',1,'HIVTest',1,500,0,500),(1000769,'SERVICES','SERVICE',1,'Eye Infection',1,1000,0,1000),(1000770,'SERVICES','SERVICE',1,'HIVTest',1,500,0,500),(1000771,'SERVICES','PACKAGE',1,'Packge1',1,1200,0,1200),(1000771,'SERVICES','SERVICE',1,'HIVTest',1,500,0,500),(1000771,'SERVICES','SERVICE',2,'Eye Infection',1,1000,0,1000),(1000771,'SERVICES','SERVICE',3,'ECG',1,500,0,500),(1000771,'SERVICES','SERVICE',4,'xray',1,400,0,400),(1000772,'SERVICES','SERVICE',1,'Registration',1,50,0,50),(1000773,'SERVICES','SERVICE',1,'Appointment',1,200,0,200),(1000775,'SERVICES','SERVICE',1,'Appointment',1,200,0,200),(1000776,'SERVICES','SERVICE',1,'xray',1,400,0,400),(1000776,'SERVICES','SERVICE',2,'By Pass',1,25000,0,25000),(1000776,'SERVICES','SERVICE',3,'ECG',1,500,0,500),(1000776,'SERVICES','SERVICE',4,'ECG',1,500,0,500),(1000776,'SERVICES','SERVICE',5,'ECG',1,500,0,500),(1000777,'SERVICES','SERVICE',1,'Registration',1,50,0,50),(1000778,'SERVICES','SERVICE',1,'Appointment',1,200,0,200),(1000779,'SERVICES','SERVICE',1,'xray',1,400,0,400),(1000780,'SERVICES','SERVICE',1,'Appointment',1,100,100,100),(1000781,'SERVICES','SERVICE',1,'ECG',1,500,0,500),(1000782,'SERVICES','SERVICE',1,'Registration',1,50,0,50),(1000783,'SERVICES','SERVICE',1,'Registration',1,50,0,50),(1000784,'SERVICES','SERVICE',1,'By Pass',1,25000,0,25000),(1000785,'SERVICES','SERVICE',1,'Registration',1,50,0,50),(1000786,'SERVICES','SERVICE',1,'Registration',1,50,0,50),(1000787,'SERVICES','SERVICE',1,'Registration',1,50,0,50),(1000788,'SERVICES','SERVICE',1,'Registration',1,50,0,50),(1000789,'SERVICES','SERVICE',1,'Registration',1,50,0,50),(1000790,'SERVICES','SERVICE',1,'Registration',1,50,0,50),(1000791,'SERVICES','SERVICE',1,'Registration',1,50,0,50),(1000792,'SERVICES','SERVICE',1,'Registration',1,50,0,50),(1000793,'SERVICES','SERVICE',1,'Appointment',1,200,0,200),(1000794,'SERVICES','SERVICE',1,'Eye Infection',1,1000,0,1000),(1000794,'SERVICES','SERVICE',2,'ECG',1,500,0,500),(1000795,'SERVICES','SERVICE',1,'By Pass',1,25000,0,25000),(1000796,'SERVICES','SERVICE',1,'HIVTest',1,500,0,500),(1000797,'SERVICES','SERVICE',1,'By Pass',1,25000,0,25000),(1000798,'SERVICES','SERVICE',1,'By Pass',1,25000,0,25000),(1000799,'SERVICES','SERVICE',1,'By Pass',1,25000,0,25000),(1000800,'SERVICES','SERVICE',1,'By Pass',1,25000,0,25000),(1000801,'SERVICES','SERVICE',1,'Complete Blood Picture',1,1200,0,1200),(1000801,'SERVICES','SERVICE',2,'By Pass',1,25000,0,25000),(1000802,'SERVICES','SERVICE',1,'By Pass',1,25000,0,25000),(1000803,'SERVICES','SERVICE',1,'By Pass',1,25000,0,25000),(1000804,'SERVICES','SERVICE',1,'By Pass',1,25000,0,25000),(1000804,'SERVICES','SERVICE',2,'Complete Blood Picture',1,1200,0,1200),(1000805,'SERVICES','SERVICE',1,'By Pass',1,25000,0,25000),(1000805,'SERVICES','SERVICE',2,'Complete Blood Picture',1,1200,0,1200),(1000806,'SERVICES','SERVICE',1,'By Pass',1,25000,0,25000),(1000806,'SERVICES','SERVICE',2,'Complete Blood Picture',1,1200,0,1200),(1000807,'SERVICES','SERVICE',1,'HIVTest',1,500,0,500),(1000807,'SERVICES','SERVICE',2,'By Pass',1,25000,0,25000),(1000808,'SERVICES','SERVICE',1,'HIVTest',1,500,0,500),(1000808,'SERVICES','SERVICE',2,'By Pass',1,25000,0,25000),(1000809,'SERVICES','SERVICE',1,'HIVTest',1,500,0,500),(1000809,'SERVICES','SERVICE',2,'By Pass',1,25000,0,25000),(1000810,'SERVICES','SERVICE',1,'HIVTest',1,500,0,500),(1000810,'SERVICES','SERVICE',2,'By Pass',1,25000,0,25000),(1000811,'SERVICES','SERVICE',1,'HIVTest',1,500,0,500),(1000811,'SERVICES','SERVICE',2,'By Pass',1,25000,0,25000),(1000812,'SERVICES','SERVICE',1,'HIVTest',1,500,0,500),(1000812,'SERVICES','SERVICE',2,'Complete Blood Picture',1,1200,0,1200),(1000813,'SERVICES','SERVICE',1,'HIVTest',1,500,0,500),(1000813,'SERVICES','SERVICE',2,'By Pass',1,25000,0,25000),(1000814,'SERVICES','SERVICE',1,'HIVTest',1,500,0,500),(1000814,'SERVICES','SERVICE',2,'Complete Blood Picture',1,1200,0,1200),(1000815,'SERVICES','SERVICE',1,'HIVTest',1,500,0,500),(1000815,'SERVICES','SERVICE',2,'By Pass',1,25000,0,25000),(1000816,'SERVICES','SERVICE',1,'By Pass',1,25000,0,25000),(1000816,'SERVICES','SERVICE',2,'Complete Blood Picture',1,1200,0,1200),(1000817,'SERVICES','SERVICE',1,'By Pass',1,25000,0,25000),(1000817,'SERVICES','SERVICE',2,'Complete Blood Picture',1,1200,0,1200),(1000818,'SERVICES','SERVICE',1,'HIVTest',1,500,0,500),(1000818,'SERVICES','SERVICE',2,'Complete Blood Picture',1,1200,0,1200),(1000819,'SERVICES','SERVICE',1,'HIVTest',1,500,0,500),(1000819,'SERVICES','SERVICE',2,'Complete Blood Picture',1,1200,0,1200),(1000820,'SERVICES','SERVICE',1,'HIVTest',1,500,0,500),(1000820,'SERVICES','SERVICE',2,'By Pass',1,25000,0,25000),(1000821,'SERVICES','SERVICE',1,'HIVTest',1,500,0,500),(1000821,'SERVICES','SERVICE',2,'By Pass',1,25000,0,25000),(1000822,'SERVICES','SERVICE',1,'HIVTest',1,500,0,500),(1000822,'SERVICES','SERVICE',2,'By Pass',1,25000,0,25000),(1000823,'SERVICES','SERVICE',1,'HIVTest',1,500,0,500),(1000823,'SERVICES','SERVICE',2,'By Pass',1,25000,0,25000),(1000824,'SERVICES','SERVICE',1,'HIVTest',1,500,0,500),(1000824,'SERVICES','SERVICE',2,'By Pass',1,25000,0,25000),(1000825,'SERVICES','SERVICE',1,'HIVTest',1,500,0,500),(1000825,'SERVICES','SERVICE',2,'By Pass',1,25000,0,25000),(1000826,'SERVICES','SERVICE',1,'By Pass',1,25000,0,25000),(1000826,'SERVICES','SERVICE',2,'ECG',1,500,0,500),(1000827,'SERVICES','SERVICE',1,'HIVTest',1,500,0,500),(1000827,'SERVICES','SERVICE',2,'Complete Blood Picture',1,1200,0,1200),(1000827,'SERVICES','SERVICE',3,'ECG',1,500,0,500),(1000828,'SERVICES','SERVICE',1,'By Pass',1,25000,0,25000),(1000828,'SERVICES','SERVICE',2,'Complete Blood Picture',1,1200,0,1200),(1000829,'SERVICES','SERVICE',1,'HIVTest',1,500,0,500),(1000829,'SERVICES','SERVICE',2,'Complete Blood Picture',1,1200,0,1200),(1000830,'SERVICES','SERVICE',1,'By Pass',1,25000,0,25000),(1000830,'SERVICES','SERVICE',2,'Complete Blood Picture',1,1200,0,1200),(1000831,'SERVICES','SERVICE',1,'By Pass',1,25000,0,25000),(1000831,'SERVICES','SERVICE',2,'ECG',1,500,0,500),(1000832,'SERVICES','SERVICE',1,'HIVTest',1,500,0,500),(1000832,'SERVICES','SERVICE',2,'By Pass',1,25000,0,25000),(1000833,'SERVICES','SERVICE',1,'Appointment',1,250,-50,250),(1000833,'SERVICES','SERVICE',2,'By Pass',1,25000,0,25000),(1000833,'SERVICES','SERVICE',3,'Complete Blood Picture',1,1200,0,1200),(1000834,'SERVICES','SERVICE',1,'By Pass',1,25000,0,25000),(1000834,'SERVICES','SERVICE',2,'Complete Blood Picture',1,1200,0,1200),(1000835,'SERVICES','SERVICE',1,'HIVTest',1,500,0,500),(1000835,'SERVICES','SERVICE',2,'Complete Blood Picture',1,1200,0,1200),(1000836,'SERVICES','SERVICE',1,'HIVTest',1,500,0,500),(1000836,'SERVICES','SERVICE',2,'By Pass',1,25000,0,25000),(1000837,'SERVICES','SERVICE',1,'HIVTest',1,500,0,500),(1000837,'SERVICES','SERVICE',2,'Complete Blood Picture',1,1200,0,1200),(1000838,'SERVICES','SERVICE',1,'HIVTest',1,500,0,500),(1000838,'SERVICES','SERVICE',2,'Complete Blood Picture',1,1200,0,1200),(1000839,'SERVICES','SERVICE',1,'By Pass',1,25000,0,25000),(1000839,'SERVICES','SERVICE',2,'By Pass',1,25000,0,25000),(1000839,'SERVICES','SERVICE',3,'ECG',1,500,0,500),(1000840,'SERVICES','SERVICE',1,'ECG',1,500,0,500),(1000840,'SERVICES','SERVICE',2,'Eye Infection',1,1000,0,1000),(1000841,'SERVICES','SERVICE',1,'HIVTest',1,500,0,500),(1000841,'SERVICES','SERVICE',2,'ECG',1,500,0,500),(1000842,'SERVICES','SERVICE',1,'By Pass',1,25000,0,25000),(1000842,'SERVICES','SERVICE',2,'ECG',1,500,0,500),(1000843,'SERVICES','SERVICE',1,'HIVTest',1,500,0,500),(1000843,'SERVICES','SERVICE',2,'Eye Infection',1,1000,0,1000),(1000843,'SERVICES','SERVICE',3,'xray',1,400,0,400),(1000844,'SERVICES','SERVICE',1,'HIVTest',1,500,0,500),(1000844,'SERVICES','SERVICE',2,'By Pass',1,25000,0,25000),(1000844,'SERVICES','SERVICE',3,'ECG',1,500,0,500),(1000844,'SERVICES','SERVICE',4,'Eye Infection',1,1000,0,1000),(1000845,'SERVICES','SERVICE',1,'HIVTest',1,500,0,500),(1000845,'SERVICES','SERVICE',2,'ECG',1,500,0,500),(1000845,'SERVICES','SERVICE',3,'xray',1,400,0,400),(1000846,'SERVICES','SERVICE',1,'HIVTest',1,500,0,500),(1000846,'SERVICES','SERVICE',2,'Eye Infection',1,1000,0,1000),(1000846,'SERVICES','SERVICE',3,'xray',1,400,0,400),(1000847,'SERVICES','SERVICE',1,'HIVTest',1,500,0,500),(1000847,'SERVICES','SERVICE',2,'Eye Infection',1,1000,0,1000),(1000847,'SERVICES','SERVICE',3,'xray',1,400,0,400),(1000848,'SERVICES','SERVICE',1,'By Pass',1,25000,0,25000),(1000848,'SERVICES','SERVICE',2,'ECG',1,500,0,500),(1000848,'SERVICES','SERVICE',3,'Eye Infection',1,1000,0,1000),(1000849,'SERVICES','SERVICE',1,'HIVTest',1,500,0,500),(1000849,'SERVICES','SERVICE',2,'By Pass',1,25000,0,25000),(1000849,'SERVICES','SERVICE',3,'Complete Blood Picture',1,1200,0,1200),(1000850,'SERVICES','SERVICE',1,'By Pass',1,25000,0,25000),(1000850,'SERVICES','SERVICE',2,'Eye Infection',1,1000,0,1000),(1000851,'SERVICES','SERVICE',1,'Registration',1,50,0,50),(1000852,'SERVICES','SERVICE',1,'Registration',1,50,0,50),(1000853,'SERVICES','SERVICE',1,'Appointment',1,200,0,200),(1000854,'SERVICES','SERVICE',1,'Appointment',1,500,-300,500),(1000855,'SERVICES','SERVICE',1,'Appointment',1,500,-300,500),(1000856,'SERVICES','SERVICE',1,'Appointment',1,200,0,200),(1000857,'SERVICES','SERVICE',1,'Appointment',1,500,-300,500),(1000858,'SERVICES','SERVICE',1,'Appointment',1,100,100,100),(1000859,'SERVICES','SERVICE',1,'Appointment',1,100,100,100),(1000860,'SERVICES','SERVICE',1,'Appointment',1,500,-300,500),(1000861,'SERVICES','SERVICE',1,'Registration',1,50,0,50),(1000862,'SERVICES','SERVICE',1,'Registration',1,50,0,50),(1000863,'SERVICES','SERVICE',1,'Appointment',1,200,0,200),(1000864,'SERVICES','SERVICE',1,'Registration',1,50,0,50),(1000865,'SERVICES','SERVICE',1,'Appointment',1,200,0,200),(1000866,'SERVICES','SERVICE',1,'HIVTest',1,500,0,500),(1000867,'SERVICES','SERVICE',1,'Complete Blood Picture',1,1200,0,1200),(1000868,'SERVICES','SERVICE',1,'HIVTest',1,500,0,500),(1000869,'SERVICES','SERVICE',1,'By Pass',1,25000,0,25000),(1000870,'SERVICES','SERVICE',1,'By Pass',1,25000,0,25000),(1000871,'SERVICES','SERVICE',1,'By Pass',1,25000,0,25000),(1000872,'SERVICES','SERVICE',1,'HIVTest',1,500,0,500),(1000873,'SERVICES','SERVICE',1,'HIVTest',1,500,0,500),(1000874,'SERVICES','SERVICE',1,'Complete Blood Picture',1,1200,0,1200),(1000875,'SERVICES','SERVICE',1,'Registration',1,50,0,50),(1000876,'SERVICES','SERVICE',1,'Registration',1,50,0,50),(1000877,'SERVICES','SERVICE',1,'Registration',1,50,0,50),(1000878,'SERVICES','SERVICE',1,'Registration',1,50,0,50),(1000879,'SERVICES','SERVICE',1,'Registration',1,50,0,50),(1000880,'SERVICES','SERVICE',1,'Registration',1,50,0,50),(1000881,'SERVICES','SERVICE',1,'Registration',1,50,0,50),(1000882,'SERVICES','SERVICE',1,'Appointment',1,500,-300,500),(1000885,'SERVICES','SERVICE',1,'Registration',1,50,0,50),(1000886,'SERVICES','SERVICE',1,'Appointment',1,200,0,200),(1000892,'SERVICES','SERVICE',1,'Appointment',1,500,-300,500),(1000893,'SERVICES','SERVICE',1,'Registration',1,50,0,50),(1000894,'SERVICES','SERVICE',1,'Appointment',1,500,-300,500),(1000895,'SERVICES','SERVICE',1,'Appointment',1,100,100,100),(1000896,'SERVICES','SERVICE',1,'Appointment',1,250,-50,250),(1000898,'SERVICES','SERVICE',1,'Appointment',1,250,-50,250);
/*!40000 ALTER TABLE `bill_item_details` ENABLE KEYS */;
UNLOCK TABLES;

--
-- Table structure for table `bill_process_event`
--

DROP TABLE IF EXISTS `bill_process_event`;
/*!40101 SET @saved_cs_client     = @@character_set_client */;
/*!40101 SET character_set_client = utf8 */;
CREATE TABLE `bill_process_event` (
  `event_sequence_nbr` bigint(20) NOT NULL AUTO_INCREMENT,
  `bill_nbr` bigint(20) NOT NULL,
  `event_status` varchar(1) COLLATE utf8_unicode_ci NOT NULL DEFAULT 'C',
  `event_creation_tm` datetime NOT NULL,
  `process_name` varchar(80) COLLATE utf8_unicode_ci NOT NULL,
  `last_modified_time` timestamp NOT NULL DEFAULT CURRENT_TIMESTAMP ON UPDATE CURRENT_TIMESTAMP,
  PRIMARY KEY (`event_sequence_nbr`),
  KEY `bill_nbr` (`bill_nbr`),
  KEY `process_name` (`process_name`),
  CONSTRAINT `bill_process_event_ibfk_1` FOREIGN KEY (`bill_nbr`) REFERENCES `bill_info` (`BILL_NBR`),
  CONSTRAINT `bill_process_event_ibfk_2` FOREIGN KEY (`process_name`) REFERENCES `bill_register` (`PROCESS_NAME`)
) ENGINE=InnoDB DEFAULT CHARSET=utf8 COLLATE=utf8_unicode_ci;
/*!40101 SET character_set_client = @saved_cs_client */;

--
-- Dumping data for table `bill_process_event`
--

LOCK TABLES `bill_process_event` WRITE;
/*!40000 ALTER TABLE `bill_process_event` DISABLE KEYS */;
/*!40000 ALTER TABLE `bill_process_event` ENABLE KEYS */;
UNLOCK TABLES;

--
-- Table structure for table `bill_process_routing`
--

DROP TABLE IF EXISTS `bill_process_routing`;
/*!40101 SET @saved_cs_client     = @@character_set_client */;
/*!40101 SET character_set_client = utf8 */;
CREATE TABLE `bill_process_routing` (
  `CLIENT_NAME` varchar(128) COLLATE utf8_unicode_ci NOT NULL,
  `PROCESS_NAME` varchar(128) COLLATE utf8_unicode_ci NOT NULL,
  `PROCESS_SEQ_NBR` int(11) NOT NULL,
  `OVERRIDE_IMPL_CLASS_NAME` varchar(512) COLLATE utf8_unicode_ci DEFAULT NULL,
  PRIMARY KEY (`CLIENT_NAME`,`PROCESS_NAME`),
  KEY `PROCESS_NAME` (`PROCESS_NAME`),
  CONSTRAINT `bill_process_routing_ibfk_1` FOREIGN KEY (`PROCESS_NAME`) REFERENCES `bill_register` (`PROCESS_NAME`)
) ENGINE=InnoDB DEFAULT CHARSET=utf8 COLLATE=utf8_unicode_ci;
/*!40101 SET character_set_client = @saved_cs_client */;

--
-- Dumping data for table `bill_process_routing`
--

LOCK TABLES `bill_process_routing` WRITE;
/*!40000 ALTER TABLE `bill_process_routing` DISABLE KEYS */;
INSERT INTO `bill_process_routing` VALUES ('DIR','ACCOUNTING',2,NULL),('DIR','SERVICES',1,NULL),('EMR','ACCOUNTING',2,NULL),('IPD','ACCOUNTING',3,NULL),('IPD','BED',2,NULL),('IPD','SERVICES',1,NULL),('OPD','ACCOUNTING',2,NULL),('OPD','SERVICES',1,NULL),('PAT','SERVICES',1,NULL),('PHA','PHARMACY',1,NULL);
/*!40000 ALTER TABLE `bill_process_routing` ENABLE KEYS */;
UNLOCK TABLES;

--
-- Table structure for table `bill_register`
--

DROP TABLE IF EXISTS `bill_register`;
/*!40101 SET @saved_cs_client     = @@character_set_client */;
/*!40101 SET character_set_client = utf8 */;
CREATE TABLE `bill_register` (
  `PROCESS_NAME` varchar(128) COLLATE utf8_unicode_ci NOT NULL,
  `CREATE_DETAILS_FLAG` varchar(1) COLLATE utf8_unicode_ci NOT NULL DEFAULT 'N',
  `SYNC_ASYNC_TYPE` varchar(1) COLLATE utf8_unicode_ci NOT NULL DEFAULT 'S',
  `ACTIVE_FLAG` varchar(1) COLLATE utf8_unicode_ci NOT NULL DEFAULT 'Y',
  `DISPLAY_SEQUENCE_NBR` int(11) NOT NULL,
  `DISPLAY_DESCRIPTION` varchar(512) COLLATE utf8_unicode_ci NOT NULL,
  `IMPL_CLASS_NAME` varchar(512) COLLATE utf8_unicode_ci NOT NULL,
  PRIMARY KEY (`PROCESS_NAME`)
) ENGINE=InnoDB DEFAULT CHARSET=utf8 COLLATE=utf8_unicode_ci;
/*!40101 SET character_set_client = @saved_cs_client */;

--
-- Dumping data for table `bill_register`
--

LOCK TABLES `bill_register` WRITE;
/*!40000 ALTER TABLE `bill_register` DISABLE KEYS */;
INSERT INTO `bill_register` VALUES ('ACCOUNTING','Y','S','Y',2,'Transaction and Account details','in.wtc.hcis.billing.process.AccountingProcessLightImpl'),('BED','Y','S','Y',2,'Bed Usage','in.wtc.hcis.billing.process.BedBillngProcessImpl'),('PHARMACY','Y','S','Y',4,'Pharmacy Information','in.wtc.hcis.billing.process.PharmacyProcessImpl'),('SERVICES','Y','S','Y',1,'Services billed','in.wtc.hcis.billing.process.ServiceProcessImpl');
/*!40000 ALTER TABLE `bill_register` ENABLE KEYS */;
UNLOCK TABLES;

--
-- Table structure for table `bill_setting`
--

DROP TABLE IF EXISTS `bill_setting`;
/*!40101 SET @saved_cs_client     = @@character_set_client */;
/*!40101 SET character_set_client = utf8 */;
CREATE TABLE `bill_setting` (
  `ATTR_NAME` varchar(128) COLLATE utf8_unicode_ci NOT NULL,
  `ATTR_VALUE` varchar(512) COLLATE utf8_unicode_ci NOT NULL,
  `DATA_TYPE` varchar(30) COLLATE utf8_unicode_ci NOT NULL,
  `ATTR_DESC` varchar(512) COLLATE utf8_unicode_ci DEFAULT NULL,
  PRIMARY KEY (`ATTR_NAME`)
) ENGINE=InnoDB DEFAULT CHARSET=utf8 COLLATE=utf8_unicode_ci;
/*!40101 SET character_set_client = @saved_cs_client */;

--
-- Dumping data for table `bill_setting`
--

LOCK TABLES `bill_setting` WRITE;
/*!40000 ALTER TABLE `bill_setting` DISABLE KEYS */;
INSERT INTO `bill_setting` VALUES ('BILL_DUE_DATE_PERIOD','7','INTEGER','The due date must be today plus the attribute value'),('CREATE_TRNSCT_DETAILS_FLAG','Y','STRING','This flag indicates whether transaction details need to be created or not'),('DUE_DATE_FROM_CALENDAR','N','STRING','The due date must be calculated based on the number of working days'),('DUPLICATE_BILL_PRINT_CHARGE','50','DOUBLE','The amount that must be charged from the patient, if he or she is asking for duplicate bill'),('EVALUATE_DEPOSIT_REFUND','Y','STRING','The value of Y for this field indicates that deposits must be evaluated'),('FREE_DUPLICATE_BILL_COUNT','1','INTEGER','This count indicates that the customer should not be charged, unless the duplicate bill count exceeds this value'),('INTEGRATED_ACCOUNTING','N','STRING',NULL);
/*!40000 ALTER TABLE `bill_setting` ENABLE KEYS */;
UNLOCK TABLES;

--
-- Table structure for table `blood_group`
--

DROP TABLE IF EXISTS `blood_group`;
/*!40101 SET @saved_cs_client     = @@character_set_client */;
/*!40101 SET character_set_client = utf8 */;
CREATE TABLE `blood_group` (
  `BLOOD_GROUP_CODE` varchar(5) COLLATE utf8_unicode_ci NOT NULL,
  `DESCRIPTION` varchar(45) COLLATE utf8_unicode_ci DEFAULT NULL,
  `ACTIVE` smallint(1) DEFAULT NULL,
  PRIMARY KEY (`BLOOD_GROUP_CODE`)
) ENGINE=InnoDB DEFAULT CHARSET=utf8 COLLATE=utf8_unicode_ci;
/*!40101 SET character_set_client = @saved_cs_client */;

--
-- Dumping data for table `blood_group`
--

LOCK TABLES `blood_group` WRITE;
/*!40000 ALTER TABLE `blood_group` DISABLE KEYS */;
INSERT INTO `blood_group` VALUES ('ABNEG','AB -ve',1),('ABPOS','AB +ve',1),('ANEG','A -ve',1),('APOS','A +ve',1),('BNEG','B -ve',1),('BPOS','B +ve',1),('ONEG','O -ve',1),('OPOS','O +ve',1);
/*!40000 ALTER TABLE `blood_group` ENABLE KEYS */;
UNLOCK TABLES;

--
-- Table structure for table `booking_type`
--

DROP TABLE IF EXISTS `booking_type`;
/*!40101 SET @saved_cs_client     = @@character_set_client */;
/*!40101 SET character_set_client = utf8 */;
CREATE TABLE `booking_type` (
  `BOOKING_TYPE_CODE` varchar(25) COLLATE utf8_unicode_ci NOT NULL,
  `DESCRIPTION` varchar(45) COLLATE utf8_unicode_ci DEFAULT NULL,
  `ACTIVE` smallint(1) DEFAULT NULL,
  PRIMARY KEY (`BOOKING_TYPE_CODE`)
) ENGINE=InnoDB DEFAULT CHARSET=utf8 COLLATE=utf8_unicode_ci;
/*!40101 SET character_set_client = @saved_cs_client */;

--
-- Dumping data for table `booking_type`
--

LOCK TABLES `booking_type` WRITE;
/*!40000 ALTER TABLE `booking_type` DISABLE KEYS */;
INSERT INTO `booking_type` VALUES ('EMAIL','E-mail',1),('PHONE','Phone',1),('WALK','Walk-In',1);
/*!40000 ALTER TABLE `booking_type` ENABLE KEYS */;
UNLOCK TABLES;

--
-- Table structure for table `brand`
--

DROP TABLE IF EXISTS `brand`;
/*!40101 SET @saved_cs_client     = @@character_set_client */;
/*!40101 SET character_set_client = utf8 */;
CREATE TABLE `brand` (
  `BRAND_CODE` varchar(25) COLLATE utf8_unicode_ci NOT NULL,
  `DESCRIPTION` varchar(45) COLLATE utf8_unicode_ci DEFAULT NULL,
  `ACTIVE` smallint(1) DEFAULT NULL,
  PRIMARY KEY (`BRAND_CODE`)
) ENGINE=InnoDB DEFAULT CHARSET=utf8 COLLATE=utf8_unicode_ci;
/*!40101 SET character_set_client = @saved_cs_client */;

--
-- Dumping data for table `brand`
--

LOCK TABLES `brand` WRITE;
/*!40000 ALTER TABLE `brand` DISABLE KEYS */;
INSERT INTO `brand` VALUES ('ALKE','Alkem laboratories',1),('AVEN','Aventis Pharma',1),('B19','Brand19',1),('BCX','Bcomplex',1),('brand20','Brand20',1),('NOVA','Novartis',1),('PFIZ','Pfizer',1),('RANB','Ranbaxy',1);
/*!40000 ALTER TABLE `brand` ENABLE KEYS */;
UNLOCK TABLES;

--
-- Table structure for table `business_rule`
--

DROP TABLE IF EXISTS `business_rule`;
/*!40101 SET @saved_cs_client     = @@character_set_client */;
/*!40101 SET character_set_client = utf8 */;
CREATE TABLE `business_rule` (
  `BUSINESS_RULE_CODE` varchar(56) COLLATE utf8_unicode_ci NOT NULL,
  `RULE_FOR_CODE` varchar(20) COLLATE utf8_unicode_ci NOT NULL,
  `RULE` longtext COLLATE utf8_unicode_ci,
  `ACTIVE` smallint(1) DEFAULT NULL,
  `VERSION` int(11) NOT NULL,
  PRIMARY KEY (`BUSINESS_RULE_CODE`,`RULE_FOR_CODE`)
) ENGINE=InnoDB DEFAULT CHARSET=utf8 COLLATE=utf8_unicode_ci;
/*!40101 SET character_set_client = @saved_cs_client */;

--
-- Dumping data for table `business_rule`
--

LOCK TABLES `business_rule` WRITE;
/*!40000 ALTER TABLE `business_rule` DISABLE KEYS */;
/*!40000 ALTER TABLE `business_rule` ENABLE KEYS */;
UNLOCK TABLES;

--
-- Table structure for table `change_reason`
--

DROP TABLE IF EXISTS `change_reason`;
/*!40101 SET @saved_cs_client     = @@character_set_client */;
/*!40101 SET character_set_client = utf8 */;
CREATE TABLE `change_reason` (
  `CHANGE_REASON_CODE` varchar(25) COLLATE utf8_unicode_ci NOT NULL,
  `DESCRIPTION` varchar(45) COLLATE utf8_unicode_ci DEFAULT NULL,
  `ACTIVE` smallint(1) DEFAULT NULL,
  PRIMARY KEY (`CHANGE_REASON_CODE`)
) ENGINE=InnoDB DEFAULT CHARSET=utf8 COLLATE=utf8_unicode_ci;
/*!40101 SET character_set_client = @saved_cs_client */;

--
-- Dumping data for table `change_reason`
--

LOCK TABLES `change_reason` WRITE;
/*!40000 ALTER TABLE `change_reason` DISABLE KEYS */;
INSERT INTO `change_reason` VALUES ('LOGIN_FAILED','Multiple login failed',1),('MULTIPLE_CANCELLATION','Multiple appointments cancelled for a month',1),('REGISTRATION_FEES_UNPAID','Registration fees not paid',1);
/*!40000 ALTER TABLE `change_reason` ENABLE KEYS */;
UNLOCK TABLES;

--
-- Table structure for table `claim_document`
--

DROP TABLE IF EXISTS `claim_document`;
/*!40101 SET @saved_cs_client     = @@character_set_client */;
/*!40101 SET character_set_client = utf8 */;
CREATE TABLE `claim_document` (
  `REQUEST_SEQUENCE_NBR` bigint(20) NOT NULL,
  `DOCUMENT_NAME` varchar(45) NOT NULL,
  `CREATE_DTM` timestamp NOT NULL DEFAULT CURRENT_TIMESTAMP,
  `DOCUMENT_PATH` varchar(256) DEFAULT NULL,
  `CREATED_BY` varchar(25) DEFAULT NULL,
  `VERSION` int(11) NOT NULL,
  PRIMARY KEY (`REQUEST_SEQUENCE_NBR`,`CREATE_DTM`,`DOCUMENT_NAME`),
  KEY `CLAIM_DOCUMENT_REQUEST_SEQUENCE_NBR_FK` (`REQUEST_SEQUENCE_NBR`),
  CONSTRAINT `claim_document_ibfk_1` FOREIGN KEY (`REQUEST_SEQUENCE_NBR`) REFERENCES `admission_claim_request` (`REQUEST_SEQUENCE_NBR`)
) ENGINE=InnoDB DEFAULT CHARSET=latin1;
/*!40101 SET character_set_client = @saved_cs_client */;

--
-- Dumping data for table `claim_document`
--

LOCK TABLES `claim_document` WRITE;
/*!40000 ALTER TABLE `claim_document` DISABLE KEYS */;
/*!40000 ALTER TABLE `claim_document` ENABLE KEYS */;
UNLOCK TABLES;

--
-- Table structure for table `claim_sponsor`
--

DROP TABLE IF EXISTS `claim_sponsor`;
/*!40101 SET @saved_cs_client     = @@character_set_client */;
/*!40101 SET character_set_client = utf8 */;
CREATE TABLE `claim_sponsor` (
  `SPONSORS_NAME` varchar(80) NOT NULL,
  `SPONSOR_DESC` varchar(512) DEFAULT NULL,
  `SPONSOR_TYPE_CD` varchar(30) NOT NULL,
  `ACCOUNT_NUMBER` varchar(30) DEFAULT NULL,
  `CREDIT_CLASS_CD` varchar(30) DEFAULT NULL,
  `CONTACT_CODE` int(11) NOT NULL,
  `CREATED_BY` varchar(35) NOT NULL,
  `CREATED_DTM` timestamp NOT NULL DEFAULT CURRENT_TIMESTAMP,
  `LAST_MODIFIED_BY` varchar(30) DEFAULT NULL,
  `MODIFIED_DTM` timestamp NULL DEFAULT NULL,
  `VERSION` int(11) NOT NULL,
  PRIMARY KEY (`SPONSORS_NAME`),
  KEY `CS_SPONSOR_TYPE_CD_FK` (`SPONSOR_TYPE_CD`),
  KEY `CS_CREDIT_CLASS_CD_FK` (`CREDIT_CLASS_CD`),
  KEY `CS_CONTACT_CODE_FK` (`CONTACT_CODE`),
  CONSTRAINT `CS_CREDIT_CLASS_CD_FK` FOREIGN KEY (`CREDIT_CLASS_CD`) REFERENCES `credit_class` (`CREDIT_CLASS_CD`) ON DELETE NO ACTION ON UPDATE NO ACTION,
  CONSTRAINT `CS_SPONSOR_TYPE_CD_FK` FOREIGN KEY (`SPONSOR_TYPE_CD`) REFERENCES `sponsor_type` (`SPONSOR_TYPE_CD`) ON DELETE NO ACTION ON UPDATE NO ACTION
) ENGINE=InnoDB DEFAULT CHARSET=latin1;
/*!40101 SET character_set_client = @saved_cs_client */;

--
-- Dumping data for table `claim_sponsor`
--

LOCK TABLES `claim_sponsor` WRITE;
/*!40000 ALTER TABLE `claim_sponsor` DISABLE KEYS */;
INSERT INTO `claim_sponsor` VALUES ('Max Life Insurance','Max Life Insurance Pvt Ltd','SELF','1000254',NULL,332,'Bhavesh ','2010-07-19 10:41:47','Bhavesh ','2010-09-30 06:14:32',1);
/*!40000 ALTER TABLE `claim_sponsor` ENABLE KEYS */;
UNLOCK TABLES;

--
-- Table structure for table `claim_sponsor_sla`
--

DROP TABLE IF EXISTS `claim_sponsor_sla`;
/*!40101 SET @saved_cs_client     = @@character_set_client */;
/*!40101 SET character_set_client = utf8 */;
CREATE TABLE `claim_sponsor_sla` (
  `SPONSOR_NAME` varchar(80) NOT NULL,
  `ACTIVITY_TYPE_CD` varchar(30) NOT NULL,
  `SLA_PERIOD` double NOT NULL,
  `PERIOD_UNIT` varchar(20) NOT NULL,
  `VERSION` int(11) NOT NULL,
  PRIMARY KEY (`SPONSOR_NAME`,`ACTIVITY_TYPE_CD`),
  KEY `CLAIM_SPONSOR_SLA_SPONSOR_NAME_FK` (`SPONSOR_NAME`),
  KEY `CLAIM_SPONSOR_SLA_ACTIVITY_TYPE_CD_FK` (`ACTIVITY_TYPE_CD`),
  CONSTRAINT `claim_sponsor_sla_ibfk_2` FOREIGN KEY (`ACTIVITY_TYPE_CD`) REFERENCES `activity_type` (`ACTIVITY_TYPE_CD`),
  CONSTRAINT `claim_sponsor_sla_ibfk_3` FOREIGN KEY (`SPONSOR_NAME`) REFERENCES `claim_sponsor` (`SPONSORS_NAME`)
) ENGINE=InnoDB DEFAULT CHARSET=latin1;
/*!40101 SET character_set_client = @saved_cs_client */;

--
-- Dumping data for table `claim_sponsor_sla`
--

LOCK TABLES `claim_sponsor_sla` WRITE;
/*!40000 ALTER TABLE `claim_sponsor_sla` DISABLE KEYS */;
INSERT INTO `claim_sponsor_sla` VALUES ('Max Life Insurance','CLM_REQ_PARTAPPROVED',15,'Days',0);
/*!40000 ALTER TABLE `claim_sponsor_sla` ENABLE KEYS */;
UNLOCK TABLES;

--
-- Table structure for table `contact_details`
--

DROP TABLE IF EXISTS `contact_details`;
/*!40101 SET @saved_cs_client     = @@character_set_client */;
/*!40101 SET character_set_client = utf8 */;
CREATE TABLE `contact_details` (
  `CONTACT_CODE` int(11) NOT NULL AUTO_INCREMENT,
  `SALUATION_CODE` varchar(6) COLLATE utf8_unicode_ci DEFAULT NULL,
  `FIRST_NAME` varchar(45) COLLATE utf8_unicode_ci DEFAULT NULL,
  `MIDDLE_NAME` varchar(45) COLLATE utf8_unicode_ci DEFAULT NULL,
  `LAST_NAME` varchar(45) COLLATE utf8_unicode_ci DEFAULT NULL,
  `GENDER_CODE` varchar(6) COLLATE utf8_unicode_ci DEFAULT NULL,
  `ADDRESS_LINE1` varchar(225) COLLATE utf8_unicode_ci DEFAULT NULL,
  `ADDRESS_LINE2` varchar(225) COLLATE utf8_unicode_ci DEFAULT NULL,
  `CITY` varchar(45) COLLATE utf8_unicode_ci DEFAULT NULL,
  `COUNTRY_CODE` varchar(10) COLLATE utf8_unicode_ci DEFAULT NULL,
  `STATE_CODE` varchar(10) COLLATE utf8_unicode_ci DEFAULT NULL,
  `PINCODE` varchar(45) COLLATE utf8_unicode_ci DEFAULT NULL,
  `CONTACT_NUMBER` varchar(45) COLLATE utf8_unicode_ci DEFAULT NULL,
  `MOBILE_NUMBER` varchar(45) COLLATE utf8_unicode_ci DEFAULT NULL,
  `FAX_NUMBER` varchar(45) COLLATE utf8_unicode_ci DEFAULT NULL,
  `EMAIL` varchar(45) COLLATE utf8_unicode_ci DEFAULT NULL,
  `STAY_DURATION` varchar(20) COLLATE utf8_unicode_ci DEFAULT NULL,
  `RELATION_CODE` varchar(10) COLLATE utf8_unicode_ci DEFAULT NULL,
  `CREATE_DTM` datetime DEFAULT NULL,
  `CREATED_BY` varchar(45) COLLATE utf8_unicode_ci DEFAULT NULL,
  `MODIFIED_DTM` datetime DEFAULT NULL,
  `MODIFIED_BY` varchar(45) COLLATE utf8_unicode_ci DEFAULT NULL,
  `VERSION` int(11) NOT NULL,
  PRIMARY KEY (`CONTACT_CODE`),
  KEY `Contact_Details_Relation_Code_FK` (`RELATION_CODE`),
  KEY `Contact_Details_State_Code_FK` (`STATE_CODE`,`COUNTRY_CODE`),
  KEY `Contact_Details_Saluation_Code_FK` (`SALUATION_CODE`),
  KEY `Contact_Details_Gender_Code_FK` (`GENDER_CODE`),
  CONSTRAINT `contact_details_ibfk_1` FOREIGN KEY (`SALUATION_CODE`) REFERENCES `saluation` (`SALUATION_CODE`),
  CONSTRAINT `contact_details_ibfk_2` FOREIGN KEY (`GENDER_CODE`) REFERENCES `gender` (`GENDER_CODE`),
  CONSTRAINT `contact_details_ibfk_4` FOREIGN KEY (`RELATION_CODE`) REFERENCES `relation` (`RELATION_CODE`)
) ENGINE=InnoDB AUTO_INCREMENT=588 DEFAULT CHARSET=utf8 COLLATE=utf8_unicode_ci;
/*!40101 SET character_set_client = @saved_cs_client */;

--
-- Dumping data for table `contact_details`
--

LOCK TABLES `contact_details` WRITE;
/*!40000 ALTER TABLE `contact_details` DISABLE KEYS */;
INSERT INTO `contact_details` VALUES (1,'MR','Rakesh','','',NULL,NULL,'','','208','1000002','','','','','','',NULL,'2010-04-02 18:47:27','ajit kumar',NULL,NULL,0),(233,NULL,NULL,NULL,NULL,NULL,'45','BanjaraHills','Hyderabad','208','1000001',NULL,'+91-7868-223583','9542364010','223583','Religare@gmail.com',NULL,NULL,NULL,NULL,NULL,NULL,0),(234,NULL,NULL,NULL,NULL,NULL,'','','','208','1000006',NULL,'','','','',NULL,NULL,NULL,NULL,NULL,NULL,2),(244,NULL,NULL,NULL,NULL,NULL,'','','','208','1000008',NULL,'','','','',NULL,NULL,NULL,NULL,NULL,NULL,1),(253,'DR','Tanmay','Kumar','sahu',NULL,NULL,'St-50','Hyderabad','208','1000001','500050','+91-07868-223583','+91-9542364010','223583','tanmay-007@gmail.com','5 years',NULL,'2010-05-20 18:04:00','ajit kumar',NULL,NULL,0),(254,'DR','Tanmay','Kumar','sahu',NULL,NULL,'St-50','Hyderabad','208','1000001','500050','+91-07868-223583','+91-9542364010','223583','tanmay-007@gmail.com','5 years',NULL,'2010-05-20 18:04:00','ajit kumar',NULL,NULL,0),(255,'MS','Vanay','kumar','sharma','MALE',NULL,'St-50','Hyderabad','208','1000001','500050','+91-7868-223583','+91-9542364010','','','5 years','FRIEND','2010-05-20 18:04:00','ajit kumar',NULL,NULL,0),(256,'MR','Vipul','kumar','chandra','MALE',NULL,'St 007','hyderabad','208','1000001','500012','07868223583','09542364010','223583','vipul@gmail.com','',NULL,'2010-05-20 18:20:25','ajit kumar','2010-06-22 08:12:00',NULL,10),(257,'MR','Vipul','kumar','chandra','MALE',NULL,'St 007','hyderabad','208','1000001','500012','07868223583','9542364010','223583','vipul@gmail.com','',NULL,'2010-05-20 18:20:25','ajit kumar','2010-06-22 08:12:00',NULL,10),(258,NULL,'Sandeep','Kumar','',NULL,NULL,'Malaysian Township','Hyderabad','208','1000001','500072','','','','sandeep.kumar@walkingtree.in','1 year',NULL,'2010-05-20 20:32:16','ajit kumar','2010-06-22 06:32:13',NULL,2),(259,NULL,'Sandeep','Kumar','',NULL,NULL,'Malaysian Township','Hyderabad','208','1000001','500072','','','','sandeep.kumar@walkingtree.in','1 year',NULL,'2010-05-20 20:32:16','ajit kumar','2010-06-22 06:32:13',NULL,2),(260,NULL,'Vinay','','',NULL,NULL,'','','208',NULL,'','','','','','',NULL,'2010-05-20 20:36:26','ajit kumar','2010-06-03 17:50:54',NULL,2),(261,NULL,'Vinay','','',NULL,NULL,'','',NULL,NULL,'','','','','','',NULL,'2010-05-20 20:36:26','ajit kumar','2010-06-03 17:50:54',NULL,2),(262,'MR','Vikas','','',NULL,NULL,'','','208',NULL,'','','','','','',NULL,'2010-05-20 22:36:17','ajit kumar','2010-06-03 18:51:46',NULL,5),(263,'MR','Vikas','','',NULL,NULL,'','','208',NULL,'','','','','','',NULL,'2010-05-20 22:36:17','ajit kumar','2010-06-03 18:51:46',NULL,5),(264,'MS','Rani','','sinha','FEMALE',NULL,'','','208',NULL,'','','','','','',NULL,'2010-05-20 23:26:04','ajit kumar','2010-06-22 07:02:29',NULL,5),(265,'MS','Rani','','sinha','FEMALE',NULL,'','',NULL,NULL,'','','','','','',NULL,'2010-05-20 23:26:04','ajit kumar','2010-06-22 07:02:29',NULL,5),(266,NULL,'Ravish','','',NULL,NULL,'','','208',NULL,'','','','','','',NULL,'2010-05-21 00:39:31','ajit kumar',NULL,NULL,0),(267,NULL,'Ravish','','',NULL,NULL,'','',NULL,NULL,'','','','','','',NULL,'2010-05-21 00:39:31','ajit kumar',NULL,NULL,0),(270,'MR','Sagar','kumar','sharma','MALE',NULL,'','','208',NULL,'','','','','','',NULL,'2010-05-23 18:58:27','ajit kumar','2010-06-22 06:57:10',NULL,3),(271,'MR','Sagar','kumar','sharma','MALE',NULL,'','',NULL,NULL,'','','','','','',NULL,'2010-05-23 18:58:27','ajit kumar','2010-06-22 06:57:10',NULL,3),(283,NULL,NULL,NULL,NULL,NULL,'','','','208','',NULL,'','','','',NULL,NULL,NULL,NULL,NULL,NULL,3),(284,'MR','Ajay','Kumar','Sinha','MALE',NULL,'','','208','1000001','','','','','','',NULL,'2010-05-25 15:58:12','Alok Ranjan','2010-06-22 06:56:37',NULL,1),(285,'MR','Ajay','Kumar','Sinha','MALE',NULL,'','','208','1000001','','','','','','',NULL,'2010-05-25 15:58:12','Alok Ranjan','2010-06-22 06:56:37',NULL,1),(286,'MR','Ramanad','k','Shastri','MALE',NULL,'','','208','1000033','','','','','','',NULL,'2010-06-01 16:13:59','ajit kumar',NULL,NULL,0),(287,'MR','Ramanad','k','Shastri','MALE',NULL,'','',NULL,NULL,'','','','','','',NULL,'2010-06-01 16:13:59','ajit kumar',NULL,NULL,0),(288,NULL,'Bhavesh','','',NULL,NULL,'','','208',NULL,'','','','','','',NULL,'2010-06-02 14:43:54','ajit kumar',NULL,NULL,0),(289,NULL,'Bhavesh','','',NULL,NULL,'','',NULL,NULL,'','','','','','',NULL,'2010-06-02 14:43:54','ajit kumar',NULL,NULL,0),(292,'MR','Mohan','','',NULL,NULL,'','','208',NULL,'','','','','','',NULL,'2010-06-03 18:15:17','Bhavesh ',NULL,NULL,0),(293,'MR','Mohan','','',NULL,NULL,'','',NULL,NULL,'','','','','','',NULL,'2010-06-03 18:15:17','Bhavesh ',NULL,NULL,0),(294,'MRS','Meena','','',NULL,NULL,'','','208',NULL,'','','','','','',NULL,'2010-06-03 18:20:01','Bhavesh ',NULL,NULL,0),(295,'MRS','Meena','','',NULL,NULL,'','',NULL,NULL,'','','','','','',NULL,'2010-06-03 18:20:01','Bhavesh ',NULL,NULL,0),(296,'MR','Vinay','','',NULL,NULL,'','','208',NULL,'','','','','','',NULL,'2010-06-03 18:22:52','Bhavesh ','2010-06-03 19:12:28',NULL,2),(297,'MR','Vinay','','',NULL,NULL,'','',NULL,NULL,'','','','','','',NULL,'2010-06-03 18:22:52','Bhavesh ','2010-06-03 19:12:28',NULL,2),(298,'MR','Ramesh','k','Ahuja',NULL,NULL,'','','208','1000010','','','',NULL,NULL,NULL,NULL,'2010-06-15 15:44:46','ajit kumar',NULL,NULL,0),(299,'MR','Ramesh','k','Ahuja',NULL,NULL,'','','208','1000010','','','',NULL,NULL,NULL,NULL,'2010-06-15 15:44:46','ajit kumar',NULL,NULL,0),(302,'MR','Shatish','','',NULL,NULL,'','','208',NULL,'','','','','','',NULL,'2010-06-15 17:46:16','ajit kumar',NULL,NULL,0),(303,'MR','Shatish','','',NULL,NULL,'','',NULL,NULL,'','','','','','',NULL,'2010-06-15 17:46:16','ajit kumar',NULL,NULL,0),(304,'MR','Subba','K','Rao','MALE',NULL,NULL,NULL,NULL,NULL,NULL,'40201991','9892382939','0404040402','subba@sbi.in',NULL,NULL,'2010-06-15 18:13:27','ajit kumar',NULL,NULL,0),(305,'MR','Venkat','K','Mangipudi','MALE',NULL,NULL,NULL,'208',NULL,NULL,'020930223','92839287349','','venkat@sbi-insurance.in',NULL,NULL,'2010-06-15 18:15:03','ajit kumar',NULL,NULL,0),(306,'MR','Somnath','K','Chattarjee','MALE',NULL,NULL,NULL,'208',NULL,NULL,'23487283','9829382377','234532343','somnath@phs.co.in',NULL,NULL,'2010-06-16 08:01:27','ajit kumar',NULL,NULL,0),(309,'MR','Sohan','Kumar','Raj',NULL,NULL,'','','208',NULL,'','','',NULL,NULL,NULL,NULL,'2010-06-17 14:35:02','Bhavesh ',NULL,NULL,0),(310,'MR','Sohan','Kumar','Raj',NULL,NULL,'','','208',NULL,'','','',NULL,NULL,NULL,NULL,'2010-06-17 14:35:02','Bhavesh ',NULL,NULL,0),(313,'MR','Piyush','Kumar','Jain',NULL,NULL,'','','208',NULL,'','','','','','',NULL,'2010-06-18 04:09:08','ajit kumar',NULL,NULL,0),(314,'MR','Piyush','Kumar','Jain',NULL,NULL,'','',NULL,NULL,'','','','','','',NULL,'2010-06-18 04:09:08','ajit kumar',NULL,NULL,0),(315,'MR','Mohammed','','Janib','MALE',NULL,'','','208',NULL,'','','','','','',NULL,'2010-06-18 10:40:13','ajit kumar','2010-06-26 18:06:39',NULL,6),(316,'MR','Mohammed','','Janib','MALE',NULL,'','',NULL,NULL,'','','','','','',NULL,'2010-06-18 10:40:13','ajit kumar','2010-06-26 18:06:39',NULL,6),(317,'DR','Deepak','K','Lavania',NULL,NULL,'Adarsh Nagar','Agra','208','1000033','','','','','','',NULL,'2010-06-23 07:39:37','Bhavesh ',NULL,NULL,0),(318,'DR','Deepak','K','Lavania',NULL,NULL,'Adarsh Nagar','Agra','208','1000033','','','','','','',NULL,'2010-06-23 07:39:37','Bhavesh ',NULL,NULL,0),(319,'DR','Mukesh','','Ambani',NULL,NULL,'','','208','1000001','','','','','','',NULL,'2010-06-28 14:22:53','Bhavesh ',NULL,NULL,0),(320,'DR','Mukesh','','Ambani',NULL,NULL,'','',NULL,NULL,'','','','','','',NULL,'2010-06-28 14:22:53','Bhavesh ',NULL,NULL,0),(321,'MR','Srinivasa','Rao','Yenuganti','MALE',NULL,'','Hyderabad','208','1000001','','+91405895678','','+91405895678','srinu@gmail.com','',NULL,'2010-07-19 15:47:41','ajit kumar','2010-07-20 08:57:52',NULL,1),(322,'MR','Srinivasa','Rao','Yenuganti','MALE',NULL,'','Hyderabad','208','1000001','','+91405895678','','+91405895678','srinu@gmail.com','',NULL,'2010-07-19 15:47:41','ajit kumar','2010-07-20 08:57:52',NULL,1),(325,'MR','Venkata','Rao','Pulikam','MALE',NULL,'Repalle','Guntur','208','1000001','574389','+91403456789','9987305197','+91403456789','venky@gmail.com','5',NULL,'2010-07-19 15:55:30','ajit kumar','2010-07-19 16:07:44',NULL,1),(326,'MR','Venkata','Rao','Pulikam','MALE',NULL,'Repalle','Guntur','208','1000001','574389','+91403456789','9987305197','+91403456789','venky@gmail.com','5',NULL,'2010-07-19 15:55:30','ajit kumar','2010-07-19 16:07:44',NULL,1),(327,NULL,'Uma','','',NULL,NULL,'','','208',NULL,'','','','','','',NULL,'2010-07-19 15:59:17','Bhavesh ','2010-07-19 16:37:42',NULL,1),(328,NULL,'Uma','','',NULL,NULL,'','',NULL,NULL,'','','','','','',NULL,'2010-07-19 15:59:17','Bhavesh ','2010-07-19 16:37:42',NULL,1),(331,'MR','Dharani','','','MALE',NULL,NULL,NULL,NULL,NULL,NULL,'9807654321','','','dharani@max.com',NULL,NULL,'2010-07-19 16:11:47','Bhavesh ',NULL,NULL,1),(332,NULL,'Dharani','','',NULL,NULL,NULL,NULL,'208',NULL,NULL,'9807654321','','','dharani@max.com',NULL,NULL,'2010-07-19 16:11:47','Bhavesh ',NULL,NULL,0),(333,NULL,'Ramesh','','',NULL,NULL,'','','208',NULL,'','','','','','',NULL,'2010-07-20 19:11:26','Bhavesh ',NULL,NULL,0),(334,NULL,'Ramesh','','',NULL,NULL,'','',NULL,NULL,'','','','','','',NULL,'2010-07-20 19:11:26','Bhavesh ',NULL,NULL,0),(338,'MASTER','Siva','','',NULL,NULL,'','','208',NULL,'','','','','','',NULL,'2010-07-19 17:13:45','Bhavesh ','2010-07-20 09:32:01',NULL,2),(339,'MASTER','Siva','','',NULL,NULL,'','','208',NULL,'','','','','','',NULL,'2010-07-19 17:13:45','Bhavesh ','2010-07-20 09:32:01',NULL,2),(340,'MASTER','chetana','','',NULL,NULL,'','','208',NULL,'','','',NULL,NULL,NULL,NULL,'2010-07-22 12:55:44','Bhavesh ',NULL,NULL,0),(341,'MASTER','chetana','','',NULL,NULL,'','','208',NULL,'','','',NULL,NULL,NULL,NULL,'2010-07-22 12:55:44','Bhavesh ',NULL,NULL,0),(342,'MASTER','chetana','','',NULL,NULL,'','','208',NULL,'','','',NULL,NULL,NULL,NULL,'2010-07-22 12:59:57','Bhavesh ',NULL,NULL,0),(343,'MASTER','chetana','','',NULL,NULL,'','','208',NULL,'','','',NULL,NULL,NULL,NULL,'2010-07-22 12:59:57','Bhavesh ',NULL,NULL,0),(344,NULL,'harita','','',NULL,NULL,'','','208',NULL,'','','',NULL,NULL,NULL,NULL,'2010-07-22 13:16:53','Bhavesh ',NULL,NULL,0),(345,NULL,'harita','','',NULL,NULL,'','','208',NULL,'','','',NULL,NULL,NULL,NULL,'2010-07-22 13:16:53','Bhavesh ',NULL,NULL,0),(346,NULL,'Madhavi','','',NULL,NULL,'','','208',NULL,'','','','','','',NULL,'2010-07-22 13:47:37','Bhavesh ',NULL,NULL,0),(347,NULL,'Madhavi','','',NULL,NULL,'','',NULL,NULL,'','','','','','',NULL,'2010-07-22 13:47:37','Bhavesh ',NULL,NULL,0),(348,NULL,'Mahima','','',NULL,NULL,'','','208',NULL,'','','','','','',NULL,'2010-07-22 13:50:33','Bhavesh ',NULL,NULL,0),(349,NULL,'Mahima','','',NULL,NULL,'','',NULL,NULL,'','','','','','',NULL,'2010-07-22 13:50:33','Bhavesh ',NULL,NULL,0),(350,NULL,'kavitha','','',NULL,NULL,'','','208',NULL,'','','','','','',NULL,'2010-07-22 13:57:32','Bhavesh ',NULL,NULL,0),(351,NULL,'kavitha','','',NULL,NULL,'','',NULL,NULL,'','','','','','',NULL,'2010-07-22 13:57:32','Bhavesh ',NULL,NULL,0),(352,NULL,'mahima','','',NULL,NULL,'','','208',NULL,'','','','','','',NULL,'2010-07-22 14:00:26','Bhavesh ',NULL,NULL,0),(353,NULL,'mahima','','',NULL,NULL,'','',NULL,NULL,'','','','','','',NULL,'2010-07-22 14:00:26','Bhavesh ',NULL,NULL,0),(354,NULL,'purnima','','',NULL,NULL,'','','208',NULL,'','','','','','',NULL,'2010-07-22 14:02:33','Bhavesh ',NULL,NULL,0),(355,NULL,'purnima','','',NULL,NULL,'','',NULL,NULL,'','','','','','',NULL,'2010-07-22 14:02:33','Bhavesh ',NULL,NULL,0),(356,NULL,'sreedhar','','',NULL,NULL,'','','208',NULL,'','','','','','',NULL,'2010-07-22 15:14:02','Bhavesh ',NULL,NULL,0),(357,NULL,'sreedhar','','',NULL,NULL,'','',NULL,NULL,'','','','','','',NULL,'2010-07-22 15:14:02','Bhavesh ',NULL,NULL,0),(358,NULL,'Ravi','','',NULL,NULL,'','','208',NULL,'','','','','','',NULL,'2010-07-22 15:18:50','Bhavesh ',NULL,NULL,0),(359,NULL,'Ravi','','',NULL,NULL,'','',NULL,NULL,'','','','','','',NULL,'2010-07-22 15:18:50','Bhavesh ',NULL,NULL,0),(360,NULL,'radha','','',NULL,NULL,'','','208',NULL,'','','','','','',NULL,'2010-07-22 15:40:38','Bhavesh ',NULL,NULL,0),(361,NULL,'radha','','',NULL,NULL,'','',NULL,NULL,'','','','','','',NULL,'2010-07-22 15:40:38','Bhavesh ',NULL,NULL,0),(364,'MR','Phani','','',NULL,NULL,'','','208',NULL,'','','','','','',NULL,'2010-08-21 11:34:19','Bhavesh ',NULL,NULL,0),(365,'MR','Phani','','',NULL,NULL,'','',NULL,NULL,'','','','','','',NULL,'2010-08-21 11:34:19','Bhavesh ',NULL,NULL,0),(366,'MR','Manohar','','',NULL,NULL,'','','208',NULL,'','','','','','',NULL,'2010-08-21 11:39:43','Bhavesh ',NULL,NULL,0),(367,'MR','Manohar','','',NULL,NULL,'','',NULL,NULL,'','','','','','',NULL,'2010-08-21 11:39:43','Bhavesh ',NULL,NULL,0),(368,NULL,'Siva ','','',NULL,NULL,'','','208',NULL,'','','','','','',NULL,'2010-08-21 11:41:57','Bhavesh ',NULL,NULL,0),(369,NULL,'Siva ','','',NULL,NULL,'','',NULL,NULL,'','','','','','',NULL,'2010-08-21 11:41:57','Bhavesh ',NULL,NULL,0),(370,NULL,'Rakesh','','',NULL,NULL,'','','208',NULL,'','','','','','',NULL,'2010-08-21 11:43:14','Bhavesh ',NULL,NULL,0),(371,NULL,'Rakesh','','',NULL,NULL,'','',NULL,NULL,'','','','','','',NULL,'2010-08-21 11:43:14','Bhavesh ',NULL,NULL,0),(372,NULL,'Rohan','','',NULL,NULL,'','','208',NULL,'','','','','','',NULL,'2010-08-21 11:45:19','Bhavesh ',NULL,NULL,0),(373,NULL,'Rohan','','',NULL,NULL,'','',NULL,NULL,'','','','','','',NULL,'2010-08-21 11:45:19','Bhavesh ',NULL,NULL,0),(374,NULL,'Sameer','','',NULL,NULL,'','','208',NULL,'','','','','','',NULL,'2010-08-21 11:46:10','Bhavesh ',NULL,NULL,0),(375,NULL,'Sameer','','',NULL,NULL,'','',NULL,NULL,'','','','','','',NULL,'2010-08-21 11:46:10','Bhavesh ',NULL,NULL,0),(376,NULL,'Rajesh ','','',NULL,NULL,'','','208',NULL,'','','','','','',NULL,'2010-08-21 11:52:27','Bhavesh ',NULL,NULL,0),(377,NULL,'Rajesh ','','',NULL,NULL,'','',NULL,NULL,'','','','','','',NULL,'2010-08-21 11:52:27','Bhavesh ',NULL,NULL,0),(378,NULL,'Rehana','','',NULL,NULL,'','','208',NULL,'','','','','','',NULL,'2010-08-21 11:55:50','Bhavesh ',NULL,NULL,0),(379,NULL,'Rehana','','',NULL,NULL,'','',NULL,NULL,'','','','','','',NULL,'2010-08-21 11:55:50','Bhavesh ',NULL,NULL,0),(380,'MR','Sunil','','',NULL,NULL,'','','208',NULL,'','','','','','',NULL,'2010-08-21 12:23:22','Bhavesh ',NULL,NULL,0),(381,'MR','Sunil','','',NULL,NULL,'','',NULL,NULL,'','','','','','',NULL,'2010-08-21 12:23:22','Bhavesh ',NULL,NULL,0),(382,NULL,'Ravinder','','',NULL,NULL,'','','208',NULL,'','','','','','',NULL,'2010-08-21 12:26:36','Bhavesh ',NULL,NULL,0),(383,NULL,'Ravinder','','',NULL,NULL,'','',NULL,NULL,'','','','','','',NULL,'2010-08-21 12:26:36','Bhavesh ',NULL,NULL,0),(384,NULL,'Madhu','','',NULL,NULL,'','','208',NULL,'','','','','','',NULL,'2010-08-21 12:37:29','Bhavesh ',NULL,NULL,0),(385,NULL,'Madhu','','',NULL,NULL,'','',NULL,NULL,'','','','','','',NULL,'2010-08-21 12:37:29','Bhavesh ',NULL,NULL,0),(386,NULL,'Manmohan','','',NULL,NULL,'','','208',NULL,'','','','','','',NULL,'2010-08-21 12:41:55','Bhavesh ',NULL,NULL,0),(387,NULL,'Manmohan','','',NULL,NULL,'','',NULL,NULL,'','','','','','',NULL,'2010-08-21 12:41:55','Bhavesh ',NULL,NULL,0),(388,NULL,'Madhusudan','','',NULL,NULL,'','','208',NULL,'','','','','','',NULL,'2010-08-21 12:43:41','Bhavesh ',NULL,NULL,0),(389,NULL,'Madhusudan','','',NULL,NULL,'','',NULL,NULL,'','','','','','',NULL,'2010-08-21 12:43:41','Bhavesh ',NULL,NULL,0),(390,NULL,'Ujjwal','','',NULL,NULL,'','','208',NULL,'','','','','','',NULL,'2010-08-21 12:44:40','Bhavesh ',NULL,NULL,0),(391,NULL,'Ujjwal','','',NULL,NULL,'','',NULL,NULL,'','','','','','',NULL,'2010-08-21 12:44:40','Bhavesh ',NULL,NULL,0),(392,NULL,'Suman','','',NULL,NULL,'','','208',NULL,'','','','','','',NULL,'2010-08-21 12:51:11','Bhavesh ',NULL,NULL,0),(393,NULL,'Suman','','',NULL,NULL,'','',NULL,NULL,'','','','','','',NULL,'2010-08-21 12:51:11','Bhavesh ',NULL,NULL,0),(394,NULL,'Rajesh','','',NULL,NULL,'','','208',NULL,'','','','','','',NULL,'2010-08-21 12:55:35','Bhavesh ',NULL,NULL,0),(395,NULL,'Rajesh','','',NULL,NULL,'','',NULL,NULL,'','','','','','',NULL,'2010-08-21 12:55:35','Bhavesh ',NULL,NULL,0),(396,NULL,'Suresh','','',NULL,NULL,'','','208',NULL,'','','','','','',NULL,'2010-08-21 12:58:15','Bhavesh ',NULL,NULL,0),(397,NULL,'Suresh','','',NULL,NULL,'','',NULL,NULL,'','','','','','',NULL,'2010-08-21 12:58:15','Bhavesh ',NULL,NULL,0),(398,NULL,'erewrwer','','',NULL,NULL,'','','208',NULL,'','','','','','',NULL,'2010-08-21 13:00:28','Bhavesh ',NULL,NULL,0),(399,NULL,'erewrwer','','',NULL,NULL,'','',NULL,NULL,'','','','','','',NULL,'2010-08-21 13:00:28','Bhavesh ',NULL,NULL,0),(400,NULL,'Sandeep','','',NULL,NULL,'','','208',NULL,'','','','','','',NULL,'2010-08-21 13:03:22','Bhavesh ',NULL,NULL,0),(401,NULL,'Sandeep','','',NULL,NULL,'','',NULL,NULL,'','','','','','',NULL,'2010-08-21 13:03:22','Bhavesh ',NULL,NULL,0),(402,NULL,'Rohan','','',NULL,NULL,'','','208',NULL,'','','','','','',NULL,'2010-08-21 13:51:27','Bhavesh ',NULL,NULL,0),(403,NULL,'Rohan','','',NULL,NULL,'','',NULL,NULL,'','','','','','',NULL,'2010-08-21 13:51:27','Bhavesh ',NULL,NULL,0),(404,NULL,'Syam','','',NULL,NULL,'','','208',NULL,'','','','','','',NULL,'2010-08-21 14:03:41','Bhavesh ',NULL,NULL,0),(405,NULL,'Syam','','',NULL,NULL,'','',NULL,NULL,'','','','','','',NULL,'2010-08-21 14:03:41','Bhavesh ',NULL,NULL,0),(406,NULL,'Siva','','',NULL,NULL,'','','208',NULL,'','','','','','',NULL,'2010-08-21 14:05:42','Bhavesh ',NULL,NULL,0),(407,NULL,'Siva','','',NULL,NULL,'','',NULL,NULL,'','','','','','',NULL,'2010-08-21 14:05:42','Bhavesh ',NULL,NULL,0),(408,NULL,'Rashmi','','',NULL,NULL,'','','208',NULL,'','','','','','',NULL,'2010-08-21 14:16:01','Bhavesh ',NULL,NULL,0),(409,NULL,'Rashmi','','',NULL,NULL,'','',NULL,NULL,'','','','','','',NULL,'2010-08-21 14:16:02','Bhavesh ',NULL,NULL,0),(410,NULL,'Mahima','','',NULL,NULL,'','','208',NULL,'','','','','','',NULL,'2010-08-21 14:16:50','Bhavesh ',NULL,NULL,0),(411,NULL,'Mahima','','',NULL,NULL,'','',NULL,NULL,'','','','','','',NULL,'2010-08-21 14:16:50','Bhavesh ',NULL,NULL,0),(412,NULL,'Rohan','','',NULL,NULL,'','','208',NULL,'','','','','','',NULL,'2010-08-21 14:23:04','Bhavesh ',NULL,NULL,0),(413,NULL,'Rohan','','',NULL,NULL,'','',NULL,NULL,'','','','','','',NULL,'2010-08-21 14:23:04','Bhavesh ',NULL,NULL,0),(414,NULL,'Sahtish','','',NULL,NULL,'','','208',NULL,'','','','','','',NULL,'2010-08-21 14:24:09','Bhavesh ',NULL,NULL,0),(415,NULL,'Sahtish','','',NULL,NULL,'','',NULL,NULL,'','','','','','',NULL,'2010-08-21 14:24:09','Bhavesh ',NULL,NULL,0),(416,NULL,'Sameer','','',NULL,NULL,'','','208',NULL,'','','','','','',NULL,'2010-08-21 14:31:59','Bhavesh ',NULL,NULL,0),(417,NULL,'Sameer','','',NULL,NULL,'','',NULL,NULL,'','','','','','',NULL,'2010-08-21 14:31:59','Bhavesh ',NULL,NULL,0),(421,NULL,NULL,NULL,NULL,NULL,NULL,'','','208',NULL,'500018','','',NULL,'',NULL,NULL,NULL,NULL,NULL,NULL,8),(422,'MR','Rajesh','Kumar','',NULL,NULL,'','','208',NULL,'','','',NULL,NULL,NULL,NULL,'2010-08-26 11:09:04','Bhavesh ',NULL,NULL,0),(423,'MR','Rajesh','Kumar','',NULL,NULL,'','','208',NULL,'','','',NULL,NULL,NULL,NULL,'2010-08-26 11:09:04','Bhavesh ',NULL,NULL,0),(427,'MRS','Rajesh','','',NULL,NULL,'','','208',NULL,'','','',NULL,NULL,NULL,NULL,'2010-09-13 17:27:53','Bhavesh ',NULL,NULL,0),(428,'MRS','Rajesh','','',NULL,NULL,'','','208',NULL,'','','',NULL,NULL,NULL,NULL,'2010-09-13 17:27:53','Bhavesh ',NULL,NULL,0),(429,'MR','Shankar','','',NULL,NULL,'','','208',NULL,'','','',NULL,NULL,NULL,NULL,'2010-09-13 17:30:42','Bhavesh ',NULL,NULL,0),(430,'MR','Shankar','','',NULL,NULL,'','','208',NULL,'','','',NULL,NULL,NULL,NULL,'2010-09-13 17:30:42','Bhavesh ',NULL,NULL,0),(431,'MASTER','Rajesh','','',NULL,NULL,'','','208',NULL,'','','',NULL,NULL,NULL,NULL,'2010-09-13 17:42:15','Bhavesh ',NULL,NULL,0),(432,'MASTER','Rajesh','','',NULL,NULL,'','','208',NULL,'','','',NULL,NULL,NULL,NULL,'2010-09-13 17:42:15','Bhavesh ',NULL,NULL,0),(437,'MR','Ankit','','',NULL,NULL,'','','208',NULL,'','','','','','',NULL,'2010-09-14 09:45:22','ajit kumar',NULL,NULL,0),(438,'MR','Ankit','','',NULL,NULL,'','',NULL,NULL,'','','','','','',NULL,'2010-09-14 09:45:22','ajit kumar',NULL,NULL,0),(439,NULL,'Ranjeet','','',NULL,NULL,'','','208',NULL,'','','','','','',NULL,'2010-09-14 10:30:46','ajit kumar',NULL,NULL,0),(440,NULL,'Ranjeet','','',NULL,NULL,'','',NULL,NULL,'','','','','','',NULL,'2010-09-14 10:30:46','ajit kumar',NULL,NULL,0),(441,NULL,'Deepak','','',NULL,NULL,'','','208',NULL,'','','','','','',NULL,'2010-09-14 10:34:22','ajit kumar',NULL,NULL,0),(442,NULL,'Deepak','','',NULL,NULL,'','',NULL,NULL,'','','','','','',NULL,'2010-09-14 10:34:22','ajit kumar',NULL,NULL,0),(443,NULL,'Suresh','','',NULL,NULL,'','','208',NULL,'','','','','','',NULL,'2010-09-14 10:37:15','ajit kumar',NULL,NULL,0),(444,NULL,'Suresh','','',NULL,NULL,'','',NULL,NULL,'','','','','','',NULL,'2010-09-14 10:37:15','ajit kumar',NULL,NULL,0),(445,NULL,'Satish','','',NULL,NULL,'','','208',NULL,'','','','','','',NULL,'2010-09-14 11:01:12','ajit kumar',NULL,NULL,0),(446,NULL,'Satish','','',NULL,NULL,'','',NULL,NULL,'','','','','','',NULL,'2010-09-14 11:01:12','ajit kumar',NULL,NULL,0),(447,NULL,'Siva','','',NULL,NULL,'','','208',NULL,'','','','','','',NULL,'2010-09-14 12:13:55','ajit kumar',NULL,NULL,0),(448,NULL,'Siva','','',NULL,NULL,'','',NULL,NULL,'','','','','','',NULL,'2010-09-14 12:13:55','ajit kumar',NULL,NULL,0),(449,NULL,'Shailendra','','',NULL,NULL,'','','208',NULL,'','','',NULL,NULL,NULL,NULL,'2010-09-16 12:08:03','ajit kumar',NULL,NULL,0),(450,NULL,'Shailendra','','',NULL,NULL,'','','208',NULL,'','','',NULL,NULL,NULL,NULL,'2010-09-16 12:08:03','ajit kumar',NULL,NULL,0),(454,NULL,NULL,NULL,NULL,NULL,NULL,'','','208',NULL,'','','',NULL,'',NULL,NULL,NULL,NULL,NULL,NULL,0),(455,NULL,'',NULL,NULL,NULL,'','','Hyderabad','208','1000001',NULL,'9954380335','','','testcenter@gmail.com',NULL,NULL,'2010-09-30 13:46:47','Bhavesh ','2010-10-05 17:12:27','Bhavesh ',8),(456,NULL,NULL,NULL,NULL,NULL,'','','Hyderabad','208','1000001',NULL,'','','','',NULL,NULL,NULL,NULL,NULL,NULL,2),(457,NULL,'Emil','','',NULL,NULL,'','','208',NULL,'','','','','','',NULL,'2010-09-30 18:11:47','Bhavesh ',NULL,NULL,0),(458,NULL,'Emil','','',NULL,NULL,'','',NULL,NULL,'','','','','','',NULL,'2010-09-30 18:11:47','Bhavesh ',NULL,NULL,0),(459,NULL,'Jai','','',NULL,NULL,'','','208',NULL,'','','',NULL,NULL,NULL,NULL,'2010-09-30 19:00:19','ajit kumar',NULL,NULL,0),(460,NULL,'Jai','','',NULL,NULL,'','','208',NULL,'','','',NULL,NULL,NULL,NULL,'2010-09-30 19:00:19','ajit kumar',NULL,NULL,0),(461,NULL,'Shailesh','','',NULL,NULL,'','','208',NULL,'','','','','','',NULL,'2010-09-30 19:01:17','ajit kumar',NULL,NULL,0),(462,NULL,'Shailesh','','',NULL,NULL,'','',NULL,NULL,'','','','','','',NULL,'2010-09-30 19:01:17','ajit kumar',NULL,NULL,0),(463,NULL,'Manohar','','',NULL,NULL,'','','208',NULL,'','','',NULL,NULL,NULL,NULL,'2010-10-01 09:19:41','Bhavesh ',NULL,NULL,0),(464,NULL,'Manohar','','',NULL,NULL,'','','208',NULL,'','','',NULL,NULL,NULL,NULL,'2010-10-01 09:19:41','Bhavesh ',NULL,NULL,0),(465,'MR','Banti','','',NULL,NULL,'','','208',NULL,'','','',NULL,NULL,NULL,NULL,'2010-10-01 09:22:26','Bhavesh ',NULL,NULL,0),(466,'MR','Banti','','',NULL,NULL,'','','208',NULL,'','','',NULL,NULL,NULL,NULL,'2010-10-01 09:22:26','Bhavesh ',NULL,NULL,0),(467,NULL,'Gopi','','',NULL,NULL,'','','208',NULL,'','','',NULL,NULL,NULL,NULL,'2010-10-01 09:34:22','Bhavesh ',NULL,NULL,0),(468,NULL,'Gopi','','',NULL,NULL,'','','208',NULL,'','','',NULL,NULL,NULL,NULL,'2010-10-01 09:34:22','Bhavesh ',NULL,NULL,0),(469,'MS','Deepthi','','',NULL,NULL,'','Hyd','208','1000001','','34534534534','',NULL,NULL,NULL,NULL,'2010-10-01 09:36:00','Bhavesh ',NULL,NULL,0),(470,'MS','Deepthi','','',NULL,NULL,'','Hyd','208','1000001','','34534534534','',NULL,NULL,NULL,NULL,'2010-10-01 09:36:00','Bhavesh ',NULL,NULL,0),(471,'MR','Siva','k','Nagaraju',NULL,NULL,'','','208',NULL,'','','','','','',NULL,'2010-10-01 12:08:39','ajit kumar',NULL,NULL,0),(472,'MR','Siva','k','Nagaraju',NULL,NULL,'','',NULL,NULL,'','','','','','',NULL,'2010-10-01 12:08:39','ajit kumar',NULL,NULL,0),(473,NULL,'Siva','','',NULL,NULL,'','','208',NULL,'','','','','','',NULL,'2010-10-01 18:43:03','ajit kumar',NULL,NULL,0),(474,NULL,'Siva','','',NULL,NULL,'','',NULL,NULL,'','','','','','',NULL,'2010-10-01 18:43:03','ajit kumar',NULL,NULL,0),(475,NULL,'Ranu','','',NULL,NULL,'','','208',NULL,'','','',NULL,NULL,NULL,NULL,'2010-10-06 21:45:17','ajit kumar',NULL,NULL,0),(476,NULL,'Ranu','','',NULL,NULL,'','','208',NULL,'','','',NULL,NULL,NULL,NULL,'2010-10-06 21:45:17','ajit kumar',NULL,NULL,0),(477,NULL,'Bhavesh','','',NULL,NULL,'','','208',NULL,'','','',NULL,NULL,NULL,NULL,'2010-10-06 21:55:39','ajit kumar',NULL,NULL,0),(478,NULL,'Bhavesh','','',NULL,NULL,'','','208',NULL,'','','',NULL,NULL,NULL,NULL,'2010-10-06 21:55:39','ajit kumar',NULL,NULL,0),(479,NULL,'Sreenu','','',NULL,NULL,'','','208',NULL,'','','',NULL,NULL,NULL,NULL,'2010-10-06 21:59:07','ajit kumar',NULL,NULL,0),(480,NULL,'Sreenu','','',NULL,NULL,'','','208',NULL,'','','',NULL,NULL,NULL,NULL,'2010-10-06 21:59:07','ajit kumar',NULL,NULL,0),(481,NULL,'naresh','','','MALE',NULL,'naryaanapur','karimnagar','208','1000001','1122121','12311111','1213333','1111111','gangadhar@gmail.in','12331213',NULL,'2010-10-13 17:09:13','Alok Ranjan',NULL,NULL,0),(482,NULL,'naresh','','','MALE',NULL,'','',NULL,NULL,'','','','','','',NULL,'2010-10-13 17:09:13','Alok Ranjan',NULL,NULL,0),(483,NULL,'amar.b','','',NULL,NULL,'','','208',NULL,'','','','','','',NULL,'2010-10-13 19:32:03','Alok Ranjan',NULL,NULL,0),(484,NULL,'amar.b','','',NULL,NULL,'','',NULL,NULL,'','','','','','',NULL,'2010-10-13 19:32:03','Alok Ranjan',NULL,NULL,0),(491,'MR','ramesh','y','','MALE',NULL,'panjja gutta','','208','1000001','','','','','','',NULL,'2010-10-14 10:26:04','Alok Ranjan',NULL,NULL,0),(492,'MR','ramesh','y','','MALE',NULL,'','',NULL,NULL,'','','','','','',NULL,'2010-10-14 10:26:04','Alok Ranjan',NULL,NULL,0),(493,'MR','gangadhar.p','','','MALE',NULL,'aaaaaaaaaa','qqqqqqqqq','208','1000001','','1112223331','1212121212','','','12',NULL,'2010-10-18 09:45:17','Alok Ranjan',NULL,NULL,0),(494,'MR','gangadhar.p','','','MALE',NULL,'aaaaaaaaaa','qqqqqqqqq','208','1000001','','1112223331','1212121212','','','12',NULL,'2010-10-18 09:45:17','Alok Ranjan',NULL,NULL,0),(495,'MR','Ramaiah','G','','MALE',NULL,'HYD','hyd','208','1000001','500082','9966667787','','','ramana@gmail.com','2days',NULL,'2010-10-19 11:04:18','Alok Ranjan','2010-10-26 11:56:07',NULL,1),(496,'MR','Ramaiah','G','','MALE',NULL,'HYD','hyd','208','1000001','500082','9966667787','','','ramana@gmail.com','2days',NULL,'2010-10-19 11:04:18','Alok Ranjan','2010-10-26 11:56:07',NULL,1),(502,NULL,NULL,NULL,NULL,NULL,NULL,'sanat nagar','hyd','208','1000001','','','',NULL,'',NULL,NULL,NULL,NULL,NULL,NULL,0),(503,'MR','Deepak','','Lavania',NULL,NULL,'Erragadda','Hyderabad','208','1000001','500023','+91403456789','9945783852','+91403456789','mine@gmail.com','5',NULL,'2010-10-21 15:32:28','Bhavesh ',NULL,NULL,0),(504,'MR','Deepak','','Lavania',NULL,NULL,'Erragadda','Hyderabad','208','1000001','500023','+91403456789','9945783852','+91403456789','mine@gmail.com','5',NULL,'2010-10-21 15:32:28','Bhavesh ',NULL,NULL,0),(505,'MR','Rama','Rao','','MALE',NULL,'Erragadda','Hyderabad','208','1000001','500023','','','','','5','Friend','2010-10-21 15:32:28','Bhavesh ',NULL,NULL,0),(506,NULL,'Vinay','Kumar','Kurudi',NULL,NULL,'','','208',NULL,'','','','','','',NULL,'2010-10-21 15:33:24','Bhavesh ',NULL,NULL,0),(507,NULL,'Vinay','Kumar','Kurudi',NULL,NULL,'','','208',NULL,'','','','','','',NULL,'2010-10-21 15:33:25','Bhavesh ',NULL,NULL,0),(514,NULL,'hanu','','',NULL,NULL,'','','208',NULL,'','','','','','',NULL,'2010-10-21 20:54:50','Bhavesh ',NULL,NULL,0),(515,NULL,'hanu','','',NULL,NULL,'','',NULL,NULL,'','','','','','',NULL,'2010-10-21 20:54:50','Bhavesh ',NULL,NULL,0),(516,'MR','Ramesh','Rathod','',NULL,NULL,'','','208',NULL,'','','','','','',NULL,'2010-10-22 09:02:54','Alok Ranjan',NULL,NULL,0),(517,'MR','Ramesh','Rathod','',NULL,NULL,'','',NULL,NULL,'','','','','','',NULL,'2010-10-22 09:02:54','Alok Ranjan',NULL,NULL,0),(518,'MR','Madhu','sudhan','p','MALE',NULL,'lingam pally','hyd','208','1000001','500012','9948984987','','','madu@gmail.com','',NULL,'2010-10-22 10:03:14','Bhavesh ',NULL,NULL,0),(519,'MR','Madhu','sudhan','p','MALE',NULL,'lingam pally','hyd','208','1000001','500012','9948984987','','','madu@gmail.com','',NULL,'2010-10-22 10:03:14','Bhavesh ',NULL,NULL,0),(523,'MR','Narayan','sharma','',NULL,NULL,'','','208',NULL,'','','','','','',NULL,'2010-10-22 11:28:05','Bhavesh ',NULL,NULL,0),(524,'MR','Narayan','sharma','',NULL,NULL,'','',NULL,NULL,'','','','','','',NULL,'2010-10-22 11:28:05','Bhavesh ',NULL,NULL,0),(525,'MR','Ramana','reddy','O','MALE',NULL,'','','208',NULL,'','','','','','',NULL,'2010-10-22 14:47:33','Bhavesh ','2010-10-22 16:53:27',NULL,1),(526,'MR','Ramana','reddy','O','MALE',NULL,'','',NULL,NULL,'','','','','','',NULL,'2010-10-22 14:47:33','Bhavesh ','2010-10-22 16:53:27',NULL,1),(527,'MR','Srini','vas','k',NULL,NULL,'','','208',NULL,'','','9848022338','','','',NULL,'2010-10-22 15:24:02','Bhavesh ',NULL,NULL,0),(528,'MR','Srini','vas','k',NULL,NULL,'','',NULL,NULL,'','','','','','',NULL,'2010-10-22 15:24:02','Bhavesh ',NULL,NULL,0),(529,'MR','ramesh','','','MALE',NULL,'','','208',NULL,'','8012378224','','','','','Brother','2010-10-22 15:24:02','Bhavesh ',NULL,NULL,0),(530,NULL,'Rohit','','',NULL,NULL,'','','208',NULL,'','','','','','',NULL,'2010-10-22 15:28:47','Bhavesh ',NULL,NULL,0),(531,NULL,'Rohit','','',NULL,NULL,'','',NULL,NULL,'','','','','','',NULL,'2010-10-22 15:28:47','Bhavesh ',NULL,NULL,0),(532,NULL,'Dhanu','','',NULL,NULL,'','','208',NULL,'','','','','','',NULL,'2010-10-22 15:30:39','Bhavesh ',NULL,NULL,0),(533,NULL,'Dhanu','','',NULL,NULL,'','',NULL,NULL,'','','','','','',NULL,'2010-10-22 15:30:39','Bhavesh ',NULL,NULL,0),(536,NULL,'Suresh','','',NULL,NULL,'','','208','1000001','','','','','','',NULL,'2010-10-22 17:29:53','Bhavesh ',NULL,NULL,0),(537,NULL,'Suresh','','',NULL,NULL,'','','208',NULL,'','','','','','',NULL,'2010-10-22 17:29:53','Bhavesh ',NULL,NULL,0),(538,NULL,'Rajesh','','',NULL,NULL,'','','208','1000001','','','','','','',NULL,'2010-10-22 17:33:43','Bhavesh ',NULL,NULL,0),(539,NULL,'Rajesh','','',NULL,NULL,'','',NULL,NULL,'','','','','','',NULL,'2010-10-22 17:33:43','Bhavesh ',NULL,NULL,0),(540,NULL,'raju','','',NULL,NULL,'','','208',NULL,'','','','','','',NULL,'2010-10-22 19:28:20','Bhavesh ',NULL,NULL,0),(541,NULL,'raju','','',NULL,NULL,'','',NULL,NULL,'','','','','','',NULL,'2010-10-22 19:28:20','Bhavesh ',NULL,NULL,0),(542,NULL,'rame','','',NULL,NULL,'','','208',NULL,'','','','','','',NULL,'2010-10-22 19:44:44','Bhavesh ',NULL,NULL,0),(543,NULL,'rame','','',NULL,NULL,'','',NULL,NULL,'','','','','','',NULL,'2010-10-22 19:44:44','Bhavesh ',NULL,NULL,0),(544,NULL,'rajendar','','',NULL,NULL,'','','208',NULL,'','','','','','',NULL,'2010-10-22 21:07:16','Bhavesh ',NULL,NULL,0),(545,NULL,'rajendar','','',NULL,NULL,'','',NULL,NULL,'','','','','','',NULL,'2010-10-22 21:07:16','Bhavesh ',NULL,NULL,0),(546,NULL,'ramesh nanda','','',NULL,NULL,'','','208',NULL,'','','','','','',NULL,'2010-10-25 18:07:28','Alok Ranjan',NULL,NULL,0),(547,NULL,'ramesh nanda','','',NULL,NULL,'','',NULL,NULL,'','','','','','',NULL,'2010-10-25 18:07:28','Alok Ranjan',NULL,NULL,0),(548,NULL,'Naresh','','',NULL,NULL,'','','208',NULL,'','','','','','',NULL,'2010-10-25 18:08:55','Alok Ranjan',NULL,NULL,0),(549,NULL,'Naresh','','',NULL,NULL,'','',NULL,NULL,'','','','','','',NULL,'2010-10-25 18:08:55','Alok Ranjan',NULL,NULL,0),(550,NULL,'Sandya','Reddy','k',NULL,NULL,'','','208',NULL,'','','','','','',NULL,'2010-10-25 18:24:16','Alok Ranjan',NULL,NULL,0),(551,NULL,'Sandya','Reddy','k',NULL,NULL,'','',NULL,NULL,'','','','','','',NULL,'2010-10-25 18:24:16','Alok Ranjan',NULL,NULL,0),(552,NULL,'Ramesh','gunduu','P',NULL,NULL,'','','208',NULL,'','','','','','',NULL,'2010-10-25 18:28:37','Alok Ranjan',NULL,NULL,0),(553,NULL,'Ramesh','gunduu','P',NULL,NULL,'','',NULL,NULL,'','','','','','',NULL,'2010-10-25 18:28:37','Alok Ranjan',NULL,NULL,0),(554,NULL,'Chinna','Ramesh','y',NULL,NULL,'','','208',NULL,'','','','','','',NULL,'2010-10-25 18:31:39','Alok Ranjan',NULL,NULL,0),(555,NULL,'Chinna','Ramesh','y',NULL,NULL,'','',NULL,NULL,'','','','','','',NULL,'2010-10-25 18:31:39','Alok Ranjan',NULL,NULL,0),(556,NULL,'4655','','',NULL,NULL,'','','208',NULL,'','','','','','',NULL,'2010-10-26 11:48:18','Alok Ranjan',NULL,NULL,0),(557,NULL,'4655','','',NULL,NULL,'','',NULL,NULL,'','','','','','',NULL,'2010-10-26 11:48:18','Alok Ranjan',NULL,NULL,0),(558,NULL,'sandy','','',NULL,NULL,'','','208',NULL,'','','','','','',NULL,'2010-10-27 12:22:42','Alok Ranjan',NULL,NULL,0),(559,NULL,'sandy','','',NULL,NULL,'','',NULL,NULL,'','','','','','',NULL,'2010-10-27 12:22:42','Alok Ranjan',NULL,NULL,0),(560,NULL,'padma','','',NULL,NULL,'','','208',NULL,'','','','','','',NULL,'2010-11-01 11:53:49','Alok Ranjan',NULL,NULL,0),(561,NULL,'padma','','',NULL,NULL,'','',NULL,NULL,'','','','','','',NULL,'2010-11-01 11:53:49','Alok Ranjan',NULL,NULL,0),(562,NULL,'venkatesh','','',NULL,NULL,'','','208',NULL,'','','','','','',NULL,'2010-11-01 11:59:43','Alok Ranjan',NULL,NULL,0),(563,NULL,'venkatesh','','',NULL,NULL,'','',NULL,NULL,'','','','','','',NULL,'2010-11-01 11:59:43','Alok Ranjan',NULL,NULL,0),(564,NULL,'mani','','',NULL,NULL,'','','208',NULL,'','','','','','',NULL,'2010-11-01 15:01:48','Alok Ranjan',NULL,NULL,0),(565,NULL,'mani','','',NULL,NULL,'','',NULL,NULL,'','','','','','',NULL,'2010-11-01 15:01:48','Alok Ranjan',NULL,NULL,0),(566,NULL,'rajesh','','',NULL,NULL,'','','208',NULL,'','','','','','',NULL,'2010-11-01 15:54:39','Alok Ranjan',NULL,NULL,0),(567,NULL,'rajesh','','',NULL,NULL,'','',NULL,NULL,'','','','','','',NULL,'2010-11-01 15:54:39','Alok Ranjan',NULL,NULL,0),(568,NULL,'gangu','','',NULL,NULL,'','','208',NULL,'','','','','','',NULL,'2010-11-01 18:36:17','Alok Ranjan',NULL,NULL,0),(569,NULL,'gangu','','',NULL,NULL,'','',NULL,NULL,'','','','','','',NULL,'2010-11-01 18:36:17','Alok Ranjan',NULL,NULL,0),(570,NULL,'Siva','','',NULL,NULL,'','','208',NULL,'','','','','','',NULL,'2010-11-02 09:29:59','ajit kumar','2010-11-02 10:21:26',NULL,1),(571,NULL,'Siva','','',NULL,NULL,'','','208',NULL,'','','','','','',NULL,'2010-11-02 09:29:59','ajit kumar','2010-11-02 10:21:26',NULL,1),(572,'MR','Gangadhar','','Pittala','MALE',NULL,'Ramnagar','Hyderabad','208','1000001','500072','928398293','928398293','','gangadhar.pittala@walkingtree.in','3 years',NULL,'2010-11-02 10:08:05','Manish ','2010-11-02 10:32:03',NULL,7),(573,'MR','Gangadhar','','Pittala','MALE',NULL,'Ramnagar','Hyderabad','208','1000001','500072','928398293','928398293','','gangadhar.pittala@walkingtree.in','3 years',NULL,'2010-11-02 10:08:05','Manish ','2010-11-02 10:32:03',NULL,7),(574,NULL,'Ramesh','','',NULL,NULL,'','','208',NULL,'','','','','','',NULL,'2010-11-08 15:01:10','Alok Ranjan',NULL,NULL,0),(575,NULL,'Ramesh','','',NULL,NULL,'','','208',NULL,'','','','','','',NULL,'2010-11-08 15:01:10','Alok Ranjan',NULL,NULL,0),(576,NULL,'satyam.k','','',NULL,NULL,'','','208',NULL,'','','','','','',NULL,'2010-11-08 15:02:35','Alok Ranjan',NULL,NULL,0),(577,NULL,'satyam.k','','',NULL,NULL,'','','208',NULL,'','','','','','',NULL,'2010-11-08 15:02:35','Alok Ranjan',NULL,NULL,0),(578,NULL,'Naresh','Reddy','k','MALE',NULL,'','','208',NULL,'','','','','','',NULL,'2010-11-08 15:10:21','Alok Ranjan',NULL,NULL,0),(579,NULL,'Naresh','Reddy','k','MALE',NULL,'','','208',NULL,'','','','','','',NULL,'2010-11-08 15:10:21','Alok Ranjan',NULL,NULL,0),(580,NULL,'Ramesh','sharma','','FEMALE',NULL,'','','208',NULL,'','','','','','',NULL,'2010-11-08 15:22:08','Alok Ranjan',NULL,NULL,0),(581,NULL,'Ramesh','sharma','','FEMALE',NULL,'','','208',NULL,'','','','','','',NULL,'2010-11-08 15:22:08','Alok Ranjan',NULL,NULL,0),(582,'MR','Yad','Giri','','MALE',NULL,'Banjara hills','Hyderabad','208','1000001','505445','','9999457812','','yadgiri_walking@yahoo.com','1 day',NULL,'2010-11-09 11:23:28','Manish ',NULL,NULL,0),(583,'MR','Yad','Giri','','MALE',NULL,'Banjara hills','Hyderabad','208','1000001','505445','','9999457812','','yadgiri_walking@yahoo.com','1 day',NULL,'2010-11-09 11:23:28','Manish ',NULL,NULL,0),(584,NULL,'Mamatha','Reddy','k','FEMALE',NULL,'Dilshuk Nagar','RangaReddy','208','1000001','505445','','9848022338','','','5',NULL,'2010-11-09 12:05:00','Manish ',NULL,NULL,0),(585,NULL,'Mamatha','Reddy','k','FEMALE',NULL,'Dilshuk Nagar','RangaReddy','208','1000001','505445','','9848022338','','','5',NULL,'2010-11-09 12:05:00','Manish ',NULL,NULL,0),(586,NULL,'Ganga','','',NULL,NULL,'','','208',NULL,'','','','','','',NULL,'2010-11-10 12:48:26','ajit kumar',NULL,NULL,0),(587,NULL,'Ganga','','',NULL,NULL,'','','208',NULL,'','','','','','',NULL,'2010-11-10 12:48:26','ajit kumar',NULL,NULL,0);
/*!40000 ALTER TABLE `contact_details` ENABLE KEYS */;
UNLOCK TABLES;

--
-- Table structure for table `contact_type`
--

DROP TABLE IF EXISTS `contact_type`;
/*!40101 SET @saved_cs_client     = @@character_set_client */;
/*!40101 SET character_set_client = utf8 */;
CREATE TABLE `contact_type` (
  `CONTACT_TYPE_IND` varchar(25) COLLATE utf8_unicode_ci NOT NULL,
  `DESCRIPTION` varchar(45) COLLATE utf8_unicode_ci DEFAULT NULL,
  `ACTIVE` smallint(1) DEFAULT NULL,
  PRIMARY KEY (`CONTACT_TYPE_IND`)
) ENGINE=InnoDB DEFAULT CHARSET=utf8 COLLATE=utf8_unicode_ci;
/*!40101 SET character_set_client = @saved_cs_client */;

--
-- Dumping data for table `contact_type`
--

LOCK TABLES `contact_type` WRITE;
/*!40000 ALTER TABLE `contact_type` DISABLE KEYS */;
INSERT INTO `contact_type` VALUES ('CURRENT','CURRENT',1),('EMERGENCY_PRIMARY','EMERGENCY_PRIMARY',1),('EMERGENCY_SECONDARY','EMERGENCY_SECONDARY',1),('PERMANENT','PERMANENT',1),('SPONSOR','SPONSOR',1);
/*!40000 ALTER TABLE `contact_type` ENABLE KEYS */;
UNLOCK TABLES;

--
-- Table structure for table `country`
--

DROP TABLE IF EXISTS `country`;
/*!40101 SET @saved_cs_client     = @@character_set_client */;
/*!40101 SET character_set_client = utf8 */;
CREATE TABLE `country` (
  `COUNTRY_CODE` varchar(10) COLLATE utf8_unicode_ci NOT NULL,
  `DESCRIPTION` varchar(45) COLLATE utf8_unicode_ci DEFAULT NULL,
  `IS_DEFAULT` varchar(1) COLLATE utf8_unicode_ci DEFAULT 'N',
  `ACTIVE` smallint(1) DEFAULT NULL,
  PRIMARY KEY (`COUNTRY_CODE`)
) ENGINE=InnoDB DEFAULT CHARSET=utf8 COLLATE=utf8_unicode_ci;
/*!40101 SET character_set_client = @saved_cs_client */;

--
-- Dumping data for table `country`
--

LOCK TABLES `country` WRITE;
/*!40000 ALTER TABLE `country` DISABLE KEYS */;
INSERT INTO `country` VALUES ('100','United States','N',1),('208','India','Y',1),('238','Malaysia','N',1);
/*!40000 ALTER TABLE `country` ENABLE KEYS */;
UNLOCK TABLES;

--
-- Table structure for table `credit_class`
--

DROP TABLE IF EXISTS `credit_class`;
/*!40101 SET @saved_cs_client     = @@character_set_client */;
/*!40101 SET character_set_client = utf8 */;
CREATE TABLE `credit_class` (
  `CREDIT_CLASS_CD` varchar(30) NOT NULL,
  `DESCRIPTION` varchar(512) DEFAULT NULL,
  PRIMARY KEY (`CREDIT_CLASS_CD`)
) ENGINE=InnoDB DEFAULT CHARSET=latin1;
/*!40101 SET character_set_client = @saved_cs_client */;

--
-- Dumping data for table `credit_class`
--

LOCK TABLES `credit_class` WRITE;
/*!40000 ALTER TABLE `credit_class` DISABLE KEYS */;
INSERT INTO `credit_class` VALUES ('GOLD','Gold customers'),('SILVER','Silver customers');
/*!40000 ALTER TABLE `credit_class` ENABLE KEYS */;
UNLOCK TABLES;

--
-- Table structure for table `date_dim`
--

DROP TABLE IF EXISTS `date_dim`;
/*!40101 SET @saved_cs_client     = @@character_set_client */;
/*!40101 SET character_set_client = utf8 */;
CREATE TABLE `date_dim` (
  `DATE_ID` int(11) NOT NULL,
  `DAY_OF_YEAR` int(11) DEFAULT NULL,
  `YEAR` int(11) DEFAULT NULL,
  `MONTH` int(11) DEFAULT NULL,
  `YEAR_QUARTER` int(11) DEFAULT NULL,
  `YEAR_AND_MONTH` int(11) DEFAULT NULL,
  `YEAR_MONTH_WEEK` int(11) DEFAULT NULL,
  `YEAR_MONTH_DATE` int(11) DEFAULT NULL,
  `DAY_OF_MONTH` int(11) DEFAULT NULL,
  `WEEK_NBR` int(11) DEFAULT NULL,
  `QUARTER_NBR` int(11) DEFAULT NULL,
  `DAY_NAME` char(3) DEFAULT NULL,
  `MONTH_NAME` char(3) DEFAULT NULL,
  PRIMARY KEY (`DATE_ID`)
) ENGINE=InnoDB DEFAULT CHARSET=latin1;
/*!40101 SET character_set_client = @saved_cs_client */;

--
-- Dumping data for table `date_dim`
--

LOCK TABLES `date_dim` WRITE;
/*!40000 ALTER TABLE `date_dim` DISABLE KEYS */;
INSERT INTO `date_dim` VALUES (1,1,2009,1,20091,200901,2009011,20090101,1,1,1,'THU','JAN'),(2,2,2009,1,20091,200901,2009011,20090102,2,1,1,'FRI','JAN'),(3,3,2009,1,20091,200901,2009011,20090103,3,1,1,'SAT','JAN'),(4,4,2009,1,20091,200901,2009011,20090104,4,1,1,'SUN','JAN'),(5,5,2009,1,20091,200901,2009011,20090105,5,1,1,'MON','JAN'),(6,6,2009,1,20091,200901,2009011,20090106,6,1,1,'TUE','JAN'),(7,7,2009,1,20091,200901,2009011,20090107,7,1,1,'WED','JAN'),(8,8,2009,1,20091,200901,2009012,20090108,8,2,1,'THU','JAN'),(9,9,2009,1,20091,200901,2009012,20090109,9,2,1,'FRI','JAN'),(10,10,2009,1,20091,200901,2009012,20090110,10,2,1,'SAT','JAN'),(11,11,2009,1,20091,200901,2009012,20090111,11,2,1,'SUN','JAN'),(12,12,2009,1,20091,200901,2009012,20090112,12,2,1,'MON','JAN'),(13,13,2009,1,20091,200901,2009012,20090113,13,2,1,'TUE','JAN'),(14,14,2009,1,20091,200901,2009012,20090114,14,2,1,'WED','JAN'),(15,15,2009,1,20091,200901,2009013,20090115,15,3,1,'THU','JAN'),(16,16,2009,1,20091,200901,2009013,20090116,16,3,1,'FRI','JAN'),(17,17,2009,1,20091,200901,2009013,20090117,17,3,1,'SAT','JAN'),(18,18,2009,1,20091,200901,2009013,20090118,18,3,1,'SUN','JAN'),(19,19,2009,1,20091,200901,2009013,20090119,19,3,1,'MON','JAN'),(20,20,2009,1,20091,200901,2009013,20090120,20,3,1,'TUE','JAN'),(21,21,2009,1,20091,200901,2009013,20090121,21,3,1,'WED','JAN'),(22,22,2009,1,20091,200901,2009014,20090122,22,4,1,'THU','JAN'),(23,23,2009,1,20091,200901,2009014,20090123,23,4,1,'FRI','JAN'),(24,24,2009,1,20091,200901,2009014,20090124,24,4,1,'SAT','JAN'),(25,25,2009,1,20091,200901,2009014,20090125,25,4,1,'SUN','JAN'),(26,26,2009,1,20091,200901,2009014,20090126,26,4,1,'MON','JAN'),(27,27,2009,1,20091,200901,2009014,20090127,27,4,1,'TUE','JAN'),(28,28,2009,1,20091,200901,2009014,20090128,28,4,1,'WED','JAN'),(29,29,2009,1,20091,200901,2009015,20090129,29,5,1,'THU','JAN'),(30,30,2009,1,20091,200901,2009015,20090130,30,5,1,'FRI','JAN'),(31,31,2009,1,20091,200901,2009015,20090131,31,5,1,'SAT','JAN'),(32,32,2009,2,20091,200902,2009021,20090201,1,1,1,'SUN','FEB'),(33,33,2009,2,20091,200902,2009021,20090202,2,1,1,'MON','FEB'),(34,34,2009,2,20091,200902,2009021,20090203,3,1,1,'TUE','FEB'),(35,35,2009,2,20091,200902,2009021,20090204,4,1,1,'WED','FEB'),(36,36,2009,2,20091,200902,2009021,20090205,5,1,1,'THU','FEB'),(37,37,2009,2,20091,200902,2009021,20090206,6,1,1,'FRI','FEB'),(38,38,2009,2,20091,200902,2009021,20090207,7,1,1,'SAT','FEB'),(39,39,2009,2,20091,200902,2009022,20090208,8,2,1,'SUN','FEB'),(40,40,2009,2,20091,200902,2009022,20090209,9,2,1,'MON','FEB'),(41,41,2009,2,20091,200902,2009022,20090210,10,2,1,'TUE','FEB'),(42,42,2009,2,20091,200902,2009022,20090211,11,2,1,'WED','FEB'),(43,43,2009,2,20091,200902,2009022,20090212,12,2,1,'THU','FEB'),(44,44,2009,2,20091,200902,2009022,20090213,13,2,1,'FRI','FEB'),(45,45,2009,2,20091,200902,2009022,20090214,14,2,1,'SAT','FEB'),(46,46,2009,2,20091,200902,2009023,20090215,15,3,1,'SUN','FEB'),(47,47,2009,2,20091,200902,2009023,20090216,16,3,1,'MON','FEB'),(48,48,2009,2,20091,200902,2009023,20090217,17,3,1,'TUE','FEB'),(49,49,2009,2,20091,200902,2009023,20090218,18,3,1,'WED','FEB'),(50,50,2009,2,20091,200902,2009023,20090219,19,3,1,'THU','FEB'),(51,51,2009,2,20091,200902,2009023,20090220,20,3,1,'FRI','FEB'),(52,52,2009,2,20091,200902,2009023,20090221,21,3,1,'SAT','FEB'),(53,53,2009,2,20091,200902,2009024,20090222,22,4,1,'SUN','FEB'),(54,54,2009,2,20091,200902,2009024,20090223,23,4,1,'MON','FEB'),(55,55,2009,2,20091,200902,2009024,20090224,24,4,1,'TUE','FEB'),(56,56,2009,2,20091,200902,2009024,20090225,25,4,1,'WED','FEB'),(57,57,2009,2,20091,200902,2009024,20090226,26,4,1,'THU','FEB'),(58,58,2009,2,20091,200902,2009024,20090227,27,4,1,'FRI','FEB'),(59,59,2009,2,20091,200902,2009024,20090228,28,4,1,'SAT','FEB'),(60,60,2009,3,20091,200903,2009031,20090301,1,1,1,'SUN','MAR'),(61,61,2009,3,20091,200903,2009031,20090302,2,1,1,'MON','MAR'),(62,62,2009,3,20091,200903,2009031,20090303,3,1,1,'TUE','MAR'),(63,63,2009,3,20091,200903,2009031,20090304,4,1,1,'WED','MAR'),(64,64,2009,3,20091,200903,2009031,20090305,5,1,1,'THU','MAR'),(65,65,2009,3,20091,200903,2009031,20090306,6,1,1,'FRI','MAR'),(66,66,2009,3,20091,200903,2009031,20090307,7,1,1,'SAT','MAR'),(67,67,2009,3,20091,200903,2009032,20090308,8,2,1,'SUN','MAR'),(68,68,2009,3,20091,200903,2009032,20090309,9,2,1,'MON','MAR'),(69,69,2009,3,20091,200903,2009032,20090310,10,2,1,'TUE','MAR'),(70,70,2009,3,20091,200903,2009032,20090311,11,2,1,'WED','MAR'),(71,71,2009,3,20091,200903,2009032,20090312,12,2,1,'THU','MAR'),(72,72,2009,3,20091,200903,2009032,20090313,13,2,1,'FRI','MAR'),(73,73,2009,3,20091,200903,2009032,20090314,14,2,1,'SAT','MAR'),(74,74,2009,3,20091,200903,2009033,20090315,15,3,1,'SUN','MAR'),(75,75,2009,3,20091,200903,2009033,20090316,16,3,1,'MON','MAR'),(76,76,2009,3,20091,200903,2009033,20090317,17,3,1,'TUE','MAR'),(77,77,2009,3,20091,200903,2009033,20090318,18,3,1,'WED','MAR'),(78,78,2009,3,20091,200903,2009033,20090319,19,3,1,'THU','MAR'),(79,79,2009,3,20091,200903,2009033,20090320,20,3,1,'FRI','MAR'),(80,80,2009,3,20091,200903,2009033,20090321,21,3,1,'SAT','MAR'),(81,81,2009,3,20091,200903,2009034,20090322,22,4,1,'SUN','MAR'),(82,82,2009,3,20091,200903,2009034,20090323,23,4,1,'MON','MAR'),(83,83,2009,3,20091,200903,2009034,20090324,24,4,1,'TUE','MAR'),(84,84,2009,3,20091,200903,2009034,20090325,25,4,1,'WED','MAR'),(85,85,2009,3,20091,200903,2009034,20090326,26,4,1,'THU','MAR'),(86,86,2009,3,20091,200903,2009034,20090327,27,4,1,'FRI','MAR'),(87,87,2009,3,20091,200903,2009034,20090328,28,4,1,'SAT','MAR'),(88,88,2009,3,20091,200903,2009035,20090329,29,5,1,'SUN','MAR'),(89,89,2009,3,20091,200903,2009035,20090330,30,5,1,'MON','MAR'),(90,90,2009,3,20091,200903,2009035,20090331,31,5,1,'TUE','MAR'),(91,91,2009,4,20092,200904,2009041,20090401,1,1,2,'WED','APR'),(92,92,2009,4,20092,200904,2009041,20090402,2,1,2,'THU','APR'),(93,93,2009,4,20092,200904,2009041,20090403,3,1,2,'FRI','APR'),(94,94,2009,4,20092,200904,2009041,20090404,4,1,2,'SAT','APR'),(95,95,2009,4,20092,200904,2009041,20090405,5,1,2,'SUN','APR'),(96,96,2009,4,20092,200904,2009041,20090406,6,1,2,'MON','APR'),(97,97,2009,4,20092,200904,2009041,20090407,7,1,2,'TUE','APR'),(98,98,2009,4,20092,200904,2009042,20090408,8,2,2,'WED','APR'),(99,99,2009,4,20092,200904,2009042,20090409,9,2,2,'THU','APR'),(100,100,2009,4,20092,200904,2009042,20090410,10,2,2,'FRI','APR'),(101,101,2009,4,20092,200904,2009042,20090411,11,2,2,'SAT','APR'),(102,102,2009,4,20092,200904,2009042,20090412,12,2,2,'SUN','APR'),(103,103,2009,4,20092,200904,2009042,20090413,13,2,2,'MON','APR'),(104,104,2009,4,20092,200904,2009042,20090414,14,2,2,'TUE','APR'),(105,105,2009,4,20092,200904,2009043,20090415,15,3,2,'WED','APR'),(106,106,2009,4,20092,200904,2009043,20090416,16,3,2,'THU','APR'),(107,107,2009,4,20092,200904,2009043,20090417,17,3,2,'FRI','APR'),(108,108,2009,4,20092,200904,2009043,20090418,18,3,2,'SAT','APR'),(109,109,2009,4,20092,200904,2009043,20090419,19,3,2,'SUN','APR'),(110,110,2009,4,20092,200904,2009043,20090420,20,3,2,'MON','APR'),(111,111,2009,4,20092,200904,2009043,20090421,21,3,2,'TUE','APR'),(112,112,2009,4,20092,200904,2009044,20090422,22,4,2,'WED','APR'),(113,113,2009,4,20092,200904,2009044,20090423,23,4,2,'THU','APR'),(114,114,2009,4,20092,200904,2009044,20090424,24,4,2,'FRI','APR'),(115,115,2009,4,20092,200904,2009044,20090425,25,4,2,'SAT','APR'),(116,116,2009,4,20092,200904,2009044,20090426,26,4,2,'SUN','APR'),(117,117,2009,4,20092,200904,2009044,20090427,27,4,2,'MON','APR'),(118,118,2009,4,20092,200904,2009044,20090428,28,4,2,'TUE','APR'),(119,119,2009,4,20092,200904,2009045,20090429,29,5,2,'WED','APR'),(120,120,2009,4,20092,200904,2009045,20090430,30,5,2,'THU','APR'),(121,121,2009,5,20092,200905,2009051,20090501,1,1,2,'FRI','MAY'),(122,122,2009,5,20092,200905,2009051,20090502,2,1,2,'SAT','MAY'),(123,123,2009,5,20092,200905,2009051,20090503,3,1,2,'SUN','MAY'),(124,124,2009,5,20092,200905,2009051,20090504,4,1,2,'MON','MAY'),(125,125,2009,5,20092,200905,2009051,20090505,5,1,2,'TUE','MAY'),(126,126,2009,5,20092,200905,2009051,20090506,6,1,2,'WED','MAY'),(127,127,2009,5,20092,200905,2009051,20090507,7,1,2,'THU','MAY'),(128,128,2009,5,20092,200905,2009052,20090508,8,2,2,'FRI','MAY'),(129,129,2009,5,20092,200905,2009052,20090509,9,2,2,'SAT','MAY'),(130,130,2009,5,20092,200905,2009052,20090510,10,2,2,'SUN','MAY'),(131,131,2009,5,20092,200905,2009052,20090511,11,2,2,'MON','MAY'),(132,132,2009,5,20092,200905,2009052,20090512,12,2,2,'TUE','MAY'),(133,133,2009,5,20092,200905,2009052,20090513,13,2,2,'WED','MAY'),(134,134,2009,5,20092,200905,2009052,20090514,14,2,2,'THU','MAY'),(135,135,2009,5,20092,200905,2009053,20090515,15,3,2,'FRI','MAY'),(136,136,2009,5,20092,200905,2009053,20090516,16,3,2,'SAT','MAY'),(137,137,2009,5,20092,200905,2009053,20090517,17,3,2,'SUN','MAY'),(138,138,2009,5,20092,200905,2009053,20090518,18,3,2,'MON','MAY'),(139,139,2009,5,20092,200905,2009053,20090519,19,3,2,'TUE','MAY'),(140,140,2009,5,20092,200905,2009053,20090520,20,3,2,'WED','MAY'),(141,141,2009,5,20092,200905,2009053,20090521,21,3,2,'THU','MAY'),(142,142,2009,5,20092,200905,2009054,20090522,22,4,2,'FRI','MAY'),(143,143,2009,5,20092,200905,2009054,20090523,23,4,2,'SAT','MAY'),(144,144,2009,5,20092,200905,2009054,20090524,24,4,2,'SUN','MAY'),(145,145,2009,5,20092,200905,2009054,20090525,25,4,2,'MON','MAY'),(146,146,2009,5,20092,200905,2009054,20090526,26,4,2,'TUE','MAY'),(147,147,2009,5,20092,200905,2009054,20090527,27,4,2,'WED','MAY'),(148,148,2009,5,20092,200905,2009054,20090528,28,4,2,'THU','MAY'),(149,149,2009,5,20092,200905,2009055,20090529,29,5,2,'FRI','MAY'),(150,150,2009,5,20092,200905,2009055,20090530,30,5,2,'SAT','MAY'),(151,151,2009,5,20092,200905,2009055,20090531,31,5,2,'SUN','MAY'),(152,152,2009,6,20092,200906,2009061,20090601,1,1,2,'MON','JUN'),(153,153,2009,6,20092,200906,2009061,20090602,2,1,2,'TUE','JUN'),(154,154,2009,6,20092,200906,2009061,20090603,3,1,2,'WED','JUN'),(155,155,2009,6,20092,200906,2009061,20090604,4,1,2,'THU','JUN'),(156,156,2009,6,20092,200906,2009061,20090605,5,1,2,'FRI','JUN'),(157,157,2009,6,20092,200906,2009061,20090606,6,1,2,'SAT','JUN'),(158,158,2009,6,20092,200906,2009061,20090607,7,1,2,'SUN','JUN'),(159,159,2009,6,20092,200906,2009062,20090608,8,2,2,'MON','JUN'),(160,160,2009,6,20092,200906,2009062,20090609,9,2,2,'TUE','JUN'),(161,161,2009,6,20092,200906,2009062,20090610,10,2,2,'WED','JUN'),(162,162,2009,6,20092,200906,2009062,20090611,11,2,2,'THU','JUN'),(163,163,2009,6,20092,200906,2009062,20090612,12,2,2,'FRI','JUN'),(164,164,2009,6,20092,200906,2009062,20090613,13,2,2,'SAT','JUN'),(165,165,2009,6,20092,200906,2009062,20090614,14,2,2,'SUN','JUN'),(166,166,2009,6,20092,200906,2009063,20090615,15,3,2,'MON','JUN'),(167,167,2009,6,20092,200906,2009063,20090616,16,3,2,'TUE','JUN'),(168,168,2009,6,20092,200906,2009063,20090617,17,3,2,'WED','JUN'),(169,169,2009,6,20092,200906,2009063,20090618,18,3,2,'THU','JUN'),(170,170,2009,6,20092,200906,2009063,20090619,19,3,2,'FRI','JUN'),(171,171,2009,6,20092,200906,2009063,20090620,20,3,2,'SAT','JUN'),(172,172,2009,6,20092,200906,2009063,20090621,21,3,2,'SUN','JUN'),(173,173,2009,6,20092,200906,2009064,20090622,22,4,2,'MON','JUN'),(174,174,2009,6,20092,200906,2009064,20090623,23,4,2,'TUE','JUN'),(175,175,2009,6,20092,200906,2009064,20090624,24,4,2,'WED','JUN'),(176,176,2009,6,20092,200906,2009064,20090625,25,4,2,'THU','JUN'),(177,177,2009,6,20092,200906,2009064,20090626,26,4,2,'FRI','JUN'),(178,178,2009,6,20092,200906,2009064,20090627,27,4,2,'SAT','JUN'),(179,179,2009,6,20092,200906,2009064,20090628,28,4,2,'SUN','JUN'),(180,180,2009,6,20092,200906,2009065,20090629,29,5,2,'MON','JUN'),(181,181,2009,6,20092,200906,2009065,20090630,30,5,2,'TUE','JUN'),(182,182,2009,7,20093,200907,2009071,20090701,1,1,3,'WED','JUL'),(183,183,2009,7,20093,200907,2009071,20090702,2,1,3,'THU','JUL'),(184,184,2009,7,20093,200907,2009071,20090703,3,1,3,'FRI','JUL'),(185,185,2009,7,20093,200907,2009071,20090704,4,1,3,'SAT','JUL'),(186,186,2009,7,20093,200907,2009071,20090705,5,1,3,'SUN','JUL'),(187,187,2009,7,20093,200907,2009071,20090706,6,1,3,'MON','JUL'),(188,188,2009,7,20093,200907,2009071,20090707,7,1,3,'TUE','JUL'),(189,189,2009,7,20093,200907,2009072,20090708,8,2,3,'WED','JUL'),(190,190,2009,7,20093,200907,2009072,20090709,9,2,3,'THU','JUL'),(191,191,2009,7,20093,200907,2009072,20090710,10,2,3,'FRI','JUL'),(192,192,2009,7,20093,200907,2009072,20090711,11,2,3,'SAT','JUL'),(193,193,2009,7,20093,200907,2009072,20090712,12,2,3,'SUN','JUL'),(194,194,2009,7,20093,200907,2009072,20090713,13,2,3,'MON','JUL'),(195,195,2009,7,20093,200907,2009072,20090714,14,2,3,'TUE','JUL'),(196,196,2009,7,20093,200907,2009073,20090715,15,3,3,'WED','JUL'),(197,197,2009,7,20093,200907,2009073,20090716,16,3,3,'THU','JUL'),(198,198,2009,7,20093,200907,2009073,20090717,17,3,3,'FRI','JUL'),(199,199,2009,7,20093,200907,2009073,20090718,18,3,3,'SAT','JUL'),(200,200,2009,7,20093,200907,2009073,20090719,19,3,3,'SUN','JUL'),(201,201,2009,7,20093,200907,2009073,20090720,20,3,3,'MON','JUL'),(202,202,2009,7,20093,200907,2009073,20090721,21,3,3,'TUE','JUL'),(203,203,2009,7,20093,200907,2009074,20090722,22,4,3,'WED','JUL'),(204,204,2009,7,20093,200907,2009074,20090723,23,4,3,'THU','JUL'),(205,205,2009,7,20093,200907,2009074,20090724,24,4,3,'FRI','JUL'),(206,206,2009,7,20093,200907,2009074,20090725,25,4,3,'SAT','JUL'),(207,207,2009,7,20093,200907,2009074,20090726,26,4,3,'SUN','JUL'),(208,208,2009,7,20093,200907,2009074,20090727,27,4,3,'MON','JUL'),(209,209,2009,7,20093,200907,2009074,20090728,28,4,3,'TUE','JUL'),(210,210,2009,7,20093,200907,2009075,20090729,29,5,3,'WED','JUL'),(211,211,2009,7,20093,200907,2009075,20090730,30,5,3,'THU','JUL'),(212,212,2009,7,20093,200907,2009075,20090731,31,5,3,'FRI','JUL'),(213,213,2009,8,20093,200908,2009081,20090801,1,1,3,'SAT','AUG'),(214,214,2009,8,20093,200908,2009081,20090802,2,1,3,'SUN','AUG'),(215,215,2009,8,20093,200908,2009081,20090803,3,1,3,'MON','AUG'),(216,216,2009,8,20093,200908,2009081,20090804,4,1,3,'TUE','AUG'),(217,217,2009,8,20093,200908,2009081,20090805,5,1,3,'WED','AUG'),(218,218,2009,8,20093,200908,2009081,20090806,6,1,3,'THU','AUG'),(219,219,2009,8,20093,200908,2009081,20090807,7,1,3,'FRI','AUG'),(220,220,2009,8,20093,200908,2009082,20090808,8,2,3,'SAT','AUG'),(221,221,2009,8,20093,200908,2009082,20090809,9,2,3,'SUN','AUG'),(222,222,2009,8,20093,200908,2009082,20090810,10,2,3,'MON','AUG'),(223,223,2009,8,20093,200908,2009082,20090811,11,2,3,'TUE','AUG'),(224,224,2009,8,20093,200908,2009082,20090812,12,2,3,'WED','AUG'),(225,225,2009,8,20093,200908,2009082,20090813,13,2,3,'THU','AUG'),(226,226,2009,8,20093,200908,2009082,20090814,14,2,3,'FRI','AUG'),(227,227,2009,8,20093,200908,2009083,20090815,15,3,3,'SAT','AUG'),(228,228,2009,8,20093,200908,2009083,20090816,16,3,3,'SUN','AUG'),(229,229,2009,8,20093,200908,2009083,20090817,17,3,3,'MON','AUG'),(230,230,2009,8,20093,200908,2009083,20090818,18,3,3,'TUE','AUG'),(231,231,2009,8,20093,200908,2009083,20090819,19,3,3,'WED','AUG'),(232,232,2009,8,20093,200908,2009083,20090820,20,3,3,'THU','AUG'),(233,233,2009,8,20093,200908,2009083,20090821,21,3,3,'FRI','AUG'),(234,234,2009,8,20093,200908,2009084,20090822,22,4,3,'SAT','AUG'),(235,235,2009,8,20093,200908,2009084,20090823,23,4,3,'SUN','AUG'),(236,236,2009,8,20093,200908,2009084,20090824,24,4,3,'MON','AUG'),(237,237,2009,8,20093,200908,2009084,20090825,25,4,3,'TUE','AUG'),(238,238,2009,8,20093,200908,2009084,20090826,26,4,3,'WED','AUG'),(239,239,2009,8,20093,200908,2009084,20090827,27,4,3,'THU','AUG'),(240,240,2009,8,20093,200908,2009084,20090828,28,4,3,'FRI','AUG'),(241,241,2009,8,20093,200908,2009085,20090829,29,5,3,'SAT','AUG'),(242,242,2009,8,20093,200908,2009085,20090830,30,5,3,'SUN','AUG'),(243,243,2009,8,20093,200908,2009085,20090831,31,5,3,'MON','AUG'),(244,244,2009,9,20093,200909,2009091,20090901,1,1,3,'TUE','SEP'),(245,245,2009,9,20093,200909,2009091,20090902,2,1,3,'WED','SEP'),(246,246,2009,9,20093,200909,2009091,20090903,3,1,3,'THU','SEP'),(247,247,2009,9,20093,200909,2009091,20090904,4,1,3,'FRI','SEP'),(248,248,2009,9,20093,200909,2009091,20090905,5,1,3,'SAT','SEP'),(249,249,2009,9,20093,200909,2009091,20090906,6,1,3,'SUN','SEP'),(250,250,2009,9,20093,200909,2009091,20090907,7,1,3,'MON','SEP'),(251,251,2009,9,20093,200909,2009092,20090908,8,2,3,'TUE','SEP'),(252,252,2009,9,20093,200909,2009092,20090909,9,2,3,'WED','SEP'),(253,253,2009,9,20093,200909,2009092,20090910,10,2,3,'THU','SEP'),(254,254,2009,9,20093,200909,2009092,20090911,11,2,3,'FRI','SEP'),(255,255,2009,9,20093,200909,2009092,20090912,12,2,3,'SAT','SEP'),(256,256,2009,9,20093,200909,2009092,20090913,13,2,3,'SUN','SEP'),(257,257,2009,9,20093,200909,2009092,20090914,14,2,3,'MON','SEP'),(258,258,2009,9,20093,200909,2009093,20090915,15,3,3,'TUE','SEP'),(259,259,2009,9,20093,200909,2009093,20090916,16,3,3,'WED','SEP'),(260,260,2009,9,20093,200909,2009093,20090917,17,3,3,'THU','SEP'),(261,261,2009,9,20093,200909,2009093,20090918,18,3,3,'FRI','SEP'),(262,262,2009,9,20093,200909,2009093,20090919,19,3,3,'SAT','SEP'),(263,263,2009,9,20093,200909,2009093,20090920,20,3,3,'SUN','SEP'),(264,264,2009,9,20093,200909,2009093,20090921,21,3,3,'MON','SEP'),(265,265,2009,9,20093,200909,2009094,20090922,22,4,3,'TUE','SEP'),(266,266,2009,9,20093,200909,2009094,20090923,23,4,3,'WED','SEP'),(267,267,2009,9,20093,200909,2009094,20090924,24,4,3,'THU','SEP'),(268,268,2009,9,20093,200909,2009094,20090925,25,4,3,'FRI','SEP'),(269,269,2009,9,20093,200909,2009094,20090926,26,4,3,'SAT','SEP'),(270,270,2009,9,20093,200909,2009094,20090927,27,4,3,'SUN','SEP'),(271,271,2009,9,20093,200909,2009094,20090928,28,4,3,'MON','SEP'),(272,272,2009,9,20093,200909,2009095,20090929,29,5,3,'TUE','SEP'),(273,273,2009,9,20093,200909,2009095,20090930,30,5,3,'WED','SEP'),(274,274,2009,10,20094,200910,2009101,20091001,1,1,4,'THU','OCT'),(275,275,2009,10,20094,200910,2009101,20091002,2,1,4,'FRI','OCT'),(276,276,2009,10,20094,200910,2009101,20091003,3,1,4,'SAT','OCT'),(277,277,2009,10,20094,200910,2009101,20091004,4,1,4,'SUN','OCT'),(278,278,2009,10,20094,200910,2009101,20091005,5,1,4,'MON','OCT'),(279,279,2009,10,20094,200910,2009101,20091006,6,1,4,'TUE','OCT'),(280,280,2009,10,20094,200910,2009101,20091007,7,1,4,'WED','OCT'),(281,281,2009,10,20094,200910,2009102,20091008,8,2,4,'THU','OCT'),(282,282,2009,10,20094,200910,2009102,20091009,9,2,4,'FRI','OCT'),(283,283,2009,10,20094,200910,2009102,20091010,10,2,4,'SAT','OCT'),(284,284,2009,10,20094,200910,2009102,20091011,11,2,4,'SUN','OCT'),(285,285,2009,10,20094,200910,2009102,20091012,12,2,4,'MON','OCT'),(286,286,2009,10,20094,200910,2009102,20091013,13,2,4,'TUE','OCT'),(287,287,2009,10,20094,200910,2009102,20091014,14,2,4,'WED','OCT'),(288,288,2009,10,20094,200910,2009103,20091015,15,3,4,'THU','OCT'),(289,289,2009,10,20094,200910,2009103,20091016,16,3,4,'FRI','OCT'),(290,290,2009,10,20094,200910,2009103,20091017,17,3,4,'SAT','OCT'),(291,291,2009,10,20094,200910,2009103,20091018,18,3,4,'SUN','OCT'),(292,292,2009,10,20094,200910,2009103,20091019,19,3,4,'MON','OCT'),(293,293,2009,10,20094,200910,2009103,20091020,20,3,4,'TUE','OCT'),(294,294,2009,10,20094,200910,2009103,20091021,21,3,4,'WED','OCT'),(295,295,2009,10,20094,200910,2009104,20091022,22,4,4,'THU','OCT'),(296,296,2009,10,20094,200910,2009104,20091023,23,4,4,'FRI','OCT'),(297,297,2009,10,20094,200910,2009104,20091024,24,4,4,'SAT','OCT'),(298,298,2009,10,20094,200910,2009104,20091025,25,4,4,'SUN','OCT'),(299,299,2009,10,20094,200910,2009104,20091026,26,4,4,'MON','OCT'),(300,300,2009,10,20094,200910,2009104,20091027,27,4,4,'TUE','OCT'),(301,301,2009,10,20094,200910,2009104,20091028,28,4,4,'WED','OCT'),(302,302,2009,10,20094,200910,2009105,20091029,29,5,4,'THU','OCT'),(303,303,2009,10,20094,200910,2009105,20091030,30,5,4,'FRI','OCT'),(304,304,2009,10,20094,200910,2009105,20091031,31,5,4,'SAT','OCT'),(305,305,2009,11,20094,200911,2009111,20091101,1,1,4,'SUN','NOV'),(306,306,2009,11,20094,200911,2009111,20091102,2,1,4,'MON','NOV'),(307,307,2009,11,20094,200911,2009111,20091103,3,1,4,'TUE','NOV'),(308,308,2009,11,20094,200911,2009111,20091104,4,1,4,'WED','NOV'),(309,309,2009,11,20094,200911,2009111,20091105,5,1,4,'THU','NOV'),(310,310,2009,11,20094,200911,2009111,20091106,6,1,4,'FRI','NOV'),(311,311,2009,11,20094,200911,2009111,20091107,7,1,4,'SAT','NOV'),(312,312,2009,11,20094,200911,2009112,20091108,8,2,4,'SUN','NOV'),(313,313,2009,11,20094,200911,2009112,20091109,9,2,4,'MON','NOV'),(314,314,2009,11,20094,200911,2009112,20091110,10,2,4,'TUE','NOV'),(315,315,2009,11,20094,200911,2009112,20091111,11,2,4,'WED','NOV'),(316,316,2009,11,20094,200911,2009112,20091112,12,2,4,'THU','NOV'),(317,317,2009,11,20094,200911,2009112,20091113,13,2,4,'FRI','NOV'),(318,318,2009,11,20094,200911,2009112,20091114,14,2,4,'SAT','NOV'),(319,319,2009,11,20094,200911,2009113,20091115,15,3,4,'SUN','NOV'),(320,320,2009,11,20094,200911,2009113,20091116,16,3,4,'MON','NOV'),(321,321,2009,11,20094,200911,2009113,20091117,17,3,4,'TUE','NOV'),(322,322,2009,11,20094,200911,2009113,20091118,18,3,4,'WED','NOV'),(323,323,2009,11,20094,200911,2009113,20091119,19,3,4,'THU','NOV'),(324,324,2009,11,20094,200911,2009113,20091120,20,3,4,'FRI','NOV'),(325,325,2009,11,20094,200911,2009113,20091121,21,3,4,'SAT','NOV'),(326,326,2009,11,20094,200911,2009114,20091122,22,4,4,'SUN','NOV'),(327,327,2009,11,20094,200911,2009114,20091123,23,4,4,'MON','NOV'),(328,328,2009,11,20094,200911,2009114,20091124,24,4,4,'TUE','NOV'),(329,329,2009,11,20094,200911,2009114,20091125,25,4,4,'WED','NOV'),(330,330,2009,11,20094,200911,2009114,20091126,26,4,4,'THU','NOV'),(331,331,2009,11,20094,200911,2009114,20091127,27,4,4,'FRI','NOV'),(332,332,2009,11,20094,200911,2009114,20091128,28,4,4,'SAT','NOV'),(333,333,2009,11,20094,200911,2009115,20091129,29,5,4,'SUN','NOV'),(334,334,2009,11,20094,200911,2009115,20091130,30,5,4,'MON','NOV'),(335,335,2009,12,20094,200912,2009121,20091201,1,1,4,'TUE','DEC'),(336,336,2009,12,20094,200912,2009121,20091202,2,1,4,'WED','DEC'),(337,337,2009,12,20094,200912,2009121,20091203,3,1,4,'THU','DEC'),(338,338,2009,12,20094,200912,2009121,20091204,4,1,4,'FRI','DEC'),(339,339,2009,12,20094,200912,2009121,20091205,5,1,4,'SAT','DEC'),(340,340,2009,12,20094,200912,2009121,20091206,6,1,4,'SUN','DEC'),(341,341,2009,12,20094,200912,2009121,20091207,7,1,4,'MON','DEC'),(342,342,2009,12,20094,200912,2009122,20091208,8,2,4,'TUE','DEC'),(343,343,2009,12,20094,200912,2009122,20091209,9,2,4,'WED','DEC'),(344,344,2009,12,20094,200912,2009122,20091210,10,2,4,'THU','DEC'),(345,345,2009,12,20094,200912,2009122,20091211,11,2,4,'FRI','DEC'),(346,346,2009,12,20094,200912,2009122,20091212,12,2,4,'SAT','DEC'),(347,347,2009,12,20094,200912,2009122,20091213,13,2,4,'SUN','DEC'),(348,348,2009,12,20094,200912,2009122,20091214,14,2,4,'MON','DEC'),(349,349,2009,12,20094,200912,2009123,20091215,15,3,4,'TUE','DEC'),(350,350,2009,12,20094,200912,2009123,20091216,16,3,4,'WED','DEC'),(351,351,2009,12,20094,200912,2009123,20091217,17,3,4,'THU','DEC'),(352,352,2009,12,20094,200912,2009123,20091218,18,3,4,'FRI','DEC'),(353,353,2009,12,20094,200912,2009123,20091219,19,3,4,'SAT','DEC'),(354,354,2009,12,20094,200912,2009123,20091220,20,3,4,'SUN','DEC'),(355,355,2009,12,20094,200912,2009123,20091221,21,3,4,'MON','DEC'),(356,356,2009,12,20094,200912,2009124,20091222,22,4,4,'TUE','DEC'),(357,357,2009,12,20094,200912,2009124,20091223,23,4,4,'WED','DEC'),(358,358,2009,12,20094,200912,2009124,20091224,24,4,4,'THU','DEC'),(359,359,2009,12,20094,200912,2009124,20091225,25,4,4,'FRI','DEC'),(360,360,2009,12,20094,200912,2009124,20091226,26,4,4,'SAT','DEC'),(361,361,2009,12,20094,200912,2009124,20091227,27,4,4,'SUN','DEC'),(362,362,2009,12,20094,200912,2009124,20091228,28,4,4,'MON','DEC'),(363,363,2009,12,20094,200912,2009125,20091229,29,5,4,'TUE','DEC'),(364,364,2009,12,20094,200912,2009125,20091230,30,5,4,'WED','DEC'),(365,365,2009,12,20094,200912,2009125,20091231,31,5,4,'THU','DEC'),(366,1,2010,1,20101,201001,2010011,20100101,1,1,1,'FRI','JAN'),(367,2,2010,1,20101,201001,2010011,20100102,2,1,1,'SAT','JAN'),(368,3,2010,1,20101,201001,2010011,20100103,3,1,1,'SUN','JAN'),(369,4,2010,1,20101,201001,2010011,20100104,4,1,1,'MON','JAN'),(370,5,2010,1,20101,201001,2010011,20100105,5,1,1,'TUE','JAN'),(371,6,2010,1,20101,201001,2010011,20100106,6,1,1,'WED','JAN'),(372,7,2010,1,20101,201001,2010011,20100107,7,1,1,'THU','JAN'),(373,8,2010,1,20101,201001,2010012,20100108,8,2,1,'FRI','JAN'),(374,9,2010,1,20101,201001,2010012,20100109,9,2,1,'SAT','JAN'),(375,10,2010,1,20101,201001,2010012,20100110,10,2,1,'SUN','JAN'),(376,11,2010,1,20101,201001,2010012,20100111,11,2,1,'MON','JAN'),(377,12,2010,1,20101,201001,2010012,20100112,12,2,1,'TUE','JAN'),(378,13,2010,1,20101,201001,2010012,20100113,13,2,1,'WED','JAN'),(379,14,2010,1,20101,201001,2010012,20100114,14,2,1,'THU','JAN'),(380,15,2010,1,20101,201001,2010013,20100115,15,3,1,'FRI','JAN'),(381,16,2010,1,20101,201001,2010013,20100116,16,3,1,'SAT','JAN'),(382,17,2010,1,20101,201001,2010013,20100117,17,3,1,'SUN','JAN'),(383,18,2010,1,20101,201001,2010013,20100118,18,3,1,'MON','JAN'),(384,19,2010,1,20101,201001,2010013,20100119,19,3,1,'TUE','JAN'),(385,20,2010,1,20101,201001,2010013,20100120,20,3,1,'WED','JAN'),(386,21,2010,1,20101,201001,2010013,20100121,21,3,1,'THU','JAN'),(387,22,2010,1,20101,201001,2010014,20100122,22,4,1,'FRI','JAN'),(388,23,2010,1,20101,201001,2010014,20100123,23,4,1,'SAT','JAN'),(389,24,2010,1,20101,201001,2010014,20100124,24,4,1,'SUN','JAN'),(390,25,2010,1,20101,201001,2010014,20100125,25,4,1,'MON','JAN'),(391,26,2010,1,20101,201001,2010014,20100126,26,4,1,'TUE','JAN'),(392,27,2010,1,20101,201001,2010014,20100127,27,4,1,'WED','JAN'),(393,28,2010,1,20101,201001,2010014,20100128,28,4,1,'THU','JAN'),(394,29,2010,1,20101,201001,2010015,20100129,29,5,1,'FRI','JAN'),(395,30,2010,1,20101,201001,2010015,20100130,30,5,1,'SAT','JAN'),(396,31,2010,1,20101,201001,2010015,20100131,31,5,1,'SUN','JAN'),(397,32,2010,2,20101,201002,2010021,20100201,1,1,1,'MON','FEB'),(398,33,2010,2,20101,201002,2010021,20100202,2,1,1,'TUE','FEB'),(399,34,2010,2,20101,201002,2010021,20100203,3,1,1,'WED','FEB'),(400,35,2010,2,20101,201002,2010021,20100204,4,1,1,'THU','FEB'),(401,36,2010,2,20101,201002,2010021,20100205,5,1,1,'FRI','FEB'),(402,37,2010,2,20101,201002,2010021,20100206,6,1,1,'SAT','FEB'),(403,38,2010,2,20101,201002,2010021,20100207,7,1,1,'SUN','FEB'),(404,39,2010,2,20101,201002,2010022,20100208,8,2,1,'MON','FEB'),(405,40,2010,2,20101,201002,2010022,20100209,9,2,1,'TUE','FEB'),(406,41,2010,2,20101,201002,2010022,20100210,10,2,1,'WED','FEB'),(407,42,2010,2,20101,201002,2010022,20100211,11,2,1,'THU','FEB'),(408,43,2010,2,20101,201002,2010022,20100212,12,2,1,'FRI','FEB'),(409,44,2010,2,20101,201002,2010022,20100213,13,2,1,'SAT','FEB'),(410,45,2010,2,20101,201002,2010022,20100214,14,2,1,'SUN','FEB'),(411,46,2010,2,20101,201002,2010023,20100215,15,3,1,'MON','FEB'),(412,47,2010,2,20101,201002,2010023,20100216,16,3,1,'TUE','FEB'),(413,48,2010,2,20101,201002,2010023,20100217,17,3,1,'WED','FEB'),(414,49,2010,2,20101,201002,2010023,20100218,18,3,1,'THU','FEB'),(415,50,2010,2,20101,201002,2010023,20100219,19,3,1,'FRI','FEB'),(416,51,2010,2,20101,201002,2010023,20100220,20,3,1,'SAT','FEB'),(417,52,2010,2,20101,201002,2010023,20100221,21,3,1,'SUN','FEB'),(418,53,2010,2,20101,201002,2010024,20100222,22,4,1,'MON','FEB'),(419,54,2010,2,20101,201002,2010024,20100223,23,4,1,'TUE','FEB'),(420,55,2010,2,20101,201002,2010024,20100224,24,4,1,'WED','FEB'),(421,56,2010,2,20101,201002,2010024,20100225,25,4,1,'THU','FEB'),(422,57,2010,2,20101,201002,2010024,20100226,26,4,1,'FRI','FEB'),(423,58,2010,2,20101,201002,2010024,20100227,27,4,1,'SAT','FEB'),(424,59,2010,2,20101,201002,2010024,20100228,28,4,1,'SUN','FEB'),(425,60,2010,3,20101,201003,2010031,20100301,1,1,1,'MON','MAR'),(426,61,2010,3,20101,201003,2010031,20100302,2,1,1,'TUE','MAR'),(427,62,2010,3,20101,201003,2010031,20100303,3,1,1,'WED','MAR'),(428,63,2010,3,20101,201003,2010031,20100304,4,1,1,'THU','MAR'),(429,64,2010,3,20101,201003,2010031,20100305,5,1,1,'FRI','MAR'),(430,65,2010,3,20101,201003,2010031,20100306,6,1,1,'SAT','MAR'),(431,66,2010,3,20101,201003,2010031,20100307,7,1,1,'SUN','MAR'),(432,67,2010,3,20101,201003,2010032,20100308,8,2,1,'MON','MAR'),(433,68,2010,3,20101,201003,2010032,20100309,9,2,1,'TUE','MAR'),(434,69,2010,3,20101,201003,2010032,20100310,10,2,1,'WED','MAR'),(435,70,2010,3,20101,201003,2010032,20100311,11,2,1,'THU','MAR'),(436,71,2010,3,20101,201003,2010032,20100312,12,2,1,'FRI','MAR'),(437,72,2010,3,20101,201003,2010032,20100313,13,2,1,'SAT','MAR'),(438,73,2010,3,20101,201003,2010032,20100314,14,2,1,'SUN','MAR'),(439,74,2010,3,20101,201003,2010033,20100315,15,3,1,'MON','MAR'),(440,75,2010,3,20101,201003,2010033,20100316,16,3,1,'TUE','MAR'),(441,76,2010,3,20101,201003,2010033,20100317,17,3,1,'WED','MAR'),(442,77,2010,3,20101,201003,2010033,20100318,18,3,1,'THU','MAR'),(443,78,2010,3,20101,201003,2010033,20100319,19,3,1,'FRI','MAR'),(444,79,2010,3,20101,201003,2010033,20100320,20,3,1,'SAT','MAR'),(445,80,2010,3,20101,201003,2010033,20100321,21,3,1,'SUN','MAR'),(446,81,2010,3,20101,201003,2010034,20100322,22,4,1,'MON','MAR'),(447,82,2010,3,20101,201003,2010034,20100323,23,4,1,'TUE','MAR'),(448,83,2010,3,20101,201003,2010034,20100324,24,4,1,'WED','MAR'),(449,84,2010,3,20101,201003,2010034,20100325,25,4,1,'THU','MAR'),(450,85,2010,3,20101,201003,2010034,20100326,26,4,1,'FRI','MAR'),(451,86,2010,3,20101,201003,2010034,20100327,27,4,1,'SAT','MAR'),(452,87,2010,3,20101,201003,2010034,20100328,28,4,1,'SUN','MAR'),(453,88,2010,3,20101,201003,2010035,20100329,29,5,1,'MON','MAR'),(454,89,2010,3,20101,201003,2010035,20100330,30,5,1,'TUE','MAR'),(455,90,2010,3,20101,201003,2010035,20100331,31,5,1,'WED','MAR'),(456,91,2010,4,20102,201004,2010041,20100401,1,1,2,'THU','APR'),(457,92,2010,4,20102,201004,2010041,20100402,2,1,2,'FRI','APR'),(458,93,2010,4,20102,201004,2010041,20100403,3,1,2,'SAT','APR'),(459,94,2010,4,20102,201004,2010041,20100404,4,1,2,'SUN','APR'),(460,95,2010,4,20102,201004,2010041,20100405,5,1,2,'MON','APR'),(461,96,2010,4,20102,201004,2010041,20100406,6,1,2,'TUE','APR'),(462,97,2010,4,20102,201004,2010041,20100407,7,1,2,'WED','APR'),(463,98,2010,4,20102,201004,2010042,20100408,8,2,2,'THU','APR'),(464,99,2010,4,20102,201004,2010042,20100409,9,2,2,'FRI','APR'),(465,100,2010,4,20102,201004,2010042,20100410,10,2,2,'SAT','APR'),(466,101,2010,4,20102,201004,2010042,20100411,11,2,2,'SUN','APR'),(467,102,2010,4,20102,201004,2010042,20100412,12,2,2,'MON','APR'),(468,103,2010,4,20102,201004,2010042,20100413,13,2,2,'TUE','APR'),(469,104,2010,4,20102,201004,2010042,20100414,14,2,2,'WED','APR'),(470,105,2010,4,20102,201004,2010043,20100415,15,3,2,'THU','APR'),(471,106,2010,4,20102,201004,2010043,20100416,16,3,2,'FRI','APR'),(472,107,2010,4,20102,201004,2010043,20100417,17,3,2,'SAT','APR'),(473,108,2010,4,20102,201004,2010043,20100418,18,3,2,'SUN','APR'),(474,109,2010,4,20102,201004,2010043,20100419,19,3,2,'MON','APR'),(475,110,2010,4,20102,201004,2010043,20100420,20,3,2,'TUE','APR'),(476,111,2010,4,20102,201004,2010043,20100421,21,3,2,'WED','APR'),(477,112,2010,4,20102,201004,2010044,20100422,22,4,2,'THU','APR'),(478,113,2010,4,20102,201004,2010044,20100423,23,4,2,'FRI','APR'),(479,114,2010,4,20102,201004,2010044,20100424,24,4,2,'SAT','APR'),(480,115,2010,4,20102,201004,2010044,20100425,25,4,2,'SUN','APR'),(481,116,2010,4,20102,201004,2010044,20100426,26,4,2,'MON','APR'),(482,117,2010,4,20102,201004,2010044,20100427,27,4,2,'TUE','APR'),(483,118,2010,4,20102,201004,2010044,20100428,28,4,2,'WED','APR'),(484,119,2010,4,20102,201004,2010045,20100429,29,5,2,'THU','APR'),(485,120,2010,4,20102,201004,2010045,20100430,30,5,2,'FRI','APR'),(486,121,2010,5,20102,201005,2010051,20100501,1,1,2,'SAT','MAY'),(487,122,2010,5,20102,201005,2010051,20100502,2,1,2,'SUN','MAY'),(488,123,2010,5,20102,201005,2010051,20100503,3,1,2,'MON','MAY'),(489,124,2010,5,20102,201005,2010051,20100504,4,1,2,'TUE','MAY'),(490,125,2010,5,20102,201005,2010051,20100505,5,1,2,'WED','MAY'),(491,126,2010,5,20102,201005,2010051,20100506,6,1,2,'THU','MAY'),(492,127,2010,5,20102,201005,2010051,20100507,7,1,2,'FRI','MAY'),(493,128,2010,5,20102,201005,2010052,20100508,8,2,2,'SAT','MAY'),(494,129,2010,5,20102,201005,2010052,20100509,9,2,2,'SUN','MAY'),(495,130,2010,5,20102,201005,2010052,20100510,10,2,2,'MON','MAY'),(496,131,2010,5,20102,201005,2010052,20100511,11,2,2,'TUE','MAY'),(497,132,2010,5,20102,201005,2010052,20100512,12,2,2,'WED','MAY'),(498,133,2010,5,20102,201005,2010052,20100513,13,2,2,'THU','MAY'),(499,134,2010,5,20102,201005,2010052,20100514,14,2,2,'FRI','MAY'),(500,135,2010,5,20102,201005,2010053,20100515,15,3,2,'SAT','MAY'),(501,136,2010,5,20102,201005,2010053,20100516,16,3,2,'SUN','MAY'),(502,137,2010,5,20102,201005,2010053,20100517,17,3,2,'MON','MAY'),(503,138,2010,5,20102,201005,2010053,20100518,18,3,2,'TUE','MAY'),(504,139,2010,5,20102,201005,2010053,20100519,19,3,2,'WED','MAY'),(505,140,2010,5,20102,201005,2010053,20100520,20,3,2,'THU','MAY'),(506,141,2010,5,20102,201005,2010053,20100521,21,3,2,'FRI','MAY'),(507,142,2010,5,20102,201005,2010054,20100522,22,4,2,'SAT','MAY'),(508,143,2010,5,20102,201005,2010054,20100523,23,4,2,'SUN','MAY'),(509,144,2010,5,20102,201005,2010054,20100524,24,4,2,'MON','MAY'),(510,145,2010,5,20102,201005,2010054,20100525,25,4,2,'TUE','MAY'),(511,146,2010,5,20102,201005,2010054,20100526,26,4,2,'WED','MAY'),(512,147,2010,5,20102,201005,2010054,20100527,27,4,2,'THU','MAY'),(513,148,2010,5,20102,201005,2010054,20100528,28,4,2,'FRI','MAY'),(514,149,2010,5,20102,201005,2010055,20100529,29,5,2,'SAT','MAY'),(515,150,2010,5,20102,201005,2010055,20100530,30,5,2,'SUN','MAY'),(516,151,2010,5,20102,201005,2010055,20100531,31,5,2,'MON','MAY'),(517,152,2010,6,20102,201006,2010061,20100601,1,1,2,'TUE','JUN'),(518,153,2010,6,20102,201006,2010061,20100602,2,1,2,'WED','JUN'),(519,154,2010,6,20102,201006,2010061,20100603,3,1,2,'THU','JUN'),(520,155,2010,6,20102,201006,2010061,20100604,4,1,2,'FRI','JUN'),(521,156,2010,6,20102,201006,2010061,20100605,5,1,2,'SAT','JUN'),(522,157,2010,6,20102,201006,2010061,20100606,6,1,2,'SUN','JUN'),(523,158,2010,6,20102,201006,2010061,20100607,7,1,2,'MON','JUN'),(524,159,2010,6,20102,201006,2010062,20100608,8,2,2,'TUE','JUN'),(525,160,2010,6,20102,201006,2010062,20100609,9,2,2,'WED','JUN'),(526,161,2010,6,20102,201006,2010062,20100610,10,2,2,'THU','JUN'),(527,162,2010,6,20102,201006,2010062,20100611,11,2,2,'FRI','JUN'),(528,163,2010,6,20102,201006,2010062,20100612,12,2,2,'SAT','JUN'),(529,164,2010,6,20102,201006,2010062,20100613,13,2,2,'SUN','JUN'),(530,165,2010,6,20102,201006,2010062,20100614,14,2,2,'MON','JUN'),(531,166,2010,6,20102,201006,2010063,20100615,15,3,2,'TUE','JUN'),(532,167,2010,6,20102,201006,2010063,20100616,16,3,2,'WED','JUN'),(533,168,2010,6,20102,201006,2010063,20100617,17,3,2,'THU','JUN'),(534,169,2010,6,20102,201006,2010063,20100618,18,3,2,'FRI','JUN'),(535,170,2010,6,20102,201006,2010063,20100619,19,3,2,'SAT','JUN'),(536,171,2010,6,20102,201006,2010063,20100620,20,3,2,'SUN','JUN'),(537,172,2010,6,20102,201006,2010063,20100621,21,3,2,'MON','JUN'),(538,173,2010,6,20102,201006,2010064,20100622,22,4,2,'TUE','JUN'),(539,174,2010,6,20102,201006,2010064,20100623,23,4,2,'WED','JUN'),(540,175,2010,6,20102,201006,2010064,20100624,24,4,2,'THU','JUN'),(541,176,2010,6,20102,201006,2010064,20100625,25,4,2,'FRI','JUN'),(542,177,2010,6,20102,201006,2010064,20100626,26,4,2,'SAT','JUN'),(543,178,2010,6,20102,201006,2010064,20100627,27,4,2,'SUN','JUN'),(544,179,2010,6,20102,201006,2010064,20100628,28,4,2,'MON','JUN'),(545,180,2010,6,20102,201006,2010065,20100629,29,5,2,'TUE','JUN'),(546,181,2010,6,20102,201006,2010065,20100630,30,5,2,'WED','JUN'),(547,182,2010,7,20103,201007,2010071,20100701,1,1,3,'THU','JUL'),(548,183,2010,7,20103,201007,2010071,20100702,2,1,3,'FRI','JUL'),(549,184,2010,7,20103,201007,2010071,20100703,3,1,3,'SAT','JUL'),(550,185,2010,7,20103,201007,2010071,20100704,4,1,3,'SUN','JUL'),(551,186,2010,7,20103,201007,2010071,20100705,5,1,3,'MON','JUL'),(552,187,2010,7,20103,201007,2010071,20100706,6,1,3,'TUE','JUL'),(553,188,2010,7,20103,201007,2010071,20100707,7,1,3,'WED','JUL'),(554,189,2010,7,20103,201007,2010072,20100708,8,2,3,'THU','JUL'),(555,190,2010,7,20103,201007,2010072,20100709,9,2,3,'FRI','JUL'),(556,191,2010,7,20103,201007,2010072,20100710,10,2,3,'SAT','JUL'),(557,192,2010,7,20103,201007,2010072,20100711,11,2,3,'SUN','JUL'),(558,193,2010,7,20103,201007,2010072,20100712,12,2,3,'MON','JUL'),(559,194,2010,7,20103,201007,2010072,20100713,13,2,3,'TUE','JUL'),(560,195,2010,7,20103,201007,2010072,20100714,14,2,3,'WED','JUL'),(561,196,2010,7,20103,201007,2010073,20100715,15,3,3,'THU','JUL'),(562,197,2010,7,20103,201007,2010073,20100716,16,3,3,'FRI','JUL'),(563,198,2010,7,20103,201007,2010073,20100717,17,3,3,'SAT','JUL'),(564,199,2010,7,20103,201007,2010073,20100718,18,3,3,'SUN','JUL'),(565,200,2010,7,20103,201007,2010073,20100719,19,3,3,'MON','JUL'),(566,201,2010,7,20103,201007,2010073,20100720,20,3,3,'TUE','JUL'),(567,202,2010,7,20103,201007,2010073,20100721,21,3,3,'WED','JUL'),(568,203,2010,7,20103,201007,2010074,20100722,22,4,3,'THU','JUL'),(569,204,2010,7,20103,201007,2010074,20100723,23,4,3,'FRI','JUL'),(570,205,2010,7,20103,201007,2010074,20100724,24,4,3,'SAT','JUL'),(571,206,2010,7,20103,201007,2010074,20100725,25,4,3,'SUN','JUL'),(572,207,2010,7,20103,201007,2010074,20100726,26,4,3,'MON','JUL'),(573,208,2010,7,20103,201007,2010074,20100727,27,4,3,'TUE','JUL'),(574,209,2010,7,20103,201007,2010074,20100728,28,4,3,'WED','JUL'),(575,210,2010,7,20103,201007,2010075,20100729,29,5,3,'THU','JUL'),(576,211,2010,7,20103,201007,2010075,20100730,30,5,3,'FRI','JUL'),(577,212,2010,7,20103,201007,2010075,20100731,31,5,3,'SAT','JUL'),(578,213,2010,8,20103,201008,2010081,20100801,1,1,3,'SUN','AUG'),(579,214,2010,8,20103,201008,2010081,20100802,2,1,3,'MON','AUG'),(580,215,2010,8,20103,201008,2010081,20100803,3,1,3,'TUE','AUG'),(581,216,2010,8,20103,201008,2010081,20100804,4,1,3,'WED','AUG'),(582,217,2010,8,20103,201008,2010081,20100805,5,1,3,'THU','AUG'),(583,218,2010,8,20103,201008,2010081,20100806,6,1,3,'FRI','AUG'),(584,219,2010,8,20103,201008,2010081,20100807,7,1,3,'SAT','AUG'),(585,220,2010,8,20103,201008,2010082,20100808,8,2,3,'SUN','AUG'),(586,221,2010,8,20103,201008,2010082,20100809,9,2,3,'MON','AUG'),(587,222,2010,8,20103,201008,2010082,20100810,10,2,3,'TUE','AUG'),(588,223,2010,8,20103,201008,2010082,20100811,11,2,3,'WED','AUG'),(589,224,2010,8,20103,201008,2010082,20100812,12,2,3,'THU','AUG'),(590,225,2010,8,20103,201008,2010082,20100813,13,2,3,'FRI','AUG'),(591,226,2010,8,20103,201008,2010082,20100814,14,2,3,'SAT','AUG'),(592,227,2010,8,20103,201008,2010083,20100815,15,3,3,'SUN','AUG'),(593,228,2010,8,20103,201008,2010083,20100816,16,3,3,'MON','AUG'),(594,229,2010,8,20103,201008,2010083,20100817,17,3,3,'TUE','AUG'),(595,230,2010,8,20103,201008,2010083,20100818,18,3,3,'WED','AUG'),(596,231,2010,8,20103,201008,2010083,20100819,19,3,3,'THU','AUG'),(597,232,2010,8,20103,201008,2010083,20100820,20,3,3,'FRI','AUG'),(598,233,2010,8,20103,201008,2010083,20100821,21,3,3,'SAT','AUG'),(599,234,2010,8,20103,201008,2010084,20100822,22,4,3,'SUN','AUG'),(600,235,2010,8,20103,201008,2010084,20100823,23,4,3,'MON','AUG'),(601,236,2010,8,20103,201008,2010084,20100824,24,4,3,'TUE','AUG'),(602,237,2010,8,20103,201008,2010084,20100825,25,4,3,'WED','AUG'),(603,238,2010,8,20103,201008,2010084,20100826,26,4,3,'THU','AUG'),(604,239,2010,8,20103,201008,2010084,20100827,27,4,3,'FRI','AUG'),(605,240,2010,8,20103,201008,2010084,20100828,28,4,3,'SAT','AUG'),(606,241,2010,8,20103,201008,2010085,20100829,29,5,3,'SUN','AUG'),(607,242,2010,8,20103,201008,2010085,20100830,30,5,3,'MON','AUG'),(608,243,2010,8,20103,201008,2010085,20100831,31,5,3,'TUE','AUG'),(609,244,2010,9,20103,201009,2010091,20100901,1,1,3,'WED','SEP'),(610,245,2010,9,20103,201009,2010091,20100902,2,1,3,'THU','SEP'),(611,246,2010,9,20103,201009,2010091,20100903,3,1,3,'FRI','SEP'),(612,247,2010,9,20103,201009,2010091,20100904,4,1,3,'SAT','SEP'),(613,248,2010,9,20103,201009,2010091,20100905,5,1,3,'SUN','SEP'),(614,249,2010,9,20103,201009,2010091,20100906,6,1,3,'MON','SEP'),(615,250,2010,9,20103,201009,2010091,20100907,7,1,3,'TUE','SEP'),(616,251,2010,9,20103,201009,2010092,20100908,8,2,3,'WED','SEP'),(617,252,2010,9,20103,201009,2010092,20100909,9,2,3,'THU','SEP'),(618,253,2010,9,20103,201009,2010092,20100910,10,2,3,'FRI','SEP'),(619,254,2010,9,20103,201009,2010092,20100911,11,2,3,'SAT','SEP'),(620,255,2010,9,20103,201009,2010092,20100912,12,2,3,'SUN','SEP'),(621,256,2010,9,20103,201009,2010092,20100913,13,2,3,'MON','SEP'),(622,257,2010,9,20103,201009,2010092,20100914,14,2,3,'TUE','SEP'),(623,258,2010,9,20103,201009,2010093,20100915,15,3,3,'WED','SEP'),(624,259,2010,9,20103,201009,2010093,20100916,16,3,3,'THU','SEP'),(625,260,2010,9,20103,201009,2010093,20100917,17,3,3,'FRI','SEP'),(626,261,2010,9,20103,201009,2010093,20100918,18,3,3,'SAT','SEP'),(627,262,2010,9,20103,201009,2010093,20100919,19,3,3,'SUN','SEP'),(628,263,2010,9,20103,201009,2010093,20100920,20,3,3,'MON','SEP'),(629,264,2010,9,20103,201009,2010093,20100921,21,3,3,'TUE','SEP'),(630,265,2010,9,20103,201009,2010094,20100922,22,4,3,'WED','SEP'),(631,266,2010,9,20103,201009,2010094,20100923,23,4,3,'THU','SEP'),(632,267,2010,9,20103,201009,2010094,20100924,24,4,3,'FRI','SEP'),(633,268,2010,9,20103,201009,2010094,20100925,25,4,3,'SAT','SEP'),(634,269,2010,9,20103,201009,2010094,20100926,26,4,3,'SUN','SEP'),(635,270,2010,9,20103,201009,2010094,20100927,27,4,3,'MON','SEP'),(636,271,2010,9,20103,201009,2010094,20100928,28,4,3,'TUE','SEP'),(637,272,2010,9,20103,201009,2010095,20100929,29,5,3,'WED','SEP'),(638,273,2010,9,20103,201009,2010095,20100930,30,5,3,'THU','SEP'),(639,274,2010,10,20104,201010,2010101,20101001,1,1,4,'FRI','OCT'),(640,275,2010,10,20104,201010,2010101,20101002,2,1,4,'SAT','OCT'),(641,276,2010,10,20104,201010,2010101,20101003,3,1,4,'SUN','OCT'),(642,277,2010,10,20104,201010,2010101,20101004,4,1,4,'MON','OCT'),(643,278,2010,10,20104,201010,2010101,20101005,5,1,4,'TUE','OCT'),(644,279,2010,10,20104,201010,2010101,20101006,6,1,4,'WED','OCT'),(645,280,2010,10,20104,201010,2010101,20101007,7,1,4,'THU','OCT'),(646,281,2010,10,20104,201010,2010102,20101008,8,2,4,'FRI','OCT'),(647,282,2010,10,20104,201010,2010102,20101009,9,2,4,'SAT','OCT'),(648,283,2010,10,20104,201010,2010102,20101010,10,2,4,'SUN','OCT'),(649,284,2010,10,20104,201010,2010102,20101011,11,2,4,'MON','OCT'),(650,285,2010,10,20104,201010,2010102,20101012,12,2,4,'TUE','OCT'),(651,286,2010,10,20104,201010,2010102,20101013,13,2,4,'WED','OCT'),(652,287,2010,10,20104,201010,2010102,20101014,14,2,4,'THU','OCT'),(653,288,2010,10,20104,201010,2010103,20101015,15,3,4,'FRI','OCT'),(654,289,2010,10,20104,201010,2010103,20101016,16,3,4,'SAT','OCT'),(655,290,2010,10,20104,201010,2010103,20101017,17,3,4,'SUN','OCT'),(656,291,2010,10,20104,201010,2010103,20101018,18,3,4,'MON','OCT'),(657,292,2010,10,20104,201010,2010103,20101019,19,3,4,'TUE','OCT'),(658,293,2010,10,20104,201010,2010103,20101020,20,3,4,'WED','OCT'),(659,294,2010,10,20104,201010,2010103,20101021,21,3,4,'THU','OCT'),(660,295,2010,10,20104,201010,2010104,20101022,22,4,4,'FRI','OCT'),(661,296,2010,10,20104,201010,2010104,20101023,23,4,4,'SAT','OCT'),(662,297,2010,10,20104,201010,2010104,20101024,24,4,4,'SUN','OCT'),(663,298,2010,10,20104,201010,2010104,20101025,25,4,4,'MON','OCT'),(664,299,2010,10,20104,201010,2010104,20101026,26,4,4,'TUE','OCT'),(665,300,2010,10,20104,201010,2010104,20101027,27,4,4,'WED','OCT'),(666,301,2010,10,20104,201010,2010104,20101028,28,4,4,'THU','OCT'),(667,302,2010,10,20104,201010,2010105,20101029,29,5,4,'FRI','OCT'),(668,303,2010,10,20104,201010,2010105,20101030,30,5,4,'SAT','OCT'),(669,304,2010,10,20104,201010,2010105,20101031,31,5,4,'SUN','OCT'),(670,305,2010,11,20104,201011,2010111,20101101,1,1,4,'MON','NOV'),(671,306,2010,11,20104,201011,2010111,20101102,2,1,4,'TUE','NOV'),(672,307,2010,11,20104,201011,2010111,20101103,3,1,4,'WED','NOV'),(673,308,2010,11,20104,201011,2010111,20101104,4,1,4,'THU','NOV'),(674,309,2010,11,20104,201011,2010111,20101105,5,1,4,'FRI','NOV'),(675,310,2010,11,20104,201011,2010111,20101106,6,1,4,'SAT','NOV'),(676,311,2010,11,20104,201011,2010111,20101107,7,1,4,'SUN','NOV'),(677,312,2010,11,20104,201011,2010112,20101108,8,2,4,'MON','NOV'),(678,313,2010,11,20104,201011,2010112,20101109,9,2,4,'TUE','NOV'),(679,314,2010,11,20104,201011,2010112,20101110,10,2,4,'WED','NOV'),(680,315,2010,11,20104,201011,2010112,20101111,11,2,4,'THU','NOV'),(681,316,2010,11,20104,201011,2010112,20101112,12,2,4,'FRI','NOV'),(682,317,2010,11,20104,201011,2010112,20101113,13,2,4,'SAT','NOV'),(683,318,2010,11,20104,201011,2010112,20101114,14,2,4,'SUN','NOV'),(684,319,2010,11,20104,201011,2010113,20101115,15,3,4,'MON','NOV'),(685,320,2010,11,20104,201011,2010113,20101116,16,3,4,'TUE','NOV'),(686,321,2010,11,20104,201011,2010113,20101117,17,3,4,'WED','NOV'),(687,322,2010,11,20104,201011,2010113,20101118,18,3,4,'THU','NOV'),(688,323,2010,11,20104,201011,2010113,20101119,19,3,4,'FRI','NOV'),(689,324,2010,11,20104,201011,2010113,20101120,20,3,4,'SAT','NOV'),(690,325,2010,11,20104,201011,2010113,20101121,21,3,4,'SUN','NOV'),(691,326,2010,11,20104,201011,2010114,20101122,22,4,4,'MON','NOV'),(692,327,2010,11,20104,201011,2010114,20101123,23,4,4,'TUE','NOV'),(693,328,2010,11,20104,201011,2010114,20101124,24,4,4,'WED','NOV'),(694,329,2010,11,20104,201011,2010114,20101125,25,4,4,'THU','NOV'),(695,330,2010,11,20104,201011,2010114,20101126,26,4,4,'FRI','NOV'),(696,331,2010,11,20104,201011,2010114,20101127,27,4,4,'SAT','NOV'),(697,332,2010,11,20104,201011,2010114,20101128,28,4,4,'SUN','NOV'),(698,333,2010,11,20104,201011,2010115,20101129,29,5,4,'MON','NOV'),(699,334,2010,11,20104,201011,2010115,20101130,30,5,4,'TUE','NOV'),(700,335,2010,12,20104,201012,2010121,20101201,1,1,4,'WED','DEC'),(701,336,2010,12,20104,201012,2010121,20101202,2,1,4,'THU','DEC'),(702,337,2010,12,20104,201012,2010121,20101203,3,1,4,'FRI','DEC'),(703,338,2010,12,20104,201012,2010121,20101204,4,1,4,'SAT','DEC'),(704,339,2010,12,20104,201012,2010121,20101205,5,1,4,'SUN','DEC'),(705,340,2010,12,20104,201012,2010121,20101206,6,1,4,'MON','DEC'),(706,341,2010,12,20104,201012,2010121,20101207,7,1,4,'TUE','DEC'),(707,342,2010,12,20104,201012,2010122,20101208,8,2,4,'WED','DEC'),(708,343,2010,12,20104,201012,2010122,20101209,9,2,4,'THU','DEC'),(709,344,2010,12,20104,201012,2010122,20101210,10,2,4,'FRI','DEC'),(710,345,2010,12,20104,201012,2010122,20101211,11,2,4,'SAT','DEC'),(711,346,2010,12,20104,201012,2010122,20101212,12,2,4,'SUN','DEC'),(712,347,2010,12,20104,201012,2010122,20101213,13,2,4,'MON','DEC'),(713,348,2010,12,20104,201012,2010122,20101214,14,2,4,'TUE','DEC'),(714,349,2010,12,20104,201012,2010123,20101215,15,3,4,'WED','DEC'),(715,350,2010,12,20104,201012,2010123,20101216,16,3,4,'THU','DEC'),(716,351,2010,12,20104,201012,2010123,20101217,17,3,4,'FRI','DEC'),(717,352,2010,12,20104,201012,2010123,20101218,18,3,4,'SAT','DEC'),(718,353,2010,12,20104,201012,2010123,20101219,19,3,4,'SUN','DEC'),(719,354,2010,12,20104,201012,2010123,20101220,20,3,4,'MON','DEC'),(720,355,2010,12,20104,201012,2010123,20101221,21,3,4,'TUE','DEC'),(721,356,2010,12,20104,201012,2010124,20101222,22,4,4,'WED','DEC'),(722,357,2010,12,20104,201012,2010124,20101223,23,4,4,'THU','DEC'),(723,358,2010,12,20104,201012,2010124,20101224,24,4,4,'FRI','DEC'),(724,359,2010,12,20104,201012,2010124,20101225,25,4,4,'SAT','DEC'),(725,360,2010,12,20104,201012,2010124,20101226,26,4,4,'SUN','DEC'),(726,361,2010,12,20104,201012,2010124,20101227,27,4,4,'MON','DEC'),(727,362,2010,12,20104,201012,2010124,20101228,28,4,4,'TUE','DEC'),(728,363,2010,12,20104,201012,2010125,20101229,29,5,4,'WED','DEC'),(729,364,2010,12,20104,201012,2010125,20101230,30,5,4,'THU','DEC'),(730,365,2010,12,20104,201012,2010125,20101231,31,5,4,'FRI','DEC');
/*!40000 ALTER TABLE `date_dim` ENABLE KEYS */;
UNLOCK TABLES;

--
-- Table structure for table `default_reminders`
--

DROP TABLE IF EXISTS `default_reminders`;
/*!40101 SET @saved_cs_client     = @@character_set_client */;
/*!40101 SET character_set_client = utf8 */;
CREATE TABLE `default_reminders` (
  `PERSONEL_ID` int(11) NOT NULL,
  `REMINDER_FOR` varchar(20) COLLATE utf8_unicode_ci NOT NULL,
  `REMINDER_OPTION_CODE` varchar(25) COLLATE utf8_unicode_ci NOT NULL,
  `REMINDER_NO` varchar(5) COLLATE utf8_unicode_ci NOT NULL,
  `REMINDER_TIME` varchar(5) COLLATE utf8_unicode_ci DEFAULT NULL,
  `DURATION_CODE` varchar(5) COLLATE utf8_unicode_ci DEFAULT NULL,
  `CREATED_DTM` datetime DEFAULT NULL,
  `CREATED_BY` varchar(45) COLLATE utf8_unicode_ci DEFAULT NULL,
  `LAST_MODIFIED_DTM` datetime DEFAULT NULL,
  `MODIFIED_BY` varchar(45) COLLATE utf8_unicode_ci DEFAULT NULL,
  `VERSION` int(11) NOT NULL,
  PRIMARY KEY (`PERSONEL_ID`,`REMINDER_FOR`,`REMINDER_OPTION_CODE`,`REMINDER_NO`),
  KEY `Default_Reminders_Duration_Code_FK` (`DURATION_CODE`),
  KEY `Default_Reminders_Reminder_Options_code_FK` (`REMINDER_OPTION_CODE`),
  KEY `Default_Reminders_Reminder_For_FK` (`REMINDER_FOR`)
) ENGINE=InnoDB DEFAULT CHARSET=utf8 COLLATE=utf8_unicode_ci;
/*!40101 SET character_set_client = @saved_cs_client */;

--
-- Dumping data for table `default_reminders`
--

LOCK TABLES `default_reminders` WRITE;
/*!40000 ALTER TABLE `default_reminders` DISABLE KEYS */;
/*!40000 ALTER TABLE `default_reminders` ENABLE KEYS */;
UNLOCK TABLES;

--
-- Table structure for table `department`
--

DROP TABLE IF EXISTS `department`;
/*!40101 SET @saved_cs_client     = @@character_set_client */;
/*!40101 SET character_set_client = utf8 */;
CREATE TABLE `department` (
  `DEPARTMENT_CODE` varchar(25) COLLATE utf8_unicode_ci NOT NULL,
  `DEPARTMENT_NAME` varchar(45) COLLATE utf8_unicode_ci NOT NULL,
  `ACCOUNT_NUMBER` varchar(20) COLLATE utf8_unicode_ci DEFAULT NULL,
  `PROFIT_CENTER_CODE` varchar(20) COLLATE utf8_unicode_ci DEFAULT NULL,
  `ACTIVE` smallint(1) DEFAULT NULL,
  `CREATED_DTM` datetime DEFAULT NULL,
  `CREATED_BY` varchar(45) COLLATE utf8_unicode_ci DEFAULT NULL,
  `LAST_MODIFIED_DTM` datetime DEFAULT NULL,
  `MODIFIED_BY` varchar(45) COLLATE utf8_unicode_ci DEFAULT NULL,
  PRIMARY KEY (`DEPARTMENT_CODE`)
) ENGINE=InnoDB DEFAULT CHARSET=utf8 COLLATE=utf8_unicode_ci;
/*!40101 SET character_set_client = @saved_cs_client */;

--
-- Dumping data for table `department`
--

LOCK TABLES `department` WRITE;
/*!40000 ALTER TABLE `department` DISABLE KEYS */;
INSERT INTO `department` VALUES ('ADMIN','Administrative',NULL,NULL,1,NULL,NULL,NULL,NULL),('ANESTHESIOLOGY','Anesthesiology',NULL,NULL,1,NULL,NULL,NULL,NULL),('CARDIOLOGY','Cardiology',NULL,NULL,1,NULL,NULL,NULL,NULL),('DENTAL','Dental',NULL,NULL,1,NULL,NULL,NULL,NULL),('ENDOCRINOLOGY','Endocrinology',NULL,NULL,1,NULL,NULL,NULL,NULL),('ENT','ENT',NULL,NULL,1,NULL,NULL,NULL,NULL),('EYE','Eye',NULL,NULL,1,NULL,NULL,NULL,NULL),('GASTROENTEROLOGY','Gastroenterology ',NULL,NULL,1,NULL,NULL,NULL,NULL),('GYN_OBS','Gynaecology and Obstetrics ',NULL,NULL,1,NULL,NULL,NULL,NULL),('MEDICINE','Medicine',NULL,NULL,1,NULL,NULL,NULL,NULL),('NEPHROLOGY','Nephrology',NULL,NULL,1,NULL,NULL,NULL,NULL),('NEUROLOGY','Neurology',NULL,NULL,1,NULL,NULL,NULL,NULL),('ONCOLOGY','Oncology',NULL,NULL,1,NULL,NULL,NULL,NULL),('ORTHOPEDICS','Orthopedics',NULL,NULL,1,NULL,NULL,NULL,NULL),('PATHOLOGY','Pathology',NULL,NULL,1,NULL,NULL,NULL,NULL),('PEDIATRICS','Pediatrics',NULL,NULL,1,NULL,NULL,NULL,NULL),('PSYCHIATRY','Psychiatry',NULL,NULL,1,NULL,NULL,NULL,NULL),('RADIOLOGY_IMAGING','Radiology & Imaging',NULL,NULL,1,NULL,NULL,NULL,NULL),('RHEUMATOLOGY','Rheumatology',NULL,NULL,1,NULL,NULL,NULL,NULL),('SKIN_VD','Skin & V.D.',NULL,NULL,1,NULL,NULL,NULL,NULL),('SURGERY','Surgery',NULL,NULL,1,NULL,NULL,NULL,NULL),('UROLOGY','Urology',NULL,NULL,1,NULL,NULL,NULL,NULL);
/*!40000 ALTER TABLE `department` ENABLE KEYS */;
UNLOCK TABLES;

--
-- Table structure for table `dept_especiality_assoc`
--

DROP TABLE IF EXISTS `dept_especiality_assoc`;
/*!40101 SET @saved_cs_client     = @@character_set_client */;
/*!40101 SET character_set_client = utf8 */;
CREATE TABLE `dept_especiality_assoc` (
  `DEPARTMENT_CODE` varchar(25) CHARACTER SET utf8 COLLATE utf8_unicode_ci NOT NULL,
  `ESPECIALITY_CODE` varchar(25) CHARACTER SET utf8 COLLATE utf8_unicode_ci NOT NULL,
  `ACTIVE` varchar(1) NOT NULL,
  `LAST_MODIFIED_DTM` datetime NOT NULL,
  `USER_ID` varchar(45) NOT NULL,
  `VERSION` int(11) NOT NULL,
  PRIMARY KEY (`DEPARTMENT_CODE`,`ESPECIALITY_CODE`),
  KEY `ESPECIALITY_CODE` (`ESPECIALITY_CODE`),
  CONSTRAINT `dept_especiality_assoc_ibfk_1` FOREIGN KEY (`DEPARTMENT_CODE`) REFERENCES `department` (`DEPARTMENT_CODE`),
  CONSTRAINT `dept_especiality_assoc_ibfk_2` FOREIGN KEY (`ESPECIALITY_CODE`) REFERENCES `especialty` (`ESPECIALTY_CODE`)
) ENGINE=InnoDB DEFAULT CHARSET=latin1;
/*!40101 SET character_set_client = @saved_cs_client */;

--
-- Dumping data for table `dept_especiality_assoc`
--

LOCK TABLES `dept_especiality_assoc` WRITE;
/*!40000 ALTER TABLE `dept_especiality_assoc` DISABLE KEYS */;
INSERT INTO `dept_especiality_assoc` VALUES ('CARDIOLOGY','CARDIOLOGISTS','Y','2010-01-09 19:54:04','vinay kurudi',0),('NEUROLOGY','NEUROLOGISTS','Y','2010-01-09 19:54:54','vinaykurudi',0),('PEDIATRICS','PEDIATRICIANS','Y','2010-01-09 19:54:26','vinay kurudi',0),('RADIOLOGY_IMAGING','RADIOLOGISTS','Y','2010-01-09 19:55:36','vinay kurudi',0);
/*!40000 ALTER TABLE `dept_especiality_assoc` ENABLE KEYS */;
UNLOCK TABLES;

--
-- Table structure for table `discharge_activity`
--

DROP TABLE IF EXISTS `discharge_activity`;
/*!40101 SET @saved_cs_client     = @@character_set_client */;
/*!40101 SET character_set_client = utf8 */;
CREATE TABLE `discharge_activity` (
  `ADMISSION_REQ_NBR` int(11) NOT NULL,
  `ACTIVITY_TYPE_CD` varchar(30) NOT NULL,
  `CREATION_DTM` timestamp NOT NULL DEFAULT CURRENT_TIMESTAMP ON UPDATE CURRENT_TIMESTAMP,
  `ORDER_STATUS_CD` varchar(30) NOT NULL,
  `CREATED_BY` varchar(20) DEFAULT NULL,
  `REMARKS` varchar(512) DEFAULT NULL,
  `VERSION` int(11) NOT NULL,
  PRIMARY KEY (`ADMISSION_REQ_NBR`,`ACTIVITY_TYPE_CD`,`CREATION_DTM`),
  KEY `DA_ADMISSION_NBR_FK1` (`ADMISSION_REQ_NBR`),
  KEY `DA_ACTIVITY_TYPE_CD_FK` (`ACTIVITY_TYPE_CD`),
  KEY `DA_ORDER_STATUS_CD_FK` (`ORDER_STATUS_CD`),
  CONSTRAINT `DA_ACTIVITY_TYPE_CD_FK` FOREIGN KEY (`ACTIVITY_TYPE_CD`) REFERENCES `activity_type` (`ACTIVITY_TYPE_CD`) ON DELETE NO ACTION ON UPDATE NO ACTION,
  CONSTRAINT `DA_ORDER_STATUS_CD_FK` FOREIGN KEY (`ORDER_STATUS_CD`) REFERENCES `doctor_order_status` (`ORDER_STATUS_CD`) ON DELETE NO ACTION ON UPDATE NO ACTION,
  CONSTRAINT `discharge_activity_ibfk_1` FOREIGN KEY (`ADMISSION_REQ_NBR`) REFERENCES `admission` (`ADMISSION_REQ_NBR`)
) ENGINE=InnoDB DEFAULT CHARSET=latin1;
/*!40101 SET character_set_client = @saved_cs_client */;

--
-- Dumping data for table `discharge_activity`
--

LOCK TABLES `discharge_activity` WRITE;
/*!40000 ALTER TABLE `discharge_activity` DISABLE KEYS */;
INSERT INTO `discharge_activity` VALUES (5,'DISC_COMPLETED','2010-10-01 05:10:04','COMPLETED','Bhavesh ',' Patient discharged ',0),(5,'DISC_CREATED','2010-10-01 04:11:19','CREATED',NULL,' Discharge Order created',0),(6,'DISC_COMPLETED','2010-10-06 14:16:07','COMPLETED','Alok Ranjan',' Patient discharged ',0),(6,'DISC_CREATED','2010-10-06 13:55:28','CREATED',NULL,' Discharge Order created',0),(7,'DISC_COMPLETED','2010-10-06 12:06:12','COMPLETED','Alok Ranjan',' Patient discharged ',0),(7,'DISC_CREATED','2010-10-06 11:43:59','CREATED',NULL,' Discharge Order created',0),(8,'DISC_COMPLETED','2010-10-06 13:07:23','COMPLETED','Alok Ranjan',' Patient discharged ',0),(8,'DISC_CREATED','2010-10-06 12:46:38','CREATED',NULL,' Discharge Order created',0),(9,'DISC_COMPLETED','2010-10-06 13:07:30','COMPLETED','Alok Ranjan',' Patient discharged ',0),(9,'DISC_CREATED','2010-10-06 12:46:31','CREATED',NULL,' Discharge Order created',0),(14,'DISC_COMPLETED','2010-10-06 13:09:38','COMPLETED','Alok Ranjan',' Patient discharged ',0),(14,'DISC_CREATED','2010-10-06 12:48:49','CREATED',NULL,' Discharge Order created',0),(21,'DISC_COMPLETED','2010-10-06 13:07:18','COMPLETED','ajit kumar',' Patient discharged ',0),(21,'DISC_CREATED','2010-10-06 12:47:14','CREATED',NULL,' Discharge Order created',0);
/*!40000 ALTER TABLE `discharge_activity` ENABLE KEYS */;
UNLOCK TABLES;

--
-- Table structure for table `discharge_order`
--

DROP TABLE IF EXISTS `discharge_order`;
/*!40101 SET @saved_cs_client     = @@character_set_client */;
/*!40101 SET character_set_client = utf8 */;
CREATE TABLE `discharge_order` (
  `ADMISSION_REQ_NBR` int(11) NOT NULL,
  `DOCTOR_ORDER_NBR` int(11) NOT NULL,
  `ORDER_CREATION_DTM` timestamp NOT NULL DEFAULT CURRENT_TIMESTAMP,
  `ORDER_REQUESTED_BY` varchar(20) DEFAULT NULL,
  `ORDER_STATUS_CD` varchar(20) DEFAULT NULL,
  `DISCHARGE_TYPE_CD` varchar(30) NOT NULL,
  `APPROVED_BY` varchar(20) DEFAULT NULL,
  `APPROVAL_TIME` timestamp NULL DEFAULT NULL,
  `MODIFIED_BY` varchar(20) DEFAULT NULL,
  `LAST_MODIFIED_DTM` timestamp NULL DEFAULT NULL,
  `EXPECTED_DISCHARGE_DTM` datetime DEFAULT NULL,
  `DISCHARGE_SUMMARY` longtext,
  `ACTUAL_DISCHARGE_DTM` datetime DEFAULT NULL,
  `VERSION` int(11) NOT NULL,
  PRIMARY KEY (`ADMISSION_REQ_NBR`),
  KEY `DDO_DISCHARGE_TYPE_CD_FK` (`DISCHARGE_TYPE_CD`),
  KEY `DDO_ADMISSION_NBR_FK` (`ADMISSION_REQ_NBR`),
  KEY `DDO_DOCTOR_ORDER_NBR_FK` (`DOCTOR_ORDER_NBR`),
  KEY `DDO_ORDER_STATUS_CD_FK` (`ORDER_STATUS_CD`),
  CONSTRAINT `DDO_DISCHARGE_TYPE_CD_FK` FOREIGN KEY (`DISCHARGE_TYPE_CD`) REFERENCES `discharge_type` (`DISCHARGE_TYPE_CD`) ON DELETE NO ACTION ON UPDATE NO ACTION,
  CONSTRAINT `DDO_DOCTOR_ORDER_NBR_FK` FOREIGN KEY (`DOCTOR_ORDER_NBR`) REFERENCES `doctor_order` (`DOCTOR_ORDER_NBR`) ON DELETE NO ACTION ON UPDATE NO ACTION,
  CONSTRAINT `DDO_ORDER_STATUS_CD_FK` FOREIGN KEY (`ORDER_STATUS_CD`) REFERENCES `doctor_order_status` (`ORDER_STATUS_CD`) ON DELETE NO ACTION ON UPDATE NO ACTION,
  CONSTRAINT `discharge_order_ibfk_1` FOREIGN KEY (`ADMISSION_REQ_NBR`) REFERENCES `admission` (`ADMISSION_REQ_NBR`)
) ENGINE=InnoDB DEFAULT CHARSET=latin1;
/*!40101 SET character_set_client = @saved_cs_client */;

--
-- Dumping data for table `discharge_order`
--

LOCK TABLES `discharge_order` WRITE;
/*!40000 ALTER TABLE `discharge_order` DISABLE KEYS */;
INSERT INTO `discharge_order` VALUES (5,40,'2010-10-01 04:29:35','Bhavesh ','COMPLETED','HOME',NULL,NULL,'Bhavesh ','2010-10-01 05:10:04','2010-10-01 09:59:00','','2010-10-01 10:40:04',1),(6,52,'2010-10-06 14:15:50','Alok Ranjan','COMPLETED','HOME',NULL,NULL,'Alok Ranjan','2010-10-06 14:16:07','2010-10-07 00:00:00','discharge','2010-10-06 19:46:07',1),(7,45,'2010-10-06 12:04:22','Alok Ranjan','COMPLETED','HOME',NULL,NULL,'Alok Ranjan','2010-10-06 12:06:12','2010-10-07 00:00:00','Discharged','2010-10-06 17:36:12',1),(8,47,'2010-10-06 13:07:00','Alok Ranjan','COMPLETED','HOME',NULL,NULL,'Alok Ranjan','2010-10-06 13:07:23','2010-10-06 18:35:00','discharge','2010-10-06 18:37:23',1),(9,48,'2010-10-06 13:06:54','Alok Ranjan','COMPLETED','HOME',NULL,NULL,'Alok Ranjan','2010-10-06 13:07:30','2010-10-06 18:37:00','discharge','2010-10-06 18:37:30',1),(14,50,'2010-10-06 13:09:12','Alok Ranjan','COMPLETED','HOME',NULL,NULL,'Alok Ranjan','2010-10-06 13:09:38','2010-10-06 18:39:00','discharge','2010-10-06 18:39:38',1),(21,49,'2010-10-06 13:06:09','ajit kumar','COMPLETED','HOME',NULL,NULL,'ajit kumar','2010-10-06 13:07:18','2010-10-06 18:36:00','Discharge to home.<br>','2010-10-06 18:37:18',1);
/*!40000 ALTER TABLE `discharge_order` ENABLE KEYS */;
UNLOCK TABLES;

--
-- Table structure for table `discharge_type`
--

DROP TABLE IF EXISTS `discharge_type`;
/*!40101 SET @saved_cs_client     = @@character_set_client */;
/*!40101 SET character_set_client = utf8 */;
CREATE TABLE `discharge_type` (
  `DISCHARGE_TYPE_CD` varchar(30) NOT NULL,
  `DESCRIPTION` varchar(256) DEFAULT NULL,
  `PROCEDURE` longtext,
  PRIMARY KEY (`DISCHARGE_TYPE_CD`)
) ENGINE=InnoDB DEFAULT CHARSET=latin1;
/*!40101 SET character_set_client = @saved_cs_client */;

--
-- Dumping data for table `discharge_type`
--

LOCK TABLES `discharge_type` WRITE;
/*!40000 ALTER TABLE `discharge_type` DISABLE KEYS */;
INSERT INTO `discharge_type` VALUES ('AMA','Against medical advice','The hospital must get the AMA form signed by the patient and his or her attendants'),('EXPIRATION','Patient expired',NULL),('HOME','Discharged to home','Patient must not need any service which may not be available at his or her home\r\n'),('HOME_ASSISTANCE','Discharged to home with assistance',NULL),('OTHER_FACILITY','Discharged to other facility',NULL);
/*!40000 ALTER TABLE `discharge_type` ENABLE KEYS */;
UNLOCK TABLES;

--
-- Table structure for table `disease`
--

DROP TABLE IF EXISTS `disease`;
/*!40101 SET @saved_cs_client     = @@character_set_client */;
/*!40101 SET character_set_client = utf8 */;
CREATE TABLE `disease` (
  `DISEASE_NAME` varchar(30) NOT NULL,
  `DESCRIPTION` varchar(512) DEFAULT NULL,
  `DISEASE_GROUP` varchar(30) DEFAULT NULL,
  `CREATED_BY` varchar(150) NOT NULL,
  `CREATED_DTM` timestamp NOT NULL DEFAULT CURRENT_TIMESTAMP,
  `MODIFIED_BY` varchar(150) DEFAULT NULL,
  `LAST_MODIFIED_DTM` timestamp NULL DEFAULT NULL,
  `VERSION` int(11) NOT NULL,
  PRIMARY KEY (`DISEASE_NAME`)
) ENGINE=InnoDB DEFAULT CHARSET=latin1;
/*!40101 SET character_set_client = @saved_cs_client */;

--
-- Dumping data for table `disease`
--

LOCK TABLES `disease` WRITE;
/*!40000 ALTER TABLE `disease` DISABLE KEYS */;
/*!40000 ALTER TABLE `disease` ENABLE KEYS */;
UNLOCK TABLES;

--
-- Table structure for table `disease_requires_service`
--

DROP TABLE IF EXISTS `disease_requires_service`;
/*!40101 SET @saved_cs_client     = @@character_set_client */;
/*!40101 SET character_set_client = utf8 */;
CREATE TABLE `disease_requires_service` (
  `DISEASE_NAME` varchar(30) NOT NULL,
  `SERVICE_CODE` varchar(15) NOT NULL,
  `CREATED_BY` varchar(35) NOT NULL,
  `CREATED_DTM` timestamp NOT NULL DEFAULT CURRENT_TIMESTAMP,
  `VERSION` int(11) NOT NULL,
  PRIMARY KEY (`DISEASE_NAME`,`SERVICE_CODE`),
  KEY `DISEASE_REQUIRS_SERVICE_DISEASE_NAME_FK` (`DISEASE_NAME`),
  KEY `DISEASE_REQUIRS_SERVICE_SERVICE_CODE_FK` (`SERVICE_CODE`),
  CONSTRAINT `disease_requires_service_ibfk_1` FOREIGN KEY (`DISEASE_NAME`) REFERENCES `disease` (`DISEASE_NAME`)
) ENGINE=InnoDB DEFAULT CHARSET=latin1;
/*!40101 SET character_set_client = @saved_cs_client */;

--
-- Dumping data for table `disease_requires_service`
--

LOCK TABLES `disease_requires_service` WRITE;
/*!40000 ALTER TABLE `disease_requires_service` DISABLE KEYS */;
/*!40000 ALTER TABLE `disease_requires_service` ENABLE KEYS */;
UNLOCK TABLES;

--
-- Table structure for table `doc_check_list`
--

DROP TABLE IF EXISTS `doc_check_list`;
/*!40101 SET @saved_cs_client     = @@character_set_client */;
/*!40101 SET character_set_client = utf8 */;
CREATE TABLE `doc_check_list` (
  `CHECK_LIST_ID` int(11) NOT NULL AUTO_INCREMENT,
  `NAME` varchar(40) NOT NULL,
  `PREREQUISITE` varchar(256) DEFAULT NULL,
  `CHECK_LIST_TYPE` varchar(40) NOT NULL,
  `CREATED_BY` varchar(80) NOT NULL,
  `CREATED_DTM` timestamp NOT NULL DEFAULT CURRENT_TIMESTAMP,
  `MODIFIED_BY` varchar(80) DEFAULT NULL,
  `LAST_MODIFIED_DTM` timestamp NULL DEFAULT NULL,
  `VERSION` int(11) NOT NULL,
  PRIMARY KEY (`CHECK_LIST_ID`)
) ENGINE=InnoDB AUTO_INCREMENT=27 DEFAULT CHARSET=latin1;
/*!40101 SET character_set_client = @saved_cs_client */;

--
-- Dumping data for table `doc_check_list`
--

LOCK TABLES `doc_check_list` WRITE;
/*!40000 ALTER TABLE `doc_check_list` DISABLE KEYS */;
INSERT INTO `doc_check_list` VALUES (1,'Pre Op',NULL,'PATIENT_CARE','Bhavesh ','2010-08-17 05:40:33',NULL,NULL,0),(4,'New',NULL,'PATIENT_CARE','Bhavesh ','2010-08-17 13:38:31',NULL,NULL,0),(5,'New one',NULL,'MAINTENANCE','Bhavesh ','2010-08-17 13:43:15',NULL,NULL,1),(21,'Ch12',NULL,'PATIENT_CARE','ajit kumar','2010-09-27 09:49:34',NULL,NULL,0),(25,'ch45',NULL,'PROCESS_COMPLIANCE','Bhavesh ','2010-09-27 10:00:05',NULL,NULL,2),(26,'Ch1',NULL,'PATIENT_CARE','ajit kumar','2010-10-01 04:06:03',NULL,NULL,0);
/*!40000 ALTER TABLE `doc_check_list` ENABLE KEYS */;
UNLOCK TABLES;

--
-- Table structure for table `doc_check_list_detail`
--

DROP TABLE IF EXISTS `doc_check_list_detail`;
/*!40101 SET @saved_cs_client     = @@character_set_client */;
/*!40101 SET character_set_client = utf8 */;
CREATE TABLE `doc_check_list_detail` (
  `CHECK_LIST_DETAIL_ID` bigint(20) NOT NULL AUTO_INCREMENT,
  `CHECK_LIST_ID` int(11) NOT NULL,
  `QUESTION` varchar(512) NOT NULL,
  `GROUP_NAME` varchar(80) NOT NULL,
  `ROLE_CODE` varchar(40) NOT NULL,
  `CREATED_BY` varchar(80) NOT NULL,
  `CREATED_DTM` timestamp NOT NULL DEFAULT CURRENT_TIMESTAMP,
  `VERSION` int(11) NOT NULL,
  PRIMARY KEY (`CHECK_LIST_DETAIL_ID`),
  KEY `CHECK_LIST_ID` (`CHECK_LIST_ID`),
  CONSTRAINT `doc_check_list_detail_ibfk_1` FOREIGN KEY (`CHECK_LIST_ID`) REFERENCES `doc_check_list` (`CHECK_LIST_ID`)
) ENGINE=InnoDB AUTO_INCREMENT=19 DEFAULT CHARSET=latin1;
/*!40101 SET character_set_client = @saved_cs_client */;

--
-- Dumping data for table `doc_check_list_detail`
--

LOCK TABLES `doc_check_list_detail` WRITE;
/*!40000 ALTER TABLE `doc_check_list_detail` DISABLE KEYS */;
INSERT INTO `doc_check_list_detail` VALUES (1,1,'All istruments are ready','Nurse','NURSE','Bhavesh ','2010-08-17 05:40:33',0),(2,4,'Test','Nurse','NURSE','Bhavesh ','2010-08-17 13:38:31',0),(3,1,'Does the patient have a know surgery','Nurse','NURSE','Manish','2010-09-06 11:42:22',0),(4,1,'Difficult airway or aspiration risk','Surgeon','SURGEON','Manish','2010-09-06 11:42:22',0),(5,5,'Test is modified','Nurse','NURSE','Bhavesh ','2010-08-17 14:12:48',0),(6,1,'Is the site marked','Nurse','PATIENT','Manish','2010-09-06 14:51:52',0),(7,1,'Is the anaesthesia machine and medication check completed','Nurse','NURSE','Manish','2010-09-10 03:37:20',0),(8,21,'How r u?','G67','Nurse','ajit kumar','2010-09-27 09:49:34',0),(17,25,'most complecated','better','NURSE','Bhavesh ','2010-09-27 10:04:12',0),(18,26,'Had your breakfase','Group1','Anaethetist','ajit kumar','2010-10-01 04:06:03',0);
/*!40000 ALTER TABLE `doc_check_list_detail` ENABLE KEYS */;
UNLOCK TABLES;

--
-- Table structure for table `doc_check_list_instance`
--

DROP TABLE IF EXISTS `doc_check_list_instance`;
/*!40101 SET @saved_cs_client     = @@character_set_client */;
/*!40101 SET character_set_client = utf8 */;
CREATE TABLE `doc_check_list_instance` (
  `CHECK_LIST_INSTANCE_ID` bigint(20) NOT NULL AUTO_INCREMENT,
  `REFERENCE_TYPE` varchar(40) CHARACTER SET utf8 COLLATE utf8_unicode_ci NOT NULL,
  `REFERENCE_NUMBER` varchar(40) CHARACTER SET utf8 COLLATE utf8_unicode_ci NOT NULL,
  `REMARKS` varchar(512) DEFAULT NULL,
  `CHECK_LIST_ID` int(11) NOT NULL,
  `CREATED_BY` varchar(80) CHARACTER SET utf8 COLLATE utf8_unicode_ci NOT NULL,
  `CREATED_DTM` timestamp NOT NULL DEFAULT CURRENT_TIMESTAMP,
  `MODIFIED_BY` varchar(80) CHARACTER SET utf8 COLLATE utf8_unicode_ci DEFAULT NULL,
  `LAST_MODIFIED_DTM` timestamp NULL DEFAULT NULL,
  `VERSION` int(11) NOT NULL,
  PRIMARY KEY (`CHECK_LIST_INSTANCE_ID`),
  KEY `CHECK_LIST_ID` (`CHECK_LIST_ID`),
  CONSTRAINT `doc_check_list_instance_ibfk_1` FOREIGN KEY (`CHECK_LIST_ID`) REFERENCES `doc_check_list` (`CHECK_LIST_ID`)
) ENGINE=InnoDB AUTO_INCREMENT=11 DEFAULT CHARSET=latin1;
/*!40101 SET character_set_client = @saved_cs_client */;

--
-- Dumping data for table `doc_check_list_instance`
--

LOCK TABLES `doc_check_list_instance` WRITE;
/*!40000 ALTER TABLE `doc_check_list_instance` DISABLE KEYS */;
INSERT INTO `doc_check_list_instance` VALUES (1,'IPD','7','',1,'Bhavesh ','2010-09-08 13:27:13','Bhavesh ','2010-09-09 12:16:18',8),(2,'IPD','7','',4,'Bhavesh ','2010-09-08 13:27:13','Bhavesh ','2010-09-09 12:16:18',8),(3,'IPD','7','',1,'Bhavesh ','2010-09-09 07:13:25','Bhavesh ','2010-09-09 12:16:18',5),(5,'PAT','10','',1,'Bhavesh ','2010-09-09 11:25:38','Bhavesh ','2010-09-09 11:27:38',2),(6,'PAT','10','',4,'Bhavesh ','2010-09-09 11:25:38','Bhavesh ','2010-09-09 11:27:38',2),(7,'PAT','9','',1,'Bhavesh ','2010-09-09 11:28:17','Bhavesh ','2010-09-09 11:36:13',2),(8,'PAT','9','',4,'Bhavesh ','2010-09-09 11:28:17','Bhavesh ','2010-09-09 11:36:13',2),(9,'PAT','8','',1,'Bhavesh ','2010-09-09 11:35:49',NULL,NULL,0),(10,'PAT','8','',4,'Bhavesh ','2010-09-09 11:35:49',NULL,NULL,0);
/*!40000 ALTER TABLE `doc_check_list_instance` ENABLE KEYS */;
UNLOCK TABLES;

--
-- Table structure for table `doc_check_list_instance_detail`
--

DROP TABLE IF EXISTS `doc_check_list_instance_detail`;
/*!40101 SET @saved_cs_client     = @@character_set_client */;
/*!40101 SET character_set_client = utf8 */;
CREATE TABLE `doc_check_list_instance_detail` (
  `CHECK_LIST_INSTANCE_ID` bigint(20) NOT NULL,
  `CHECK_LIST_DETAIL_ID` bigint(20) NOT NULL,
  `ANSWER` varchar(10) NOT NULL COMMENT 'YES,NO for given question on check list detail',
  `CREATED_BY` varchar(80) NOT NULL,
  `CREATED_DTM` timestamp NOT NULL DEFAULT CURRENT_TIMESTAMP,
  `VERSION` int(11) NOT NULL,
  PRIMARY KEY (`CHECK_LIST_INSTANCE_ID`,`CHECK_LIST_DETAIL_ID`),
  KEY `CHECK_LIST_DETAIL_ID` (`CHECK_LIST_DETAIL_ID`),
  CONSTRAINT `doc_check_list_instance_detail_ibfk_1` FOREIGN KEY (`CHECK_LIST_INSTANCE_ID`) REFERENCES `doc_check_list_instance` (`CHECK_LIST_INSTANCE_ID`),
  CONSTRAINT `doc_check_list_instance_detail_ibfk_2` FOREIGN KEY (`CHECK_LIST_DETAIL_ID`) REFERENCES `doc_check_list_detail` (`CHECK_LIST_DETAIL_ID`)
) ENGINE=InnoDB DEFAULT CHARSET=latin1;
/*!40101 SET character_set_client = @saved_cs_client */;

--
-- Dumping data for table `doc_check_list_instance_detail`
--

LOCK TABLES `doc_check_list_instance_detail` WRITE;
/*!40000 ALTER TABLE `doc_check_list_instance_detail` DISABLE KEYS */;
INSERT INTO `doc_check_list_instance_detail` VALUES (1,1,'Y','Bhavesh ','2010-09-09 12:16:18',0),(1,3,'N','Bhavesh ','2010-09-09 12:16:18',0),(1,4,'N','Bhavesh ','2010-09-09 12:16:18',0),(1,6,'NA','Bhavesh ','2010-09-09 12:16:18',0),(1,7,'Y','Manish','2010-09-10 03:43:44',0),(2,2,'N','Bhavesh ','2010-09-09 12:16:18',0),(3,1,'Y','Bhavesh ','2010-09-09 12:16:18',0),(3,3,'Y','Bhavesh ','2010-09-09 12:16:18',0),(3,4,'Y','Bhavesh ','2010-09-09 12:16:18',0),(3,6,'N','Bhavesh ','2010-09-09 12:16:18',0),(3,7,'Y','Manish','2010-09-10 03:49:22',0),(5,1,'Y','Bhavesh ','2010-09-09 11:27:38',0),(5,3,'N','Bhavesh ','2010-09-09 11:27:38',0),(5,4,'Y','Bhavesh ','2010-09-09 11:27:38',0),(5,6,'N','Bhavesh ','2010-09-09 11:27:38',0),(6,2,'N','Bhavesh ','2010-09-09 11:27:38',0),(7,1,'N','Bhavesh ','2010-09-09 11:36:13',0),(7,3,'NA','Bhavesh ','2010-09-09 11:36:13',0),(7,4,'Y','Bhavesh ','2010-09-09 11:36:13',0),(7,6,'Y','Bhavesh ','2010-09-09 11:36:13',0),(8,2,'Y','Bhavesh ','2010-09-09 11:36:13',0),(9,1,'Y','Bhavesh ','2010-09-09 11:35:49',0),(9,3,'Y','Bhavesh ','2010-09-09 11:35:49',0),(9,4,'Y','Bhavesh ','2010-09-09 11:35:49',0),(9,6,'N','Bhavesh ','2010-09-09 11:35:49',0),(10,2,'Y','Bhavesh ','2010-09-09 11:35:49',0);
/*!40000 ALTER TABLE `doc_check_list_instance_detail` ENABLE KEYS */;
UNLOCK TABLES;

--
-- Table structure for table `doc_patient_vital`
--

DROP TABLE IF EXISTS `doc_patient_vital`;
/*!40101 SET @saved_cs_client     = @@character_set_client */;
/*!40101 SET character_set_client = utf8 */;
CREATE TABLE `doc_patient_vital` (
  `PATIENT_VITAL_ID` int(11) NOT NULL AUTO_INCREMENT,
  `PATIENT_ID` int(11) NOT NULL,
  `REFERENCE_TYPE` varchar(30) NOT NULL,
  `REFERENCE_NUMBER` varchar(20) NOT NULL,
  `COMPLETION_DTM` timestamp NULL DEFAULT NULL COMMENT 'when the docment is comelted',
  `CREATED_BY` varchar(80) NOT NULL,
  `CREATED_DTM` timestamp NOT NULL DEFAULT CURRENT_TIMESTAMP,
  `VERSION` int(11) NOT NULL,
  PRIMARY KEY (`PATIENT_VITAL_ID`)
) ENGINE=InnoDB AUTO_INCREMENT=7 DEFAULT CHARSET=latin1;
/*!40101 SET character_set_client = @saved_cs_client */;

--
-- Dumping data for table `doc_patient_vital`
--

LOCK TABLES `doc_patient_vital` WRITE;
/*!40000 ALTER TABLE `doc_patient_vital` DISABLE KEYS */;
INSERT INTO `doc_patient_vital` VALUES (4,1,'IPD','5',NULL,'ajit kumar','2010-09-06 14:13:27',0),(5,1,'IPD','5',NULL,'ajit kumar','2010-09-10 11:02:32',0),(6,1,'IPD','5',NULL,'ajit kumar','2010-09-10 11:03:34',0);
/*!40000 ALTER TABLE `doc_patient_vital` ENABLE KEYS */;
UNLOCK TABLES;

--
-- Table structure for table `doc_patient_vital_fields_value`
--

DROP TABLE IF EXISTS `doc_patient_vital_fields_value`;
/*!40101 SET @saved_cs_client     = @@character_set_client */;
/*!40101 SET character_set_client = utf8 */;
CREATE TABLE `doc_patient_vital_fields_value` (
  `PATIENT_VITAL_ID` int(11) NOT NULL,
  `VITAL_FIELD_CODE` varchar(30) NOT NULL,
  `FOR_TIME` datetime NOT NULL,
  `VALUE` varchar(128) NOT NULL,
  `REMARKS` varchar(256) DEFAULT NULL,
  `MODIFIED_BY` varchar(80) DEFAULT NULL,
  `LAST_MODIFIED_DTM` timestamp NULL DEFAULT NULL,
  `CREATED_BY` varchar(80) NOT NULL,
  `CREATED_DTM` timestamp NOT NULL DEFAULT CURRENT_TIMESTAMP,
  `VERSION` int(11) NOT NULL,
  PRIMARY KEY (`PATIENT_VITAL_ID`,`VITAL_FIELD_CODE`,`FOR_TIME`),
  KEY `VITAL_FIELD_CODE` (`VITAL_FIELD_CODE`),
  CONSTRAINT `doc_patient_vital_fields_value_ibfk_1` FOREIGN KEY (`PATIENT_VITAL_ID`) REFERENCES `doc_patient_vital` (`PATIENT_VITAL_ID`),
  CONSTRAINT `doc_patient_vital_fields_value_ibfk_2` FOREIGN KEY (`VITAL_FIELD_CODE`) REFERENCES `doc_vital_field` (`CODE`)
) ENGINE=InnoDB DEFAULT CHARSET=latin1;
/*!40101 SET character_set_client = @saved_cs_client */;

--
-- Dumping data for table `doc_patient_vital_fields_value`
--

LOCK TABLES `doc_patient_vital_fields_value` WRITE;
/*!40000 ALTER TABLE `doc_patient_vital_fields_value` DISABLE KEYS */;
INSERT INTO `doc_patient_vital_fields_value` VALUES (4,'BLOOD_PRESSURE','2010-09-06 19:33:00','67',NULL,NULL,NULL,'ajit kumar','2010-09-06 14:13:30',0),(4,'IV_FLUIDS','2010-09-06 19:33:00','67',NULL,NULL,NULL,'ajit kumar','2010-09-06 14:13:31',0),(4,'ORAL_INTAKE','2010-09-06 19:33:00','67',NULL,NULL,NULL,'ajit kumar','2010-09-06 14:13:31',0),(4,'PULSE','2010-09-06 19:33:00','67',NULL,NULL,NULL,'ajit kumar','2010-09-06 14:13:31',0),(4,'RESPIRATION','2010-09-06 19:33:00','67',NULL,NULL,NULL,'ajit kumar','2010-09-06 14:13:32',0),(4,'STOOL','2010-09-06 19:33:00','67',NULL,NULL,NULL,'ajit kumar','2010-09-06 14:13:32',0),(4,'TEMPERATURE','2010-09-06 19:33:00','67',NULL,NULL,NULL,'ajit kumar','2010-09-06 14:13:31',0),(4,'URINE','2010-09-06 19:33:00','67',NULL,NULL,NULL,'ajit kumar','2010-09-06 14:13:32',0),(5,'BLOOD_PRESSURE','2010-09-10 16:32:00','98',NULL,NULL,NULL,'ajit kumar','2010-09-10 11:02:32',0),(5,'IV_FLUIDS','2010-09-10 16:32:00','89',NULL,NULL,NULL,'ajit kumar','2010-09-10 11:02:32',0),(5,'ORAL_INTAKE','2010-09-10 16:32:00','98',NULL,NULL,NULL,'ajit kumar','2010-09-10 11:02:32',0),(5,'PULSE','2010-09-10 16:32:00','98',NULL,NULL,NULL,'ajit kumar','2010-09-10 11:02:32',0),(5,'RESPIRATION','2010-09-10 16:32:00','89',NULL,NULL,NULL,'ajit kumar','2010-09-10 11:02:32',0),(5,'STOOL','2010-09-10 16:32:00','89',NULL,NULL,NULL,'ajit kumar','2010-09-10 11:02:32',0),(5,'TEMPERATURE','2010-09-10 16:32:00','98',NULL,NULL,NULL,'ajit kumar','2010-09-10 11:02:32',0),(5,'URINE','2010-09-10 16:32:00','89',NULL,NULL,NULL,'ajit kumar','2010-09-10 11:02:32',0),(6,'BLOOD_PRESSURE','2010-09-10 16:32:00','87',NULL,NULL,NULL,'ajit kumar','2010-09-10 11:03:34',0),(6,'IV_FLUIDS','2010-09-10 16:32:00','',NULL,NULL,NULL,'ajit kumar','2010-09-10 11:03:34',0),(6,'ORAL_INTAKE','2010-09-10 16:32:00','',NULL,NULL,NULL,'ajit kumar','2010-09-10 11:03:34',0),(6,'PULSE','2010-09-10 16:32:00','',NULL,NULL,NULL,'ajit kumar','2010-09-10 11:03:34',0),(6,'RESPIRATION','2010-09-10 16:32:00','',NULL,NULL,NULL,'ajit kumar','2010-09-10 11:03:34',0),(6,'STOOL','2010-09-10 16:32:00','',NULL,NULL,NULL,'ajit kumar','2010-09-10 11:03:34',0),(6,'TEMPERATURE','2010-09-10 16:32:00','',NULL,NULL,NULL,'ajit kumar','2010-09-10 11:03:34',0),(6,'URINE','2010-09-10 16:32:00','',NULL,NULL,NULL,'ajit kumar','2010-09-10 11:03:34',0);
/*!40000 ALTER TABLE `doc_patient_vital_fields_value` ENABLE KEYS */;
UNLOCK TABLES;

--
-- Table structure for table `doc_vital_field`
--

DROP TABLE IF EXISTS `doc_vital_field`;
/*!40101 SET @saved_cs_client     = @@character_set_client */;
/*!40101 SET character_set_client = utf8 */;
CREATE TABLE `doc_vital_field` (
  `CODE` varchar(30) NOT NULL,
  `NAME` varchar(128) NOT NULL,
  `MEASUREMENT_UNIT_CD` varchar(30) NOT NULL,
  `FIELD_TYPE` varchar(20) NOT NULL COMMENT 'string,number etc',
  `FIELD_GROUP` varchar(30) NOT NULL,
  `CREATED_BY` varchar(80) DEFAULT NULL,
  `CREATED_DTM` timestamp NOT NULL DEFAULT CURRENT_TIMESTAMP,
  PRIMARY KEY (`CODE`)
) ENGINE=InnoDB DEFAULT CHARSET=latin1 COMMENT='Patient vital field';
/*!40101 SET character_set_client = @saved_cs_client */;

--
-- Dumping data for table `doc_vital_field`
--

LOCK TABLES `doc_vital_field` WRITE;
/*!40000 ALTER TABLE `doc_vital_field` DISABLE KEYS */;
INSERT INTO `doc_vital_field` VALUES ('BLOOD_PRESSURE','Blood pressure',' mmHg','number','General','Manish','2010-08-11 13:24:05'),('IV_FLUIDS','I. V. fluids','ml','string','Intake','Manish','2010-08-12 03:51:35'),('ORAL_INTAKE','Oral intake','unit','string','Intake','Manish','2010-08-12 03:51:35'),('PULSE','Pulse','BPM','number','General','Manish','2010-08-11 13:24:05'),('RESPIRATION','Respiration','ATP','string','Intake','Manish','2010-08-12 03:51:35'),('STOOL','Stool','gm','string','Output','Manish','2010-08-12 03:54:08'),('TEMPERATURE','Temperature','Fahrenheit','number','General','Manish','2010-08-11 13:36:11'),('URINE','Urine','ml','string','Output','Manish','2010-08-12 03:54:08');
/*!40000 ALTER TABLE `doc_vital_field` ENABLE KEYS */;
UNLOCK TABLES;

--
-- Table structure for table `doc_vital_type`
--

DROP TABLE IF EXISTS `doc_vital_type`;
/*!40101 SET @saved_cs_client     = @@character_set_client */;
/*!40101 SET character_set_client = utf8 */;
CREATE TABLE `doc_vital_type` (
  `VITAL_TYPE_ID` int(11) NOT NULL AUTO_INCREMENT,
  `NAME` varchar(128) NOT NULL,
  `CREATED_BY` varchar(80) NOT NULL,
  `CREATED_DTM` timestamp NOT NULL DEFAULT CURRENT_TIMESTAMP,
  PRIMARY KEY (`VITAL_TYPE_ID`)
) ENGINE=InnoDB DEFAULT CHARSET=latin1;
/*!40101 SET character_set_client = @saved_cs_client */;

--
-- Dumping data for table `doc_vital_type`
--

LOCK TABLES `doc_vital_type` WRITE;
/*!40000 ALTER TABLE `doc_vital_type` DISABLE KEYS */;
/*!40000 ALTER TABLE `doc_vital_type` ENABLE KEYS */;
UNLOCK TABLES;

--
-- Table structure for table `doctor`
--

DROP TABLE IF EXISTS `doctor`;
/*!40101 SET @saved_cs_client     = @@character_set_client */;
/*!40101 SET character_set_client = utf8 */;
CREATE TABLE `doctor` (
  `DOCTOR_ID` int(11) NOT NULL AUTO_INCREMENT,
  `SALUATION_CODE` varchar(6) COLLATE utf8_unicode_ci DEFAULT NULL,
  `FIRST_NAME` varchar(45) COLLATE utf8_unicode_ci DEFAULT NULL,
  `MIDDLE_NAME` varchar(45) COLLATE utf8_unicode_ci DEFAULT NULL,
  `LAST_NAME` varchar(45) COLLATE utf8_unicode_ci DEFAULT NULL,
  `FULL_NAME` varchar(256) COLLATE utf8_unicode_ci NOT NULL,
  `ACTIVE` varchar(1) COLLATE utf8_unicode_ci DEFAULT NULL,
  `CREATED_DTM` datetime DEFAULT NULL,
  `CREATED_BY` varchar(45) COLLATE utf8_unicode_ci DEFAULT NULL,
  `LAST_MODIFIED_DTM` datetime DEFAULT NULL,
  `MODIFIED_BY` varchar(45) COLLATE utf8_unicode_ci DEFAULT NULL,
  `VERSION` int(11) NOT NULL,
  PRIMARY KEY (`DOCTOR_ID`),
  KEY `SALUATION_CODE` (`SALUATION_CODE`),
  CONSTRAINT `doctor_ibfk_1` FOREIGN KEY (`SALUATION_CODE`) REFERENCES `saluation` (`SALUATION_CODE`)
) ENGINE=InnoDB AUTO_INCREMENT=13 DEFAULT CHARSET=utf8 COLLATE=utf8_unicode_ci;
/*!40101 SET character_set_client = @saved_cs_client */;

--
-- Dumping data for table `doctor`
--

LOCK TABLES `doctor` WRITE;
/*!40000 ALTER TABLE `doctor` DISABLE KEYS */;
INSERT INTO `doctor` VALUES (1,NULL,'Vinay','Kumar','Kurudi','Vinay Kumar Kurudi','Y','2010-07-19 15:51:30',NULL,NULL,NULL,0),(2,'MR','Deepak','','Lavania','Deepak Lavania','Y','2010-07-19 16:34:23',NULL,NULL,NULL,1),(8,'MR','Srini','vas','k','Srini vas k','Y','2010-10-22 10:14:07',NULL,NULL,NULL,0),(9,'MR','Narayan','sharma','','Narayan sharma','Y','2010-10-22 11:28:05',NULL,NULL,NULL,0),(10,NULL,'Rohit','','','Rohit','Y','2010-10-22 15:28:47',NULL,NULL,NULL,0),(11,NULL,'Dhanu','','','Dhanu','Y','2010-10-22 15:30:39',NULL,NULL,NULL,0),(12,NULL,'Suresh','','','Suresh','Y','2010-10-22 17:27:30',NULL,NULL,NULL,0);
/*!40000 ALTER TABLE `doctor` ENABLE KEYS */;
UNLOCK TABLES;

--
-- Table structure for table `doctor_detail`
--

DROP TABLE IF EXISTS `doctor_detail`;
/*!40101 SET @saved_cs_client     = @@character_set_client */;
/*!40101 SET character_set_client = utf8 */;
CREATE TABLE `doctor_detail` (
  `DOCTOR_ID` int(11) NOT NULL,
  `WORK_EXPERIENCE` varchar(4000) COLLATE utf8_unicode_ci DEFAULT NULL,
  `DUTY_START_TIME` varchar(10) COLLATE utf8_unicode_ci DEFAULT NULL,
  `DUTY_END_TIME` varchar(10) COLLATE utf8_unicode_ci DEFAULT NULL,
  `PERMANENT` smallint(1) DEFAULT NULL,
  `CREATED_DTM` datetime DEFAULT NULL,
  `CREATED_BY` varchar(45) COLLATE utf8_unicode_ci DEFAULT NULL,
  `LAST_MODIFIED_DTM` datetime DEFAULT NULL,
  `MODIFIED_BY` varchar(45) COLLATE utf8_unicode_ci DEFAULT NULL,
  `JOINING_DT` date DEFAULT NULL,
  `LEAVING_DT` date DEFAULT NULL,
  `DOB` date DEFAULT NULL,
  `MARITAL_CODE` varchar(10) COLLATE utf8_unicode_ci DEFAULT NULL,
  `HEIGHT` varchar(10) COLLATE utf8_unicode_ci DEFAULT NULL,
  `WEIGHT` varchar(10) COLLATE utf8_unicode_ci DEFAULT NULL,
  `GENDER_CODE` varchar(6) COLLATE utf8_unicode_ci DEFAULT NULL,
  `FATHER_HUSBAND_NAME` varchar(80) COLLATE utf8_unicode_ci DEFAULT NULL,
  `ID_PROOF_CODE` varchar(10) COLLATE utf8_unicode_ci DEFAULT NULL,
  `ID_NUMBER` varchar(45) COLLATE utf8_unicode_ci DEFAULT NULL,
  `ID_VALID_UPTO` date DEFAULT NULL,
  `BLOOD_GROUP_CODE` varchar(5) COLLATE utf8_unicode_ci DEFAULT NULL,
  `BLOOD_DONOR_ID` varchar(45) COLLATE utf8_unicode_ci DEFAULT NULL,
  `RELIGION_CODE` varchar(10) COLLATE utf8_unicode_ci DEFAULT NULL,
  `KNOWN_LANGUAGES` varchar(255) COLLATE utf8_unicode_ci DEFAULT NULL,
  `QUALIFICATION` varchar(255) COLLATE utf8_unicode_ci DEFAULT NULL,
  `REFERRED_BY` varchar(255) COLLATE utf8_unicode_ci DEFAULT NULL,
  `NATIONALITY_CODE` varchar(25) COLLATE utf8_unicode_ci DEFAULT NULL,
  `VERSION` int(11) NOT NULL,
  PRIMARY KEY (`DOCTOR_ID`),
  KEY `MARITAL_CODE` (`MARITAL_CODE`),
  KEY `GENDER_CODE` (`GENDER_CODE`),
  KEY `RELIGION_CODE` (`RELIGION_CODE`),
  KEY `BLOOD_GROUP_CODE` (`BLOOD_GROUP_CODE`),
  KEY `ID_PROOF_CODE` (`ID_PROOF_CODE`),
  KEY `NATIONALITY_CODE` (`NATIONALITY_CODE`),
  CONSTRAINT `doctor_detail_ibfk_1` FOREIGN KEY (`DOCTOR_ID`) REFERENCES `doctor` (`DOCTOR_ID`),
  CONSTRAINT `doctor_detail_ibfk_3` FOREIGN KEY (`MARITAL_CODE`) REFERENCES `marital` (`MARITAL_CODE`),
  CONSTRAINT `doctor_detail_ibfk_4` FOREIGN KEY (`GENDER_CODE`) REFERENCES `gender` (`GENDER_CODE`),
  CONSTRAINT `doctor_detail_ibfk_5` FOREIGN KEY (`ID_PROOF_CODE`) REFERENCES `id_proofs` (`ID_PROOFS_CODE`),
  CONSTRAINT `doctor_detail_ibfk_6` FOREIGN KEY (`BLOOD_GROUP_CODE`) REFERENCES `blood_group` (`BLOOD_GROUP_CODE`),
  CONSTRAINT `doctor_detail_ibfk_7` FOREIGN KEY (`RELIGION_CODE`) REFERENCES `religion` (`RELIGION_CODE`),
  CONSTRAINT `doctor_detail_ibfk_8` FOREIGN KEY (`NATIONALITY_CODE`) REFERENCES `nationality` (`NATIONALITY_CODE`)
) ENGINE=InnoDB DEFAULT CHARSET=utf8 COLLATE=utf8_unicode_ci;
/*!40101 SET character_set_client = @saved_cs_client */;

--
-- Dumping data for table `doctor_detail`
--

LOCK TABLES `doctor_detail` WRITE;
/*!40000 ALTER TABLE `doctor_detail` DISABLE KEYS */;
INSERT INTO `doctor_detail` VALUES (1,'',NULL,NULL,1,'2010-10-21 15:33:24',NULL,NULL,NULL,NULL,NULL,NULL,NULL,NULL,NULL,'MALE','',NULL,'',NULL,'ONEG','','HINDU','','','','IN',3),(2,'He is <font size=\"4\">MBBS from AIIMS</font>. <br>',NULL,NULL,1,'2010-10-21 15:32:28',NULL,NULL,NULL,'2008-07-08','2011-07-22','1972-09-22','SINGLE',NULL,NULL,'MALE','','PANCARD','123456780','2009-05-05','ANEG','100','HINDU','','MBBS','','IN',3),(8,'',NULL,NULL,1,'2010-10-22 15:24:02',NULL,NULL,NULL,'2010-10-22',NULL,'1977-02-12','MARRIED',NULL,NULL,'MALE','','PANCARD','856525','2014-10-22','ONEG','','HINDU','','','','IN',1),(9,'',NULL,NULL,0,'2010-10-22 11:28:05',NULL,NULL,NULL,NULL,NULL,NULL,NULL,NULL,NULL,NULL,'',NULL,'',NULL,NULL,'',NULL,'','','',NULL,0),(10,'',NULL,NULL,0,'2010-10-22 15:28:47',NULL,NULL,NULL,NULL,NULL,NULL,NULL,NULL,NULL,NULL,'',NULL,'',NULL,NULL,'',NULL,'','','',NULL,0),(11,'',NULL,NULL,0,'2010-10-22 15:30:39',NULL,NULL,NULL,NULL,NULL,NULL,NULL,NULL,NULL,NULL,'',NULL,'',NULL,NULL,'',NULL,'','','',NULL,0),(12,'',NULL,NULL,0,'2010-10-22 17:29:53',NULL,NULL,NULL,NULL,NULL,NULL,NULL,NULL,NULL,NULL,'',NULL,'',NULL,NULL,'',NULL,'','','',NULL,1);
/*!40000 ALTER TABLE `doctor_detail` ENABLE KEYS */;
UNLOCK TABLES;

--
-- Table structure for table `doctor_especialty`
--

DROP TABLE IF EXISTS `doctor_especialty`;
/*!40101 SET @saved_cs_client     = @@character_set_client */;
/*!40101 SET character_set_client = utf8 */;
CREATE TABLE `doctor_especialty` (
  `ESPECIALTY_CODE` varchar(25) COLLATE utf8_unicode_ci NOT NULL,
  `DOCTOR_ID` int(11) NOT NULL,
  `DEPARTMENT_CODE` varchar(25) COLLATE utf8_unicode_ci NOT NULL,
  `ACTIVE` smallint(1) DEFAULT NULL,
  `CREATED_DTM` datetime DEFAULT NULL,
  `CREATED_BY` varchar(45) COLLATE utf8_unicode_ci DEFAULT NULL,
  `LAST_MODIFIED_DTM` datetime DEFAULT NULL,
  `MODIFIED_BY` varchar(45) COLLATE utf8_unicode_ci DEFAULT NULL,
  `JOINING_DT` date DEFAULT NULL,
  `LEAVING_DT` date DEFAULT NULL,
  `ROOM_CODE` varchar(45) COLLATE utf8_unicode_ci DEFAULT NULL,
  `CONSULTATION_CHARGE` double DEFAULT NULL,
  `FOLLOWUP_CHARGE` double NOT NULL,
  `FOLLOWUP_DAY` int(3) DEFAULT NULL,
  `FOLLOWUP_VISIT` int(3) DEFAULT NULL,
  `VERSION` int(11) NOT NULL,
  PRIMARY KEY (`ESPECIALTY_CODE`,`DOCTOR_ID`,`DEPARTMENT_CODE`),
  KEY `Doctor_Especialty_Department_Code_FK` (`DEPARTMENT_CODE`),
  KEY `Doctor_Especialty_Especialty_Code_FK` (`ESPECIALTY_CODE`),
  KEY `Doctor_Especialty_Doctor_Id_FK` (`DOCTOR_ID`),
  KEY `ROOM_CODE` (`ROOM_CODE`),
  CONSTRAINT `doctor_especialty_ibfk_1` FOREIGN KEY (`ESPECIALTY_CODE`) REFERENCES `especialty` (`ESPECIALTY_CODE`),
  CONSTRAINT `doctor_especialty_ibfk_2` FOREIGN KEY (`DOCTOR_ID`) REFERENCES `doctor` (`DOCTOR_ID`),
  CONSTRAINT `doctor_especialty_ibfk_3` FOREIGN KEY (`DEPARTMENT_CODE`) REFERENCES `department` (`DEPARTMENT_CODE`),
  CONSTRAINT `doctor_especialty_ibfk_4` FOREIGN KEY (`ROOM_CODE`) REFERENCES `room` (`ROOM_CODE`)
) ENGINE=InnoDB DEFAULT CHARSET=utf8 COLLATE=utf8_unicode_ci;
/*!40101 SET character_set_client = @saved_cs_client */;

--
-- Dumping data for table `doctor_especialty`
--

LOCK TABLES `doctor_especialty` WRITE;
/*!40000 ALTER TABLE `doctor_especialty` DISABLE KEYS */;
INSERT INTO `doctor_especialty` VALUES ('CARDIOLOGISTS',1,'CARDIOLOGY',1,NULL,NULL,NULL,NULL,NULL,NULL,'100',200,100,10,2,0),('CARDIOLOGISTS',9,'CARDIOLOGY',1,NULL,NULL,NULL,NULL,NULL,NULL,NULL,500,200,10,NULL,0),('NEUROLOGISTS',2,'NEUROLOGY',1,NULL,NULL,NULL,NULL,NULL,NULL,'1001',500,250,30,NULL,0),('NEUROLOGISTS',8,'NEUROLOGY',1,NULL,NULL,NULL,NULL,NULL,NULL,'1005',200,100,10,NULL,0),('NEUROLOGISTS',10,'NEUROLOGY',1,NULL,NULL,NULL,NULL,NULL,NULL,NULL,200,0,30,NULL,0),('NEUROLOGISTS',11,'NEUROLOGY',1,NULL,NULL,NULL,NULL,NULL,NULL,NULL,200,0,30,NULL,0),('NEUROLOGISTS',12,'NEUROLOGY',1,NULL,NULL,NULL,NULL,NULL,NULL,'102',200,50,30,NULL,0);
/*!40000 ALTER TABLE `doctor_especialty` ENABLE KEYS */;
UNLOCK TABLES;

--
-- Table structure for table `doctor_order`
--

DROP TABLE IF EXISTS `doctor_order`;
/*!40101 SET @saved_cs_client     = @@character_set_client */;
/*!40101 SET character_set_client = utf8 */;
CREATE TABLE `doctor_order` (
  `DOCTOR_ORDER_NBR` int(11) NOT NULL AUTO_INCREMENT,
  `CREATION_SEQ_NBR` int(11) NOT NULL COMMENT 'This field indecates that a set of orders is created as part of single order creation event.So for orders wich are created using ''Order Group'' the value of this field remain same',
  `DOCTOR_ID` int(11) NOT NULL,
  `PATIENT_ID` int(11) DEFAULT NULL,
  `ADMISSION_REQ_NBR` int(11) DEFAULT NULL,
  `ORDER_TYPE_CD` varchar(20) NOT NULL,
  `ORDER_DESC` mediumtext,
  `ORDER_DICTATION` varchar(25) NOT NULL DEFAULT 'SELF',
  `ORDER_TEMPLATE_ID` varchar(20) DEFAULT NULL,
  `ORDER_GROUP_NAME` varchar(80) DEFAULT NULL,
  `CREATED_BY` varchar(20) DEFAULT NULL,
  `ORDER_CREATION_DTM` timestamp NOT NULL DEFAULT CURRENT_TIMESTAMP,
  `ORDER_STATUS_CD` varchar(20) NOT NULL,
  `MODIFIED_BY` varchar(20) DEFAULT NULL,
  `LAST_MODIFIED_TM` timestamp NULL DEFAULT NULL,
  `VERSION` int(11) NOT NULL,
  PRIMARY KEY (`DOCTOR_ORDER_NBR`),
  KEY `DOCTOR_ORDER_STATUS_CD_FK` (`ORDER_STATUS_CD`),
  KEY `DOCTOR_ORDER_TYPE_CD_FK` (`ORDER_TYPE_CD`),
  KEY `DOCTOR_ORDER_TEMPLATE_ID_FK` (`ORDER_TEMPLATE_ID`),
  KEY `DOCTOR_ORDER_GROUP_NAME_FK` (`ORDER_GROUP_NAME`),
  KEY `ADMISSION_REQ_NBR_FK` (`ADMISSION_REQ_NBR`),
  CONSTRAINT `doctor_order_ibfk_1` FOREIGN KEY (`ORDER_GROUP_NAME`) REFERENCES `doctor_order_group` (`ORDER_GROUP_NAME`),
  CONSTRAINT `doctor_order_ibfk_2` FOREIGN KEY (`ADMISSION_REQ_NBR`) REFERENCES `admission` (`ADMISSION_REQ_NBR`),
  CONSTRAINT `DOCTOR_ORDER_STATUS_CD_FK` FOREIGN KEY (`ORDER_STATUS_CD`) REFERENCES `doctor_order_status` (`ORDER_STATUS_CD`) ON DELETE NO ACTION ON UPDATE NO ACTION,
  CONSTRAINT `DOCTOR_ORDER_TEMPLATE_ID_FK` FOREIGN KEY (`ORDER_TEMPLATE_ID`) REFERENCES `doctor_order_template` (`TEMPLATE_ID`) ON DELETE NO ACTION ON UPDATE NO ACTION,
  CONSTRAINT `DOCTOR_ORDER_TYPE_CD_FK` FOREIGN KEY (`ORDER_TYPE_CD`) REFERENCES `doctor_order_type` (`ORDER_TYPE_CD`) ON DELETE NO ACTION ON UPDATE NO ACTION
) ENGINE=InnoDB AUTO_INCREMENT=68 DEFAULT CHARSET=latin1;
/*!40101 SET character_set_client = @saved_cs_client */;

--
-- Dumping data for table `doctor_order`
--

LOCK TABLES `doctor_order` WRITE;
/*!40000 ALTER TABLE `doctor_order` DISABLE KEYS */;
INSERT INTO `doctor_order` VALUES (15,1,1,1,5,'IP_ADMISSION','','',NULL,NULL,'Bhavesh ','2010-07-19 10:32:53','APPROVED','Bhavesh ','2010-07-19 10:34:36',2),(16,2,1,2,6,'IP_ADMISSION','','',NULL,NULL,'Bhavesh ','2010-07-20 13:33:55','APPROVED','Bhavesh ','2010-07-20 13:35:21',2),(17,3,1,3,7,'IP_ADMISSION','','',NULL,NULL,'Bhavesh ','2010-07-21 06:20:53','APPROVED','Bhavesh ','2010-07-21 06:22:59',2),(18,4,1,3,7,'GENERAL','','',NULL,NULL,'ajit kumar','2010-08-30 09:56:27','COMPLETED','ajit kumar','2010-08-30 12:01:27',1),(19,5,2,3,7,'GENERAL','','',NULL,NULL,'ajit kumar','2010-09-02 08:30:26','APPROVED','ajit kumar','2010-09-02 08:30:31',1),(20,6,1,4,8,'IP_ADMISSION','','',NULL,NULL,'ajit kumar','2010-09-13 12:01:38','APPROVED','Bhavesh ','2010-09-30 10:49:36',2),(21,7,2,3,7,'GENERAL','','',NULL,NULL,'Bhavesh ','2010-09-30 11:24:45','COMPLETED','Bhavesh ','2010-09-30 11:35:12',2),(22,8,2,1,5,'MEDICATION','','',NULL,NULL,'Bhavesh ','2010-09-30 11:27:39','COMPLETED','Bhavesh ','2010-09-30 11:35:10',2),(23,9,1,1,5,'GENERAL','','',NULL,NULL,'Bhavesh ','2010-09-30 11:32:39','CANCELED','Bhavesh ','2010-09-30 11:34:54',2),(24,10,2,1,5,'GENERAL','','',NULL,NULL,'Bhavesh ','2010-09-30 11:33:36','COMPLETED','Bhavesh ','2010-09-30 11:34:40',1),(25,11,1,9,9,'IP_ADMISSION','','',NULL,NULL,'Bhavesh ','2010-09-30 11:41:39','COMPLETED','Bhavesh ','2010-09-30 11:43:32',2),(26,12,1,5,10,'IP_ADMISSION','','',NULL,NULL,'Bhavesh ','2010-09-30 11:51:12','COMPLETED','Bhavesh ','2010-09-30 11:56:56',2),(27,13,2,15,11,'IP_ADMISSION','','',NULL,NULL,'Bhavesh ','2010-09-30 11:51:59','COMPLETED','Bhavesh ','2010-09-30 12:01:13',2),(28,14,1,11,12,'IP_ADMISSION','','',NULL,NULL,'Bhavesh ','2010-09-30 12:06:03','COMPLETED','Bhavesh ','2010-09-30 12:07:14',2),(29,15,2,13,13,'IP_ADMISSION','','',NULL,NULL,'Bhavesh ','2010-09-30 12:09:57','COMPLETED','Bhavesh ','2010-09-30 12:18:52',2),(30,16,2,14,14,'IP_ADMISSION','','',NULL,NULL,'Bhavesh ','2010-09-30 12:24:26','COMPLETED','Bhavesh ','2010-09-30 12:25:41',2),(31,17,2,8,15,'IP_ADMISSION','','',NULL,NULL,'Bhavesh ','2010-09-30 12:34:30','COMPLETED','Bhavesh ','2010-09-30 12:34:53',2),(32,18,1,12,16,'IP_ADMISSION','','',NULL,NULL,'Bhavesh ','2010-09-30 12:36:18','COMPLETED','Bhavesh ','2010-09-30 12:36:41',2),(33,19,2,6,17,'IP_ADMISSION','','',NULL,NULL,'Bhavesh ','2010-09-30 12:39:03','COMPLETED','Bhavesh ','2010-09-30 12:39:33',2),(34,20,1,52,18,'IP_ADMISSION','','',NULL,NULL,'Bhavesh ','2010-09-30 12:42:42','COMPLETED','Bhavesh ','2010-09-30 12:43:08',2),(35,21,1,31,19,'IP_ADMISSION','','',NULL,NULL,'Bhavesh ','2010-09-30 12:44:58','COMPLETED','Bhavesh ','2010-09-30 12:50:01',2),(36,22,1,36,20,'IP_ADMISSION','','',NULL,NULL,'Bhavesh ','2010-09-30 12:51:42','COMPLETED','Bhavesh ','2010-09-30 12:52:02',2),(37,23,2,38,21,'IP_ADMISSION','','',NULL,NULL,'Bhavesh ','2010-09-30 12:52:51','COMPLETED','Bhavesh ','2010-09-30 12:53:02',2),(38,24,2,58,NULL,'IP_ADMISSION','','',NULL,NULL,'Bhavesh ','2010-10-01 03:54:58','CREATED','Bhavesh ','2010-10-01 03:55:37',1),(39,25,1,5,10,'DISCHARGE','','',NULL,NULL,'Bhavesh ','2010-10-01 04:21:53','CREATED','Bhavesh ','2010-10-01 04:23:39',1),(40,26,1,1,5,'DISCHARGE','','',NULL,NULL,'Bhavesh ','2010-10-01 04:29:23','COMPLETED','Bhavesh ','2010-10-01 04:29:35',2),(41,27,1,8,15,'DISCHARGE','','',NULL,NULL,'Bhavesh ','2010-10-01 04:51:25','CANCELED','ajit kumar','2010-10-01 15:40:41',1),(42,28,2,2,6,'TESTS','','',NULL,NULL,'Bhavesh ','2010-10-01 05:44:31','COMPLETED','Bhavesh ','2010-10-01 05:44:41',2),(43,29,1,4,8,'GENERAL','','',NULL,NULL,'ajit kumar','2010-10-05 05:37:24','APPROVED','ajit kumar','2010-10-05 05:37:55',1),(44,30,1,3,7,'DISCHARGE','','',NULL,NULL,'Bhavesh ','2010-10-06 06:30:38','CREATED',NULL,NULL,0),(45,31,1,3,7,'DISCHARGE','','',NULL,NULL,'Alok Ranjan','2010-10-06 12:03:35','COMPLETED','Alok Ranjan','2010-10-06 12:04:22',2),(46,32,1,3,NULL,'IP_ADMISSION','','',NULL,NULL,'ajit kumar','2010-10-06 13:01:17','CREATED',NULL,NULL,0),(47,33,1,4,8,'DISCHARGE','','',NULL,NULL,'Alok Ranjan','2010-10-06 13:05:35','COMPLETED','Alok Ranjan','2010-10-06 13:07:00',2),(48,34,1,9,9,'DISCHARGE','','',NULL,NULL,'Alok Ranjan','2010-10-06 13:06:22','COMPLETED','Alok Ranjan','2010-10-06 13:06:54',2),(49,35,1,38,21,'DISCHARGE','','',NULL,NULL,'ajit kumar','2010-10-06 13:05:57','COMPLETED','ajit kumar','2010-10-06 13:06:09',2),(50,36,1,14,14,'DISCHARGE','','',NULL,NULL,'Alok Ranjan','2010-10-06 13:08:51','COMPLETED','Alok Ranjan','2010-10-06 13:09:12',2),(51,37,1,38,NULL,'IP_ADMISSION','','',NULL,NULL,'ajit kumar','2010-10-06 13:09:27','CREATED',NULL,NULL,0),(52,38,1,2,6,'DISCHARGE','','',NULL,NULL,'Alok Ranjan','2010-10-06 14:15:14','COMPLETED','Alok Ranjan','2010-10-06 14:15:50',2),(53,39,1,14,22,'IP_ADMISSION','','',NULL,NULL,'ajit kumar','2010-10-06 18:23:33','APPROVED','ajit kumar','2010-10-06 18:24:06',2),(54,40,1,5,10,'DISCHARGE','','',NULL,NULL,'ajit kumar','2010-10-07 04:02:11','CREATED',NULL,NULL,0),(55,41,1,8,15,'DISCHARGE','','',NULL,NULL,'ajit kumar','2010-10-07 04:07:08','CREATED',NULL,NULL,0),(56,42,1,5,10,'DISCHARGE','','',NULL,NULL,'ajit kumar','2010-10-07 04:28:24','CREATED',NULL,NULL,0),(57,43,1,8,15,'DISCHARGE','','',NULL,NULL,'ajit kumar','2010-10-07 04:30:04','CREATED',NULL,NULL,0),(58,44,1,11,12,'DISCHARGE','','',NULL,NULL,'ajit kumar','2010-10-07 04:30:50','DISAPPROVED','Bhavesh ','2010-11-30 11:07:17',1),(59,45,1,11,12,'DISCHARGE','','',NULL,NULL,'ajit kumar','2010-10-07 04:31:56','CREATED',NULL,NULL,0),(60,46,1,8,15,'DISCHARGE','','',NULL,NULL,'ajit kumar','2010-10-07 04:35:57','CREATED',NULL,NULL,0),(61,47,1,8,15,'DISCHARGE','','',NULL,NULL,'ajit kumar','2010-10-07 04:38:26','CREATED',NULL,NULL,0),(62,48,1,1,23,'IP_ADMISSION','','',NULL,NULL,'ajit kumar','2010-10-07 04:54:54','COMPLETED','ajit kumar','2010-10-07 08:52:27',2),(63,49,1,3,NULL,'IP_ADMISSION','','',NULL,NULL,'ajit kumar','2010-10-07 04:58:47','CREATED',NULL,NULL,0),(64,50,2,4,24,'IP_ADMISSION','','',NULL,NULL,'ajit kumar','2010-10-07 05:43:22','COMPLETED','ajit kumar','2010-10-07 09:19:34',2),(65,51,2,69,NULL,'IP_ADMISSION','','',NULL,NULL,'Bhavesh ','2010-10-21 11:38:20','CANCELED','Bhavesh ','2011-06-23 11:08:13',1),(66,52,8,79,NULL,'IP_ADMISSION','','',NULL,NULL,'Bhavesh ','2010-10-22 09:48:56','DISAPPROVED','Bhavesh ','2011-06-23 11:08:33',1),(67,53,2,12,16,'TESTS','','',NULL,NULL,'Bhavesh ','2011-06-23 11:02:49','CREATED',NULL,NULL,0);
/*!40000 ALTER TABLE `doctor_order` ENABLE KEYS */;
UNLOCK TABLES;

--
-- Table structure for table `doctor_order_activity`
--

DROP TABLE IF EXISTS `doctor_order_activity`;
/*!40101 SET @saved_cs_client     = @@character_set_client */;
/*!40101 SET character_set_client = utf8 */;
CREATE TABLE `doctor_order_activity` (
  `DOCTOR_ORDER_NUMBER` int(11) NOT NULL,
  `ACTIVITY_TYPE_CD` varchar(30) NOT NULL DEFAULT '',
  `ACTIVITY_DTM` timestamp NOT NULL DEFAULT '0000-00-00 00:00:00',
  `ORDER_STATUS_CD` varchar(30) DEFAULT NULL,
  `CREATED_BY` varchar(20) DEFAULT NULL,
  `REMARKS` varchar(512) DEFAULT NULL,
  `VERSION` int(11) NOT NULL,
  PRIMARY KEY (`DOCTOR_ORDER_NUMBER`,`ACTIVITY_TYPE_CD`,`ACTIVITY_DTM`),
  KEY `DOA_DOCTOR_ORDER_NUMBER` (`DOCTOR_ORDER_NUMBER`),
  KEY `DOA_ACTIVITY_TYPE_CD_FK` (`ACTIVITY_TYPE_CD`),
  KEY `DOA_ORDER_STATUS_CD_FK` (`ORDER_STATUS_CD`),
  CONSTRAINT `DOA_ACTIVITY_TYPE_CD_FK` FOREIGN KEY (`ACTIVITY_TYPE_CD`) REFERENCES `activity_type` (`ACTIVITY_TYPE_CD`) ON DELETE NO ACTION ON UPDATE NO ACTION,
  CONSTRAINT `DOA_DOCTOR_ORDER_NUMBER` FOREIGN KEY (`DOCTOR_ORDER_NUMBER`) REFERENCES `doctor_order` (`DOCTOR_ORDER_NBR`) ON DELETE NO ACTION ON UPDATE NO ACTION,
  CONSTRAINT `DOA_ORDER_STATUS_CD_FK` FOREIGN KEY (`ORDER_STATUS_CD`) REFERENCES `doctor_order_status` (`ORDER_STATUS_CD`) ON DELETE NO ACTION ON UPDATE NO ACTION
) ENGINE=InnoDB DEFAULT CHARSET=latin1;
/*!40101 SET character_set_client = @saved_cs_client */;

--
-- Dumping data for table `doctor_order_activity`
--

LOCK TABLES `doctor_order_activity` WRITE;
/*!40000 ALTER TABLE `doctor_order_activity` DISABLE KEYS */;
INSERT INTO `doctor_order_activity` VALUES (15,'ORDER_APPROVED','2010-07-19 10:34:36','APPROVED','Bhavesh ','Approved',0),(15,'ORDER_CREATED','2010-07-19 10:32:53','CREATED','Bhavesh ',NULL,0),(16,'ORDER_APPROVED','2010-07-20 13:35:21','APPROVED','Bhavesh ','',0),(16,'ORDER_CREATED','2010-07-20 13:33:56','CREATED','Bhavesh ',NULL,0),(17,'ORDER_APPROVED','2010-07-21 06:22:59','APPROVED','Bhavesh ','Approved\n',0),(17,'ORDER_CREATED','2010-07-21 06:20:53','CREATED','Bhavesh ',NULL,0),(18,'ORDER_APPROVED','2010-08-30 12:01:27','COMPLETED','ajit kumar','',0),(18,'ORDER_CREATED','2010-08-30 09:56:27','CREATED','ajit kumar',NULL,0),(19,'ORDER_APPROVED','2010-09-02 08:30:31','APPROVED','ajit kumar','',0),(19,'ORDER_CREATED','2010-09-02 08:30:26','CREATED','ajit kumar',NULL,0),(20,'ORDER_APPROVED','2010-09-30 10:49:36','APPROVED','ajit kumar','',0),(20,'ORDER_CREATED','2010-09-13 12:01:38','CREATED','ajit kumar',NULL,0),(21,'ORDER_APPROVED','2010-09-30 11:35:12','APPROVED','Bhavesh ','',0),(21,'ORDER_CREATED','2010-09-30 11:24:45','CREATED','Bhavesh ',NULL,0),(22,'ORDER_APPROVED','2010-09-30 11:35:10','APPROVED','Bhavesh ','',0),(22,'ORDER_CREATED','2010-09-30 11:27:39','CREATED','Bhavesh ',NULL,0),(23,'ORDER_CANCELED','2010-09-30 11:34:51','CANCELED','Bhavesh ','',0),(23,'ORDER_CANCELED','2010-09-30 11:34:54','CANCELED','Bhavesh ','',0),(23,'ORDER_CREATED','2010-09-30 11:32:39','CREATED','Bhavesh ',NULL,0),(24,'ORDER_APPROVED','2010-09-30 11:34:40','COMPLETED','Bhavesh ','',0),(24,'ORDER_CREATED','2010-09-30 11:33:36','CREATED','Bhavesh ',NULL,0),(25,'ORDER_APPROVED','2010-09-30 11:43:32','COMPLETED','Bhavesh ','',0),(25,'ORDER_CREATED','2010-09-30 11:41:39','CREATED','Bhavesh ',NULL,0),(26,'ORDER_APPROVED','2010-09-30 11:56:56','COMPLETED','Bhavesh ','',0),(26,'ORDER_CREATED','2010-09-30 11:51:12','CREATED','Bhavesh ',NULL,0),(27,'ORDER_APPROVED','2010-09-30 12:01:13','COMPLETED','Bhavesh ','',0),(27,'ORDER_CREATED','2010-09-30 11:51:59','CREATED','Bhavesh ',NULL,0),(28,'ORDER_APPROVED','2010-09-30 12:07:14','COMPLETED','Bhavesh ','',0),(28,'ORDER_CREATED','2010-09-30 12:06:03','CREATED','Bhavesh ',NULL,0),(29,'ORDER_APPROVED','2010-09-30 12:18:52','COMPLETED','Bhavesh ','',0),(29,'ORDER_CREATED','2010-09-30 12:09:57','CREATED','Bhavesh ',NULL,0),(30,'ORDER_APPROVED','2010-09-30 12:25:41','COMPLETED','Bhavesh ','',0),(30,'ORDER_CREATED','2010-09-30 12:24:26','CREATED','Bhavesh ',NULL,0),(31,'ORDER_APPROVED','2010-09-30 12:34:53','COMPLETED','Bhavesh ','',0),(31,'ORDER_CREATED','2010-09-30 12:34:30','CREATED','Bhavesh ',NULL,0),(32,'ORDER_APPROVED','2010-09-30 12:36:41','COMPLETED','Bhavesh ','',0),(32,'ORDER_CREATED','2010-09-30 12:36:18','CREATED','Bhavesh ',NULL,0),(33,'ORDER_APPROVED','2010-09-30 12:39:33','COMPLETED','Bhavesh ','',0),(33,'ORDER_CREATED','2010-09-30 12:39:03','CREATED','Bhavesh ',NULL,0),(34,'ORDER_APPROVED','2010-09-30 12:43:08','COMPLETED','Bhavesh ','',0),(34,'ORDER_CREATED','2010-09-30 12:42:42','CREATED','Bhavesh ',NULL,0),(35,'ORDER_APPROVED','2010-09-30 12:50:01','COMPLETED','Bhavesh ','',0),(35,'ORDER_CREATED','2010-09-30 12:44:58','CREATED','Bhavesh ',NULL,0),(36,'ORDER_APPROVED','2010-09-30 12:52:02','COMPLETED','Bhavesh ','',0),(36,'ORDER_CREATED','2010-09-30 12:51:42','CREATED','Bhavesh ',NULL,0),(37,'ORDER_APPROVED','2010-09-30 12:53:02','COMPLETED','Bhavesh ','',0),(37,'ORDER_CREATED','2010-09-30 12:52:51','CREATED','Bhavesh ',NULL,0),(38,'ORDER_CREATED','2010-10-01 03:54:58','CREATED','Bhavesh ',NULL,0),(39,'ORDER_CREATED','2010-10-01 04:21:53','CREATED','Bhavesh ',NULL,0),(40,'ORDER_APPROVED','2010-10-01 04:29:35','COMPLETED','Bhavesh ','',0),(40,'ORDER_CREATED','2010-10-01 04:29:23','CREATED','Bhavesh ',NULL,0),(41,'ORDER_CANCELED','2010-10-01 15:40:41','CANCELED','Bhavesh ','Cancelled\n',0),(41,'ORDER_CREATED','2010-10-01 04:51:25','CREATED','Bhavesh ',NULL,0),(42,'ORDER_APPROVED','2010-10-01 05:44:41','APPROVED','Bhavesh ','',0),(42,'ORDER_CREATED','2010-10-01 05:44:31','CREATED','Bhavesh ',NULL,0),(43,'ORDER_APPROVED','2010-10-05 05:37:55','APPROVED','ajit kumar','Approved',0),(43,'ORDER_CREATED','2010-10-05 05:37:24','CREATED','ajit kumar',NULL,0),(44,'ORDER_CREATED','2010-10-06 06:30:38','CREATED','Bhavesh ',NULL,0),(45,'ORDER_APPROVED','2010-10-06 12:04:22','COMPLETED','Alok Ranjan','Discharged',0),(45,'ORDER_CREATED','2010-10-06 12:03:35','CREATED','Alok Ranjan',NULL,0),(46,'ORDER_CREATED','2010-10-06 13:01:17','CREATED','ajit kumar',NULL,0),(47,'ORDER_APPROVED','2010-10-06 13:07:00','COMPLETED','Alok Ranjan','discharge',0),(47,'ORDER_CREATED','2010-10-06 13:05:35','CREATED','Alok Ranjan',NULL,0),(48,'ORDER_APPROVED','2010-10-06 13:06:54','COMPLETED','Alok Ranjan','discharge',0),(48,'ORDER_CREATED','2010-10-06 13:06:22','CREATED','Alok Ranjan',NULL,0),(49,'ORDER_APPROVED','2010-10-06 13:06:09','COMPLETED','ajit kumar','',0),(49,'ORDER_CREATED','2010-10-06 13:05:57','CREATED','ajit kumar',NULL,0),(50,'ORDER_APPROVED','2010-10-06 13:09:12','COMPLETED','Alok Ranjan','discharge',0),(50,'ORDER_CREATED','2010-10-06 13:08:51','CREATED','Alok Ranjan',NULL,0),(51,'ORDER_CREATED','2010-10-06 13:09:27','CREATED','ajit kumar',NULL,0),(52,'ORDER_APPROVED','2010-10-06 14:15:50','COMPLETED','Alok Ranjan','discharge',0),(52,'ORDER_CREATED','2010-10-06 14:15:14','CREATED','Alok Ranjan',NULL,0),(53,'ORDER_APPROVED','2010-10-06 18:24:06','APPROVED','ajit kumar','',0),(53,'ORDER_CREATED','2010-10-06 18:23:33','CREATED','ajit kumar',NULL,0),(54,'ORDER_CREATED','2010-10-07 04:02:11','CREATED','ajit kumar',NULL,0),(55,'ORDER_CREATED','2010-10-07 04:07:08','CREATED','ajit kumar',NULL,0),(56,'ORDER_CREATED','2010-10-07 04:28:24','CREATED','ajit kumar',NULL,0),(57,'ORDER_CREATED','2010-10-07 04:30:04','CREATED','ajit kumar',NULL,0),(58,'ORDER_CREATED','2010-10-07 04:30:50','CREATED','ajit kumar',NULL,0),(58,'ORDER_DISAPPROVED','2010-11-30 11:07:17','DISAPPROVED','ajit kumar','ADASDFSAASA',0),(59,'ORDER_CREATED','2010-10-07 04:31:56','CREATED','ajit kumar',NULL,0),(60,'ORDER_CREATED','2010-10-07 04:35:57','CREATED','ajit kumar',NULL,0),(61,'ORDER_CREATED','2010-10-07 04:38:26','CREATED','ajit kumar',NULL,0),(62,'ORDER_APPROVED','2010-10-07 08:52:27','COMPLETED','ajit kumar','',0),(62,'ORDER_CREATED','2010-10-07 04:54:54','CREATED','ajit kumar',NULL,0),(63,'ORDER_CREATED','2010-10-07 04:58:47','CREATED','ajit kumar',NULL,0),(64,'ORDER_APPROVED','2010-10-07 09:19:34','COMPLETED','ajit kumar','',0),(64,'ORDER_CREATED','2010-10-07 05:43:22','CREATED','ajit kumar',NULL,0),(65,'ORDER_CANCELED','2011-06-23 11:08:14','CANCELED','Bhavesh ','not required\n',0),(65,'ORDER_CREATED','2010-10-21 11:38:20','CREATED','Bhavesh ',NULL,0),(66,'ORDER_CREATED','2010-10-22 09:48:56','CREATED','Bhavesh ',NULL,0),(66,'ORDER_DISAPPROVED','2011-06-23 11:08:33','DISAPPROVED','Bhavesh ','Take later\n',0),(67,'ORDER_CREATED','2011-06-23 11:02:49','CREATED','Bhavesh ',NULL,0);
/*!40000 ALTER TABLE `doctor_order_activity` ENABLE KEYS */;
UNLOCK TABLES;

--
-- Table structure for table `doctor_order_details`
--

DROP TABLE IF EXISTS `doctor_order_details`;
/*!40101 SET @saved_cs_client     = @@character_set_client */;
/*!40101 SET character_set_client = utf8 */;
CREATE TABLE `doctor_order_details` (
  `ORDER_NBR` int(11) NOT NULL,
  `SEQUENCE_NBR` int(11) NOT NULL,
  `SUB_SEQUENCE_NBR` int(11) NOT NULL,
  `RESPONSIBLE_DEPARTMENT_ID` varchar(20) DEFAULT NULL,
  `SERVICE_ID` varchar(20) DEFAULT NULL,
  `PACKAGE_ID` varchar(25) DEFAULT NULL,
  `ACTION_DESC` varchar(512) DEFAULT NULL,
  `ACTION_STATUS_CD` varchar(20) NOT NULL,
  `ACTION_REMARKS` varchar(256) DEFAULT NULL,
  `ACTION_DTM` timestamp NULL DEFAULT NULL,
  `ACTION_TAKEN_BY` varchar(20) DEFAULT NULL,
  `VERSION` int(11) NOT NULL,
  PRIMARY KEY (`ORDER_NBR`,`SEQUENCE_NBR`,`SUB_SEQUENCE_NBR`),
  KEY `DOCTOR_ORDER_NBR_FK1` (`ORDER_NBR`),
  KEY `ACTION_STATUS_CD` (`ACTION_STATUS_CD`),
  KEY `SERVICE_ID` (`SERVICE_ID`),
  CONSTRAINT `ACTION_STATUS_CD` FOREIGN KEY (`ACTION_STATUS_CD`) REFERENCES `action_status` (`ACTION_STATUS_CD`) ON DELETE NO ACTION ON UPDATE NO ACTION,
  CONSTRAINT `DOCTOR_ORDER_NBR_FK1` FOREIGN KEY (`ORDER_NBR`) REFERENCES `doctor_order` (`DOCTOR_ORDER_NBR`) ON DELETE NO ACTION ON UPDATE NO ACTION
) ENGINE=InnoDB DEFAULT CHARSET=latin1;
/*!40101 SET character_set_client = @saved_cs_client */;

--
-- Dumping data for table `doctor_order_details`
--

LOCK TABLES `doctor_order_details` WRITE;
/*!40000 ALTER TABLE `doctor_order_details` DISABLE KEYS */;
INSERT INTO `doctor_order_details` VALUES (19,1,1,'CARDIOLOGY','BY_PASS',NULL,'','CREATED',NULL,NULL,NULL,0),(20,1,1,'NEUROLOGY','1',NULL,'','CREATED',NULL,NULL,NULL,0),(21,1,1,'CARDIOLOGY','BY_PASS',NULL,'','COMPLETED','Completed',NULL,'ajit kumar',1),(22,1,1,'UROLOGY','CBP',NULL,'','COMPLETED','',NULL,'Bhavesh ',1),(42,6,1,'UROLOGY','CBP',NULL,'','COMPLETED','',NULL,'Bhavesh ',1),(43,1,1,'NEUROLOGY','1',NULL,'','CREATED',NULL,NULL,NULL,0),(43,1,2,'CARDIOLOGY','BY_PASS',NULL,'','CREATED',NULL,NULL,NULL,0),(46,1,1,'CARDIOLOGY','BY_PASS',NULL,'','CREATED',NULL,NULL,NULL,0),(53,1,1,'CARDIOLOGY','BY_PASS',NULL,'','CREATED',NULL,NULL,NULL,0),(65,1,1,'EYE','Labtest1',NULL,'','CREATED',NULL,NULL,NULL,0),(66,10,2,'UROLOGY','CBP',NULL,'no action','CREATED',NULL,NULL,NULL,0),(67,5,5,'EYE','Labtest1',NULL,'','CREATED',NULL,NULL,NULL,0);
/*!40000 ALTER TABLE `doctor_order_details` ENABLE KEYS */;
UNLOCK TABLES;

--
-- Table structure for table `doctor_order_group`
--

DROP TABLE IF EXISTS `doctor_order_group`;
/*!40101 SET @saved_cs_client     = @@character_set_client */;
/*!40101 SET character_set_client = utf8 */;
CREATE TABLE `doctor_order_group` (
  `ORDER_GROUP_NAME` varchar(80) NOT NULL,
  `DESCRIPTION` varchar(512) DEFAULT NULL,
  `GROUP_FOR_DOCTOR_ID` int(11) DEFAULT NULL,
  `CREATION_DTM` timestamp NULL DEFAULT NULL,
  `CREATED_BY` varchar(20) DEFAULT NULL,
  `VERSION` int(11) NOT NULL,
  PRIMARY KEY (`ORDER_GROUP_NAME`)
) ENGINE=InnoDB DEFAULT CHARSET=latin1;
/*!40101 SET character_set_client = @saved_cs_client */;

--
-- Dumping data for table `doctor_order_group`
--

LOCK TABLES `doctor_order_group` WRITE;
/*!40000 ALTER TABLE `doctor_order_group` DISABLE KEYS */;
INSERT INTO `doctor_order_group` VALUES ('Hip Surgery - Basic','Primitive Hip Surgery ',1,'2010-06-19 01:46:55',NULL,1);
/*!40000 ALTER TABLE `doctor_order_group` ENABLE KEYS */;
UNLOCK TABLES;

--
-- Table structure for table `doctor_order_group_has_template`
--

DROP TABLE IF EXISTS `doctor_order_group_has_template`;
/*!40101 SET @saved_cs_client     = @@character_set_client */;
/*!40101 SET character_set_client = utf8 */;
CREATE TABLE `doctor_order_group_has_template` (
  `ORDER_GROUP_NAME` varchar(80) NOT NULL,
  `ORDER_TEMPLATE_ID` varchar(30) NOT NULL,
  `SEQUENCE_NBR` int(11) NOT NULL,
  `EFFECTIVE_FROM_DT` date DEFAULT NULL,
  `EFFECTIVE_TO_DT` date DEFAULT NULL,
  `VERSION` int(11) NOT NULL,
  PRIMARY KEY (`ORDER_GROUP_NAME`,`ORDER_TEMPLATE_ID`,`SEQUENCE_NBR`),
  KEY `DOGHT_ORDER_GROUP_NAME_FK` (`ORDER_GROUP_NAME`),
  KEY `DOGHT_ORDER_TEMPLATE_ID` (`ORDER_TEMPLATE_ID`),
  CONSTRAINT `DOGHT_ORDER_GROUP_NAME_FK` FOREIGN KEY (`ORDER_GROUP_NAME`) REFERENCES `doctor_order_group` (`ORDER_GROUP_NAME`) ON DELETE NO ACTION ON UPDATE NO ACTION,
  CONSTRAINT `DOGHT_ORDER_TEMPLATE_ID` FOREIGN KEY (`ORDER_TEMPLATE_ID`) REFERENCES `doctor_order_template` (`TEMPLATE_ID`) ON DELETE NO ACTION ON UPDATE NO ACTION
) ENGINE=InnoDB DEFAULT CHARSET=latin1;
/*!40101 SET character_set_client = @saved_cs_client */;

--
-- Dumping data for table `doctor_order_group_has_template`
--

LOCK TABLES `doctor_order_group_has_template` WRITE;
/*!40000 ALTER TABLE `doctor_order_group_has_template` DISABLE KEYS */;
INSERT INTO `doctor_order_group_has_template` VALUES ('Hip Surgery - Basic','Hip Surgery Discharge',4,'2010-06-18',NULL,0),('Hip Surgery - Basic','Hip-General',1,'2010-06-18',NULL,0),('Hip Surgery - Basic','Post Hip Surgery Laboratory Te',2,'2010-06-18',NULL,0),('Hip Surgery - Basic','Post Hip Surgery Laboratory Te',3,'2010-06-18',NULL,0);
/*!40000 ALTER TABLE `doctor_order_group_has_template` ENABLE KEYS */;
UNLOCK TABLES;

--
-- Table structure for table `doctor_order_status`
--

DROP TABLE IF EXISTS `doctor_order_status`;
/*!40101 SET @saved_cs_client     = @@character_set_client */;
/*!40101 SET character_set_client = utf8 */;
CREATE TABLE `doctor_order_status` (
  `ORDER_STATUS_CD` varchar(30) NOT NULL,
  `STATUS_DESC` varchar(256) DEFAULT NULL,
  `CUSTOM_STATUS_DESC` varchar(256) DEFAULT NULL,
  `PROCESS_NAME` varchar(80) DEFAULT NULL,
  `VERSION` int(11) NOT NULL,
  PRIMARY KEY (`ORDER_STATUS_CD`)
) ENGINE=InnoDB DEFAULT CHARSET=latin1;
/*!40101 SET character_set_client = @saved_cs_client */;

--
-- Dumping data for table `doctor_order_status`
--

LOCK TABLES `doctor_order_status` WRITE;
/*!40000 ALTER TABLE `doctor_order_status` DISABLE KEYS */;
INSERT INTO `doctor_order_status` VALUES ('APPROVED','Approved',NULL,'GENERAL',0),('CANCELED','Canceled',NULL,'GENERAL',0),('COMPLETED','Completed',NULL,'GENERAL',0),('CREATED','Created',NULL,'GENERAL',0),('DISAPPROVED','Disapproved',NULL,'GENERAL',0);
/*!40000 ALTER TABLE `doctor_order_status` ENABLE KEYS */;
UNLOCK TABLES;

--
-- Table structure for table `doctor_order_template`
--

DROP TABLE IF EXISTS `doctor_order_template`;
/*!40101 SET @saved_cs_client     = @@character_set_client */;
/*!40101 SET character_set_client = utf8 */;
CREATE TABLE `doctor_order_template` (
  `TEMPLATE_ID` varchar(30) NOT NULL,
  `TEMPLATE_DESC` varchar(256) NOT NULL,
  `ORDER_TYPE_CD` varchar(30) NOT NULL,
  `DOCTOR_ID` int(11) DEFAULT NULL,
  `ACTIVE_FLAG` char(1) DEFAULT NULL,
  `VERSION` int(11) NOT NULL,
  PRIMARY KEY (`TEMPLATE_ID`),
  KEY `TEMPLATE_ORDER_TYPE_CD` (`ORDER_TYPE_CD`),
  CONSTRAINT `TEMPLATE_ORDER_TYPE_CD` FOREIGN KEY (`ORDER_TYPE_CD`) REFERENCES `doctor_order_type` (`ORDER_TYPE_CD`) ON DELETE NO ACTION ON UPDATE NO ACTION
) ENGINE=InnoDB DEFAULT CHARSET=latin1;
/*!40101 SET character_set_client = @saved_cs_client */;

--
-- Dumping data for table `doctor_order_template`
--

LOCK TABLES `doctor_order_template` WRITE;
/*!40000 ALTER TABLE `doctor_order_template` DISABLE KEYS */;
INSERT INTO `doctor_order_template` VALUES ('Hip Surgery Discharge','Discharging patient after HIP surgery','DISCHARGE',1,'N',1),('Hip-General','General order for Hip Surgery','GENERAL',NULL,'Y',0),('Knee-General','General order for patients for knee surgery','GENERAL',NULL,'Y',0),('Post Hip Surgery Laboratory Te','More Laboratory Test required after hip surgery ','TESTS',NULL,'Y',0);
/*!40000 ALTER TABLE `doctor_order_template` ENABLE KEYS */;
UNLOCK TABLES;

--
-- Table structure for table `doctor_order_template_details`
--

DROP TABLE IF EXISTS `doctor_order_template_details`;
/*!40101 SET @saved_cs_client     = @@character_set_client */;
/*!40101 SET character_set_client = utf8 */;
CREATE TABLE `doctor_order_template_details` (
  `TEMPLATE_ID` varchar(30) NOT NULL,
  `SEQUENCE_NBR` int(11) NOT NULL,
  `SUB_SEQUENCE_NBR` int(11) NOT NULL,
  `SERVICE_ID` varchar(20) DEFAULT NULL,
  `PACKAGE_ID` varchar(25) DEFAULT NULL,
  `RESPONSIBLE_DEPARTMENT_ID` varchar(20) DEFAULT NULL,
  `ACTION_DESC` varchar(512) DEFAULT NULL,
  `VERSION` int(11) NOT NULL,
  PRIMARY KEY (`TEMPLATE_ID`,`SEQUENCE_NBR`,`SUB_SEQUENCE_NBR`),
  KEY `DOTD_TEMPLATE_ID_FK` (`TEMPLATE_ID`),
  KEY `SERVICE_ID` (`SERVICE_ID`),
  CONSTRAINT `DOTD_TEMPLATE_ID_FK` FOREIGN KEY (`TEMPLATE_ID`) REFERENCES `doctor_order_template` (`TEMPLATE_ID`) ON DELETE NO ACTION ON UPDATE NO ACTION
) ENGINE=InnoDB DEFAULT CHARSET=latin1;
/*!40101 SET character_set_client = @saved_cs_client */;

--
-- Dumping data for table `doctor_order_template_details`
--

LOCK TABLES `doctor_order_template_details` WRITE;
/*!40000 ALTER TABLE `doctor_order_template_details` DISABLE KEYS */;
INSERT INTO `doctor_order_template_details` VALUES ('Hip Surgery Discharge',1,1,NULL,NULL,'ADMIN','Arrange for transportation',0),('Hip Surgery Discharge',2,1,NULL,NULL,'SURGERY','Check that patient will be fine after reaching home',0),('Hip-General',1,1,'',NULL,'ORTHOPEDICS','Clean the hip area using the standard method',0),('Hip-General',2,1,'BDT',NULL,'ORTHOPEDICS','',0),('Hip-General',3,1,'BPC',NULL,'ORTHOPEDICS','',0),('Knee-General',1,1,'',NULL,'','Cleanup the knee area',0),('Knee-General',1,2,'BoneT',NULL,'ORTHOPEDICS','',0),('Post Hip Surgery Laboratory Te',1,1,'BLOOD_TEST',NULL,'PATHOLOGY','',0),('Post Hip Surgery Laboratory Te',2,1,'CT_SCAN',NULL,'RADIOLOGY_IMAGING','',0),('Post Hip Surgery Laboratory Te',3,1,'Urine',NULL,'PATHOLOGY','',0),('Post Hip Surgery Laboratory Te',3,2,'DIABTAIC',NULL,'PATHOLOGY','',0);
/*!40000 ALTER TABLE `doctor_order_template_details` ENABLE KEYS */;
UNLOCK TABLES;

--
-- Table structure for table `doctor_order_type`
--

DROP TABLE IF EXISTS `doctor_order_type`;
/*!40101 SET @saved_cs_client     = @@character_set_client */;
/*!40101 SET character_set_client = utf8 */;
CREATE TABLE `doctor_order_type` (
  `ORDER_TYPE_CD` varchar(30) NOT NULL,
  `ORDER_TYPE_DESC` varchar(256) DEFAULT NULL,
  PRIMARY KEY (`ORDER_TYPE_CD`)
) ENGINE=InnoDB DEFAULT CHARSET=latin1 PACK_KEYS=0;
/*!40101 SET character_set_client = @saved_cs_client */;

--
-- Dumping data for table `doctor_order_type`
--

LOCK TABLES `doctor_order_type` WRITE;
/*!40000 ALTER TABLE `doctor_order_type` DISABLE KEYS */;
INSERT INTO `doctor_order_type` VALUES ('DISCHARGE','Discharge'),('GENERAL','General'),('IP_ADMISSION','Admission'),('MEDICATION','Phramacy '),('TESTS','Lab test'),('TRANSFER','Transfer');
/*!40000 ALTER TABLE `doctor_order_type` ENABLE KEYS */;
UNLOCK TABLES;

--
-- Table structure for table `duration`
--

DROP TABLE IF EXISTS `duration`;
/*!40101 SET @saved_cs_client     = @@character_set_client */;
/*!40101 SET character_set_client = utf8 */;
CREATE TABLE `duration` (
  `DURATION_CODE` varchar(25) COLLATE utf8_unicode_ci NOT NULL,
  `DESCRIPTION` varchar(45) COLLATE utf8_unicode_ci DEFAULT NULL,
  `ACTIVE` varchar(1) COLLATE utf8_unicode_ci DEFAULT NULL,
  PRIMARY KEY (`DURATION_CODE`)
) ENGINE=InnoDB DEFAULT CHARSET=utf8 COLLATE=utf8_unicode_ci;
/*!40101 SET character_set_client = @saved_cs_client */;

--
-- Dumping data for table `duration`
--

LOCK TABLES `duration` WRITE;
/*!40000 ALTER TABLE `duration` DISABLE KEYS */;
INSERT INTO `duration` VALUES ('DAY','Day(s)','1'),('HOUR','Hour(s)','1'),('MIN','Minute(s)','1');
/*!40000 ALTER TABLE `duration` ENABLE KEYS */;
UNLOCK TABLES;

--
-- Table structure for table `emergency`
--

DROP TABLE IF EXISTS `emergency`;
/*!40101 SET @saved_cs_client     = @@character_set_client */;
/*!40101 SET character_set_client = utf8 */;
CREATE TABLE `emergency` (
  `EMERGENCY_CODE` varchar(25) COLLATE utf8_unicode_ci NOT NULL,
  `DESCRIPTION` varchar(45) COLLATE utf8_unicode_ci DEFAULT NULL,
  `ACTIVE` smallint(1) DEFAULT NULL,
  PRIMARY KEY (`EMERGENCY_CODE`)
) ENGINE=InnoDB DEFAULT CHARSET=utf8 COLLATE=utf8_unicode_ci;
/*!40101 SET character_set_client = @saved_cs_client */;

--
-- Dumping data for table `emergency`
--

LOCK TABLES `emergency` WRITE;
/*!40000 ALTER TABLE `emergency` DISABLE KEYS */;
/*!40000 ALTER TABLE `emergency` ENABLE KEYS */;
UNLOCK TABLES;

--
-- Table structure for table `entity`
--

DROP TABLE IF EXISTS `entity`;
/*!40101 SET @saved_cs_client     = @@character_set_client */;
/*!40101 SET character_set_client = utf8 */;
CREATE TABLE `entity` (
  `ENTITY_ID` int(11) NOT NULL AUTO_INCREMENT,
  `NAME` varchar(128) CHARACTER SET utf8 COLLATE utf8_unicode_ci NOT NULL,
  `SALUATION_CODE` varchar(6) CHARACTER SET utf8 COLLATE utf8_unicode_ci DEFAULT NULL,
  `TYPE` varchar(40) CHARACTER SET utf8 COLLATE utf8_unicode_ci NOT NULL,
  `CONTACT_CODE` int(11) DEFAULT NULL,
  `DOB` date DEFAULT NULL,
  `GENDER_CODE` varchar(6) CHARACTER SET utf8 COLLATE utf8_unicode_ci DEFAULT NULL,
  `IMAGE` blob,
  `BLOOD_GROUP_CODE` varchar(10) CHARACTER SET utf8 COLLATE utf8_unicode_ci DEFAULT NULL,
  `MARITAL_CODE` varchar(10) CHARACTER SET utf8 COLLATE utf8_unicode_ci DEFAULT NULL,
  `NATIONALITY_CODE` varchar(10) CHARACTER SET utf8 COLLATE utf8_unicode_ci DEFAULT NULL,
  `KNOWN_LANGUAGES` varchar(256) CHARACTER SET utf8 COLLATE utf8_unicode_ci DEFAULT NULL,
  `QUALIFICATION` varchar(256) CHARACTER SET utf8 COLLATE utf8_unicode_ci DEFAULT NULL,
  `IS_PERMANENT` varchar(1) CHARACTER SET utf8 COLLATE utf8_unicode_ci NOT NULL,
  `JOINING_DT` date DEFAULT NULL,
  `LEAVING_DT` date DEFAULT NULL,
  `EXPERIENCE` longtext CHARACTER SET utf8 COLLATE utf8_unicode_ci,
  `REFERRED_BY` varchar(120) CHARACTER SET utf8 COLLATE utf8_unicode_ci DEFAULT NULL,
  `CREATED_BY` varchar(80) CHARACTER SET utf8 COLLATE utf8_unicode_ci NOT NULL,
  `CREATED_DTM` timestamp NOT NULL DEFAULT CURRENT_TIMESTAMP,
  `MODIFIED_BY` varchar(80) CHARACTER SET utf8 COLLATE utf8_unicode_ci DEFAULT NULL,
  `LAST_MODIFIED_DTM` timestamp NULL DEFAULT NULL,
  `VERSION` int(11) NOT NULL,
  PRIMARY KEY (`ENTITY_ID`),
  KEY `ENTITY_FK_CONTACT_CODE` (`CONTACT_CODE`),
  KEY `SALUATION_CODE` (`SALUATION_CODE`),
  KEY `GENDER_CODE` (`GENDER_CODE`),
  KEY `BLOOD_GROUP_CODE` (`BLOOD_GROUP_CODE`),
  KEY `MARITAL_CODE` (`MARITAL_CODE`),
  KEY `NATIONALITY_CODE` (`NATIONALITY_CODE`),
  CONSTRAINT `entity_ibfk_1` FOREIGN KEY (`CONTACT_CODE`) REFERENCES `contact_details` (`CONTACT_CODE`),
  CONSTRAINT `entity_ibfk_2` FOREIGN KEY (`SALUATION_CODE`) REFERENCES `saluation` (`SALUATION_CODE`),
  CONSTRAINT `entity_ibfk_3` FOREIGN KEY (`GENDER_CODE`) REFERENCES `gender` (`GENDER_CODE`),
  CONSTRAINT `entity_ibfk_4` FOREIGN KEY (`BLOOD_GROUP_CODE`) REFERENCES `blood_group` (`BLOOD_GROUP_CODE`),
  CONSTRAINT `entity_ibfk_5` FOREIGN KEY (`MARITAL_CODE`) REFERENCES `marital` (`MARITAL_CODE`),
  CONSTRAINT `entity_ibfk_6` FOREIGN KEY (`NATIONALITY_CODE`) REFERENCES `nationality` (`NATIONALITY_CODE`)
) ENGINE=InnoDB AUTO_INCREMENT=9 DEFAULT CHARSET=latin1;
/*!40101 SET character_set_client = @saved_cs_client */;

--
-- Dumping data for table `entity`
--

LOCK TABLES `entity` WRITE;
/*!40000 ALTER TABLE `entity` DISABLE KEYS */;
INSERT INTO `entity` VALUES (3,'mahima',NULL,'NURSE',NULL,'1970-01-01','FEMALE',NULL,NULL,NULL,NULL,'','{code:reference:c0-e14, description:reference:c0-e15}','t','1970-01-01',NULL,'','','ajit kumar','2010-07-28 08:31:09',NULL,NULL,0),(4,'hari',NULL,'NURSE',NULL,'1970-01-01','MALE',NULL,NULL,NULL,NULL,'','{code:reference:c0-e14, description:reference:c0-e15}','t','1970-01-01',NULL,'','','ajit kumar','2010-07-28 08:33:54',NULL,NULL,0),(5,'kiran',NULL,'LAB_TECHNICIAN',NULL,'1986-07-10','MALE','/9j/2wBDAAgGBgcGBQgHBwcJCQgKDBQNDAsLDBkSEw8UHRofHh0aHBwgJC4nICIsIxwcKDcpLDAx\nNDQ0Hyc5PTgyPC4zNDL/2wBDAQkJCQwLDBgNDRgyIRwhMjIyMjIyMjIyMjIyMjIyMjIyMjIyMjIy\nMjIyMjIyMjIyMjIyMjIyMjIyMjIyMjIyMjL/wAAUCADIAMgEASIAAhEBAxEBBCIA/8QAHwAAAQUB\nAQEBAQEAAAAAAAAAAAECAwQFBgcICQoL/8QAtRAAAgEDAwIEAwUFBAQAAAF9AQIDAAQRBRIhMUEG\nE1FhByJxFDKBkaEII0KxwRVS0fAkM2JyggkKFhcYGRolJicoKSo0NTY3ODk6Q0RFRkdISUpTVFVW\nV1hZWmNkZWZnaGlqc3R1dnd4eXqDhIWGh4iJipKTlJWWl5iZmqKjpKWmp6ipqrKztLW2t7i5usLD\nxMXGx8jJytLT1NXW19jZ2uHi4+Tl5ufo6erx8vP09fb3+Pn6/8QAHwEAAwEBAQEBAQEBAQAAAAAA\nAAECAwQFBgcICQoL/8QAtREAAgECBAQDBAcFBAQAAQJ3AAECAxEEBSExBhJBUQdhcRMiMoEIFEKR\nobHBCSMzUvAVYnLRChYkNOEl8RcYGRomJygpKjU2Nzg5OkNERUZHSElKU1RVVldYWVpjZGVmZ2hp\nanN0dXZ3eHl6goOEhYaHiImKkpOUlZaXmJmaoqOkpaanqKmqsrO0tba3uLm6wsPExcbHyMnK0tPU\n1dbX2Nna4uPk5ebn6Onq8vP09fb3+Pn6/9oADgQBAAIRAxEEAAA/APf6KKKAPf6KKKKKKKACiiii\niiigAooooopobjnrUM91DbQNLPIkaL1LnAFABRRRU3DHikJwME/lXFat8VPDWlZUXZuZOywAMPzz\nXC6t8cL0kjTrCOFT0aZuT+GKVwCiiivbxgcA0x5oYRl5Y0+rAV8yaj8UvEl/xJfrF7Qjaf0rnLvx\nFrd4SWvbts/3rhsUXAKKKK+sptd0q3GZdQtB9Zl/xqk/jLw+Dt/tW2z6CQV8lSSXUwzNKh/3m3VV\naVIm5KH6DFAwooor7EtfE+jXkuyLU7Zm9PMGa1klSQZRlceqnNfEK6iIJd8TMjeoPSuy8MfEnV9I\nnjBvZJYc8q7E8UAFFFFfVoI6kYNOJAI965Lwn4ztvEtmpG0TD+EGurDA456UxBRRRT6KM0mfY0AF\nFFFLRRRQAUUUUUUUUAFFFFFFFFABRRRRRRRQAUUUUUUUUAFFFFFJnjNMbpkj6n0rx74qfFNNFEui\n6PLm8+7LID9z1H5GkwCiiiuh8e/FPTPBy+RGBd3rdEQ8L25rwPxH8Q9e8TzMZ7oiBjlYIzhFH864\n66vZbu5knuJWllc5Mj8k1B5zKNqn8R3prUAoooraS5AbLOFPuc1HcagpOCxbHpWNyz9Oa1tM0G8v\nmykRIPtUNqO5UYSlsFFFFPh1An/VxKrerc1K13cfed1bHTA6V0+n+Ab6UDOVFdFZ/DPJBmG6uaeK\nhE6o4Ob3CiiivMX1K4IwCp+i1UlnuJM5Tr7V7gvw3tAP9V+lMf4d2o6Rc/So+vRNVgW+oUUUV4QU\nl7qaBJLGQcdK9uk+Hduw/wBV+lU5vhpbFG/d849KpYyIpYGaCiiiuf8AAHjWPRtUR5SQoAyM17dp\nvxS0q6BQEc9TmvnjxB4LudJYyRZZPQdqwrPUZrKYKrY55zXVCcZK6OKpTlB2YUUUV9p6br9jqEYM\nM65PbNaqNuHXNfKGj+JZbKSGd5JVAPLRnpX0H4T8QQ6nYxuk7TZAG4nJ/Gqi7ksKKKK6+imqdy5p\nRwKYgooopaKKKACiiiiiiigAooooooooAKKKKKKKjlkEUbyHoqlj+FABRRRXDfE3xonhHQJDGy/b\nJhtiXPY8E18k6hfz6heSXVzIXmkOXY9zXbfFLxNNrvjG7BYtbQOViU9hXBbd7H1oQbhRRRTRyeKt\n2dhPeTBIoyxY44FaWhaHLqFwFI+TvXq2geHrbTQpWMM3fIrlrYhQ2Oulh+YKKKK5/wAM/DndIst8\nDx/DXqOm+HrCzVRFCox7UWwVuEOK0Yt0eOc149SvUm9WerToxgtAooorRtrSHoEUfhWlHaRqvAqh\nbNzWirnbRCPcxrOV9AoooppiQD7oqB4UParDVE1DgiItrqFFFFVZIUA/+tVORVAPHFXZulUJW60u\nVHVTfdhRRRWBqunQ3ETgoDn2rxXxj4bGnztPCDtPJGK90mJYNXFeJ9PN7byKR2row9ZwlYjE0ozj\ncKKKK8i0+/IXyXPHbmvRvhn4ql0rWRbs48qUgNk9s15ZdwtbXbqONpNW9Mu3iukmD7ShB617UVdX\nR4TVnYKKKK+47dg9ujryGUEVLzWL4Vvvt3hy0m7+Wo/QVsgdOaYgooop1FFFABRRRRRRRQAUUUUU\nUUUAFFFFFRTgNbyhuhQg/lUtRTgm3kA6lT/KgAooor438fQRReMNWWBMIs3H5Vy0b5kUBfrXX/EW\nGaHxZqKyqU/e8e9claxNJdJGpySaUnaI4q8gooor03wVaDyhKBwa76OPbhgetc/4bsfsulRKAckD\nOauX1zLH+7i5x3rxa2sj2aStEKKKK6izTcRuIWtmKGPA5BrzJtQv4VGMuzdOagm1/W7cgiIkf7J6\nVnGlc257BRRRXr6KEPFW0KlfvHNeJxfEPUracJcQ8Zxk11Wn+OPtAXcgJPpV+zsZSXMFFFFejIeO\nTSOFxya56LXY3i3ZrPv/ABOsEbEHPFNJE+yCiiiummCEcVnzQbsgZrz67+I5tZCvlMwpIfiM02B5\nJ57YNDo31NoyUQooors7iBkQ5Nc9fx7wwqE+KTcLnyW9SKittXju5zEyFGPQHvWcadmOcroKKKK8\nc8U2wt9TlXHXmsZAplUY64rtfiFZ+VfCdV4bj9K49MCSNu2a9rDv3TxcQveCiiivrb4T3/27wLaP\n3V2Q/hgV3O0ZB9K8n+Bd27+GJLdlGyNmYH1ya9XXnBHStTEKKKKdRRRQAUUUUUUUUAFFFFFFFFAB\nRRRRR1FNz0I6VHNNHDC0sjBUXqTQAUUUV4H8ePCsiyx63CpMfSQqO5PFeO6JEh1CEsDuLj+dfU/i\ny/0zxB4fu9OSVXLjKkYxkDivnJfDuoaHfQG7jAQSLhlPvWU5qUdDenSkndoKKKK9dt0WK1VQOcdK\nyNSc20bS45PY1sWxEwBFaT6LHexAsASK8ebtLU9amroKKKK81tNTaS6wwlmcnKouVUfjTp/GlzDc\nPp7aJuYvtBPOfxxXYSeHZYrhnjtx7YFC6XfeYGFvEDngsoJH6VtCql0FODCiiiuO1LT7qPypZLXB\nlwSo52/Wp9IhZr0RuCB04rvLfRbiTLXLA59qRNFihn3qVzn0qKlVF042Ciiir1ppaCzzjtXJeIIj\nG5VVOa9Gtk/0TA9KwL7SVvJj6isoyLSuFFFFeWC0uZ7krFaM2OpApbfxLp8FyLOXTpjc7tmAev6V\n6LLotxER5DBSPQdaypNLlivBLNYRM+eJFUZHvXXCpFLU5qlOV9AooorJmvlyi42nr5Uq4OPxrU00\nRSsHCfMPTtU0mijUJ1mdP3i8VpWmkfYxhuM1lKavoaKLSCiiiuO+IOnq2gGfbllya8pghaV44lUl\nieABzXtvjTDeG7lCOAprm/hR4QudW8SwX1xButbdwzBu46V6GHkmjy8RF3Ciiiva/hjoA0Lwhbo6\nlZXJdsjsea7ZcdQeKZGoVFVFwoGMe1SDjAA4rouc4UUUUtFFFMQUUUUUUUUAFFFFFFFFABRRRTeQ\nQO1Yfi21kvPDtzFEzBsZ+Wt0+tMkQPGykZDDBFJ7Di7MKKKK+YY9LmSRcNIjfWotei1GO3jEzmZA\n6kZ69a9R8T+HGs757mJD5DNnIHC+1YV9ZpPEsyLlQPuntXltuDse3FxqQugoooqvpF2Vs4mfhiOa\n6iyv0GFBrjkIYFFGMdK1LGTyyN1YVlfUKLs7MKKKK7OObeMHFTjB5rDtbjJ61ppIWXg5rFM6Wgoo\noqW5kWOLORWeuZedpwag1iV7ezafOdpyRXE6j8RLiBQltZu6gcsq9KpU3JkNqKCiiivVrOMfZsE4\n471nTKIpHZGyR1zXFaZ8Ro7m0HmsUZRyDVWH4jQz37xGCTaP4ivBrR09DOMrPcKKKK9Et3WaInvT\nWhQjIHPeqOkXf2uA3CD5TV6SUbcismmjVahRRRTQsUZ3bQKzr27UggEZpL26IU4Nc9POzyYJ4q6a\nvuTVdtgooorN8WXi/ZVtiu7zOMZ60/SvEGo6Xc2sGnRLGpwDx14p/wDZQ1O/gdx8sDbuT17V0fhn\nQzqGrxuYwI4GyfftXXBtNJHJOKcW2FFFFeqWrM9tE7/eaNSceuKnBOabGuyMKB0GBTwK9FHlMKKK\nKWiiiqEFFFFFFFFABRRRRRRRSAKKKKKD0oooAKKKKpX1st1bPC8ZcMDXleqJPpMstnNauY84RgpO\nfyr17AzmmMisQWGcetc9WkmbUqzhsFFFFfPzh1faI3jYdVfg1NHcBMHGPXmun+Iunta6kt0RmKYE\nk+hzXnkk7wpjI2k1x1aVkd9GrzvUKKKK7O3vVI+U1pW+oxqMtIPzrhrW9wnP86zdSv74sRaEfjXK\noanXKpbYKKKK9Pm1SCWFkznd1FYx0m1uCQI0BJ4rzu3vPEZ+XKj/AIHitW3tvFkg3JGZB/11rojT\nsQkpbhRRRW1ceF4xc5EXfkr0q8mi28LKPJTgc8VhfbfF0KeV9ik2+u7mqtzqniCMfvbWQH3aqsxO\nCQUUUV6JZXVvbRiLcEHYVLLfdsjbXktxq2uyMu23GB1Nb+najPLGgmJDDqM1jOHUqNRrQKKKK6m7\nuFYGsqQB8gdTUM1wTzmn2aG8niiTJaVtigetVTg5GVaoosKKKK0tPEa9ZU3/AN2vS/Delrp1gvHz\nuSxPseagsfB+kRLDM1orTBQSW9cV0SqsaqqjAHAArvhSsefWrc2iCiiipKKKK6jmCiiiiiiigAoo\nooooooAKKKKKKSikAUUUUc0lOppoAKKKKQmmE8ZpaSs3uNbBRRRWP4h0mHWtIkhmxkruU+hHSvnv\nUrdrG+ks5TzG2059a+l5SqxyNxgg556V89eMQja9evGVdTISGX7p+lZVVc2ot3CiiiufkkKcISR7\nUsU23rk1Qkn2H2q7aX9uSquBya5ZUmj0IVovcKKKKr3stzv3wuamsvHOraUvlmAuvc1tZsiuflIq\nSIaXJwyITSU2tGi5a6xCiiiqH/CyLyaPCW8haqy6zqmoyb5VKLnoa6OOHSwP9VGDTZPsQO1AoFOU\nuyGnfcKKKKowyZjO4Ek+lRJK0MhCr19aszXFvAMDFZ0t+jNlUzUbjulsFFFFaL3BDLk8ntXo/wAP\ndDFw39qSodqn5AR3FeWWpeWUDHX9K958EyRjQYoVdWcMSwzyK6qMUjzsRKVwooorpgenFKBSCnCu\ns5NwooopaKKKoAooooooooAKKKKKKKKACiiikoo6UZHrUgFFFFFFJuHrVK81jTtPQvdXkMSgZO5q\nYBRRRVpiB6/gM1Xu7yCygae4kVIlGSzHArhtX+LvhqxDG2uGu2HQRDGfzxXjXjP4iah4rnPL29mP\nuwKeT9aFDUV9AooorufF3xK/tzV7fRNDlMcEk6iWZerDcMjPoQao+NdCk0y/8kIViP3OeCK838J3\nap4osWfAG8Dn6ivpvVLOy1a2e3vIw6k/Ke6ntWVeHY1o1LPUKKKK+bLyCSOQqBkDrx0rMZssQrEe\n+K9Y8ReA76yJkt0NzAOhTqPrXAXumSLId6bWH8OMYrmi5faO2SjL4QooorHE12i7QxxUYurlGyC1\nXGtpl6g1E6uAcr+laXgRy1I7BRRRTV1O6B5ZqtxalMccnNU44ZJDwtX4LKTIytJ8iHaYUUUVJ9pe\nQ/vDmrEKuzAIOtWrXSzIcla6PS/DdxfyrFbQsSTjcB0rNyjeyNFFrVsKKKKj0WwlurqK3iXMjnGa\n3/Gd9e+CtTsL3TZChdVRlP3WIHPFd94c8JW/h6Dz5R5tyRyfSvOPjndAz2EOAXVg+PQFa6qUDjrV\nObYKKKK63wr8WtN1bZb6nttLs8Ak/Kx+tejRzJJGJFYFGGQfWvi7zd/zlipHQCux8LfE7XfDYETS\n/bLb/nnP0X8ua3cTmTCiiivqTOeQeKN3sa8n0j436bdYTUbOS3J/jTlf55rvtK8VaNrCK1nqED5/\nhJwf1pFBRRRW3RTFkRhlWBHtT80AFFFFFFGaKACiiiuT1P4g+HNMGZdQST2i+f8AlXF6t8bLOMFd\nNsnc/wB6T/DFeHmR2wu7k03Octzg1VhBRRRXcap8VfE1+G8u6FvG3aIFf61xOoape37E3dzLK5Oc\nvk1HIAwUDOBUe0kljyR0osAUUUVBNK1VvNbNTyo7HiqsqMnBp3AKKKKmtblre7jnQ8o4YH6GvqLw\nXrcOv+HLWdmzLsHmHuGr5Vj4baegPPvXrHwm182mpPpzyYhm+dVPYgYFQ0AUUUV7nF5kL5Ugqeue\npqtqXhTStdQvPaKkhH304NaUI8xDuxmrcCtEw/umslBS3L53DYKKKK8n1j4VXUIL6dIsij+BuP1r\nhtQ0C6sZDHd2rxsPVTj86+m8ndggbcda858Z/ETQNKuDp4ihvLro4K5CVEqH8pvDFNbhRRRXjgsC\nG5249BWpZ2ZYqqxmRjwFUZNbqeP/AAsilo9Kja477jxVmHxxbWyC6t7KC3J5BdRj8Kz+qTvqbfXY\nNaBRRRW74d8ATXAW4vwIYjz5X8R/HtXothplrpsIit4ljUdlHP41xPhT4r6Lrt4umXEiwXnQE/dc\n+x9a9CBHYjB6Gt4U4xRyTqymwooopJNoyz/dAr5n+LmqHUPFrIhykSKK+iNYnaO2cA4XHJr5X8TT\nm6166kZtx3Fc/Q1rAzCiiisEfj+dSDOeBk+hagR7z8owB1oHHUYrRkhRRRT485OWx7ZzVm1vpbaU\nGF/LkHRlHIqkMA5BFAHOQRn1pAFFFFdvYePNetECR6ncDHq5I/Kt61+LHie2A3S286jsycn9a80i\nZdw3dDU6uVyOh7UAFFFFezWHxqYIPt+lEn+8kgH6Yorx9JCRknr0oo5UAUUUVQ2nbvH8XSjGEyPu\n96cx24T+7SsNsSj+9SuMKKKKrxyoc5OPTNSkqcY6d6jktfOy/Qj0qEtImFccYouAUUUUkrhSNvOa\ngmVm6ipTwPN6q3b0pOoxnKmgAoooqrgbP9sVqaFdyWGqW9whwwkXPsM81QZOdv60+Mn7o4I6GgAo\noor6/wBAn/tDTLa4ByJEDZFbgGzjtXmvwY11dR8OtZu+ZbYhMHqRiuu8S622nWbR2+HuH4UDtUNA\ntAooorgviz8SBokQ0XTZgL2YYeQfwL0P414bb39+l20drc+fNN99ic9a7zxP4OutUMl/NaymZ8ku\nM4JrzCWwm02d0/eQ3AbAxxx9a1hKwPUKKKK6S28iFZUv7TzrjnDbhgVWuzdf2e0jXQNqDgxbgCB9\nKfpWp/2YGe4a2nZk5L4bH596k0bTY/EuvQxK8e2SUZTdjj0Ardy0Mwooopvhrwtcavdi4hhl+zY+\n+VOR9K978Ia/e6ds0zUgzwqAsUrHkexrpdF8P2mkabFDDGE2oF27eppl34XhuEZ8lS3NcrdzRBRR\nRUviucR+GrqdCMCMsGzXypcEy3s2Dks5JP417V491S80TR5tLmcssybYz6V4q2Adi/fP3jRFBcKK\nKKi45Veg6mkYbo92MAdPen9inYc5pRl8OBgjgCqYgoooqu2VbB3ZprOqruLHFWiDEuxhuLdT6VH9\nkj8zeSdooAKKKKhgEsxywwg+6fWtHIeNX6EdaYMLGFUcilWQEFOmelABRRRTww5AP3elFRoRG4yc\n+tFVYVwoooqF2Bdhj5h1NK7bgnPSoZWXzGZe+Kr3U5hm5ztqCgoooq68phQrnOepqHcJQOxHeo/N\nDqDnKHvUbMVbH8PqKACiiinH5WLr1PVaQgKNy/ePVaRXB5H3vWkztc560wCiiigEbRuGQe/pQwA+\nUcD+9TTnG5ec/wAPpSBwgwx4/lQAUUUV3nwv8RPo3iRItxCzgx5PqeAa+io9Jt4/307faJjyTXyF\nbXLQXMUy8lCGVh7V9XeAdbj13wtazowM6IFlPX5qTQBRRRWnLaNPEY44lRT6iuD8Y+DrdtFvp5LZ\nZHSNmBUYOcV6njI5rzz4reKY9D8NTW0b4nuAUAHJ5pIAooor540yZ5rR9KNkgd3yGbqB6V1GgSXH\nhq9soLuKNY45xMXHJ2+lcfpWqWtqrm4SZr0ng54FdJFPKiLc31ozxSDAbPGK3g7ozYUUUV9Q6bfW\n+pWUVzAweNwCCD0q5gbv6V4V8MvFsmlXv9m3SyCwuZcQsTnax7V7hLPHFbtMXAjVclvasZKzNIsK\nKKK8J+MmpKutJZxvuKqHI+ory8IJCCpx/erZ8Xaida8T3dzvyFkMYJ7gE1hPKoLKnAIwaIiCiiin\nl1VSCuFHb1p4+RQ79T90elRIfl3sM46CmGXe25sk9h6U2AUUUVPgg7c5Ld/Sj+HYTwvP1quZCPl9\ne9PVi3DfdHU0AFFFFWVYKpkPfjFVnkCSAE5P8qimuAOc8L0FVvMLPub71ABRRRV92Xe1FU3kO7PZ\nulFO4WCiiipeNuTTbpUlbBooqRhRRRVN82qhCcxdqlSXAAPKHpRRQAUUUUpAQlT07Go9xI29x3oo\noAKKKKTdtOR9/vS7N+WH3zRRQAUUUURv5Yx3Bww969Z+DXieTTdabTpWP2WcEgf7XQUUU1sAUUUV\n9A3VyLeLcf1r5e+KXiWbWtfleOZRHZyeUB7iiipjuAUUUVxNlbQ6gJrm6vRFKASAo+9XQ6bfyXUc\nFre3ObRWAz6D1ooreBnIKKKKtXTx2+pwpBeObVGD7x2969e8R+M7b/hWaGymLtMn2ff3yB1ooqJh\nEKKKK+fpZmfKhstnJNInIBY8UUVJYUUUUplLnjt29aXPlru7ntRRQAUUUUAZ+XPB70PKI0Oei0UU\nAFFFFZpkaSQkdKsMQGOPSiigAooopHb5UooooKCiiiv/2Q==',NULL,NULL,NULL,'','{code:reference:c0-e14, description:reference:c0-e15}','f','1970-01-01',NULL,'','','ajit kumar','2010-07-28 08:39:08',NULL,NULL,0),(6,'Manohar','MR','COORDINATOR',421,NULL,'MALE','/9j/2wBDAAgGBgcGBQgHBwcJCQgKDBQNDAsLDBkSEw8UHRofHh0aHBwgJC4nICIsIxwcKDcpLDAx\nNDQ0Hyc5PTgyPC4zNDL/2wBDAQkJCQwLDBgNDRgyIRwhMjIyMjIyMjIyMjIyMjIyMjIyMjIyMjIy\nMjIyMjIyMjIyMjIyMjIyMjIyMjIyMjIyMjL/wAAUCADIAMgEASIAAhEBAxEBBCIA/8QAHwAAAQUB\nAQEBAQEAAAAAAAAAAAECAwQFBgcICQoL/8QAtRAAAgEDAwIEAwUFBAQAAAF9AQIDAAQRBRIhMUEG\nE1FhByJxFDKBkaEII0KxwRVS0fAkM2JyggkKFhcYGRolJicoKSo0NTY3ODk6Q0RFRkdISUpTVFVW\nV1hZWmNkZWZnaGlqc3R1dnd4eXqDhIWGh4iJipKTlJWWl5iZmqKjpKWmp6ipqrKztLW2t7i5usLD\nxMXGx8jJytLT1NXW19jZ2uHi4+Tl5ufo6erx8vP09fb3+Pn6/8QAHwEAAwEBAQEBAQEBAQAAAAAA\nAAECAwQFBgcICQoL/8QAtREAAgECBAQDBAcFBAQAAQJ3AAECAxEEBSExBhJBUQdhcRMiMoEIFEKR\nobHBCSMzUvAVYnLRChYkNOEl8RcYGRomJygpKjU2Nzg5OkNERUZHSElKU1RVVldYWVpjZGVmZ2hp\nanN0dXZ3eHl6goOEhYaHiImKkpOUlZaXmJmaoqOkpaanqKmqsrO0tba3uLm6wsPExcbHyMnK0tPU\n1dbX2Nna4uPk5ebn6Onq8vP09fb3+Pn6/9oADgQBAAIRAxEEAAA/APecUuKdijFMR7/RRRTaKdij\nFABRRRTaQ0+kNMAooopuKMUtHfFIAooophFHanHg4NMZgMZ700OwUUUUh603NMluYYv9ZIq/7xxV\nf+0rPOPtUX/fYp2Ywoooq3TTTFnicfJIrfQ5p4+YHFKwBRRRSUhFKOT9KD0B9aaAKKKKbimEVIRj\nrTTVoYUUUVHikxTzTcUxBRRRTcUYp2KMUAFFFFIRTcU+kxSBhRRRWTrA/cx/U0U/WR+4jPuaKgkK\nKKK6iiiipAKKKKKDRSHpQAUUUUUhz2oJIxx1qlqWpQ6batcTMAoH50x2CiiirRmxwcio3uEBALce\nua8q1r4myO7raoFQcBs81ydx481OQ5+0Ec8GtFSkwQUUUV7/ACXUSKSzrj3Nef8Ai/x+mnf6Np7h\n5RwcHoa8tu/GWp3KFJLtip7ZrGe687LPIWPqa0jTsVYKKKK6DUPFGq6hJ/pF6xB/gB6VnrqdwrZ8\n849QaxmuxnGefWmC6YnHGK05ES5JBRRRXZ6f4qv7ORGhu5CFOcFuK7rRfiVHPKsF4ME/xV4qsgLB\ngMH61MtwytkGocELmQUUUV9Pw6lb3EatDKrKw7GrKkOOD0r5/wDDniq4027TzXLw4wQTXsGla5b3\ndqk0Um4OOnpWcoNFrVBRRRXQZOc5pCajjYFckn1pwIbpn8qSAKKKKWiiimIKKKKKKMUuKACiiim0\nHpS4oI4pAwooorM1kf6NH9TRTtX+a3jHuaKkkKKKK6SiiioAKKKKKQjIopCcUAFFFFMkfYC3pXjH\nxF8Tvc6gba2c+VH1A7mvU/EV/wD2bo11cE/MqEqa+b9UuWmnkkLHLMSa2hG5cUFFFFUri6LR/Nj6\nCs2S45606TnJqhIQD+NdcUKSCiiip2lz3p6v8vWqTtjGKUkgcNWnKiPeCiiinM/7zrT1l5qBYWkO\nQaljgYnrWblFC9lJhRRRVlZad53NRG1kAyCaYY2XrmpUo3E6UkFFFFX1nYJx1roNB8RXNhJGqSfK\nx6HtXICUg9akjm+fPeqkkyYSadmFFFFfSGgeIYbuARyTKHAHJPWunikGzggg96+aNJ1WS3mVmkO1\nffpXrPhbxSLgJHJIXUkAZNc0oWOm6aCiiivQFGBS0xTkZB4NPFSSFFFFLRSZ5pRQAUUUUUHpRRQD\nCiiis7VR+4j+pop2pDMKfU0VBIUUUV0NFJRUAFFFFFGcDNFJ2P0oAKKKK4D4mah5GiCLP+sJBHti\nvB7mXcxr1T4q3e6+itg3QAmvJriMq+c5FdlJaXNYahRRRVcnINVJYie1bWnaeb2cBRxXYQeE4GRd\n6ZNTPEKDOqOHuFFFFeYtCSRgZqWGzkkkwUbb64r1RfCdhGMlBTm0O0jUBVHFYzxysbQwoUUUVwEO\nmFVGFJ/CrkWk45wa64afCnQU2S2VVIxXJLEX2OlUEgooorl2sAAeM1RuLMY6V08sQQNgVkXeaqFV\ntkVKUbBRRRXPSWnJ4qrJG0Z6GtplJOKpXq4Wu6nUex5teikroKKKKrQTEZ5rodC1aS0uEZGIIOcG\nuajxtYntVuyY71fPIPArokk0cVNu4UUUV9P6FdNeaRBOwIZlBOa06xPCsjS+HbRmXB8sfyrcFcrW\npu9woooopwoooEFFFFFKOtFFIGFFFFUdS/1KfU0Uan/qY/qaKgkKKKK3sUUtFQAUUUUlNYEjinU1\njgUAFFFFeFfE6CRddcvnBTKmvPX+ZiPWvZfi1Zj7PBcqvzE7T+VeOBSZuRXXGXunRSWoUUUV0vha\nzJm+UDANd9sWNOcD3rK8GaZt03zmHLcirGoJcTytFGQF9c15lR3nZnpwVlcKKKKsCa2LYaRfzqtc\nyWYJ/eCuavtJvUJxcuPoM1nrZ3IOPOZiO7cUezg0aKbCiiiupAikPyMDTJIQ3PQVkW8c8eNxJ+lX\nLm7eOLkY4rF01fQrmbCiiiobyS3RSpYA1zt5cwKcbgah1Gaa4lKq2M8cVR/sl35aVvyrqpU7GMpB\nRRRUwljY8GqmoJmPcOlSNZtEMKSfwqeOAyQFG610RdpHPVV4hRRRXPIGYkD8c11PgrSU1bX4YXGV\nDbiPaufa3IuCgOMV6r8JNGl+0S6lJFtX7qkjrkV1N6HmqNmFFFFet21ultbpDGMIgwBVgCmjHY06\nsCnuFFFFLRSd6cKBBRRRRRRRSBhRRRVHUuYY/qaKNR/1SfU0VBIUUUVv0UUVAwooopKQ5xwM0tIf\nrigAoooriPiXbefoIIQsyEnj6V4XKuyYbhjBr6hvraG7t5IpVDqy45ryHXvCdo8hmjGCr8qO/NX7\nVRVjqoQcnoFFFFaWg/am0CA2wVcR5BYZzVicLa2RmkUNIRkketamm2n2XTIYlGFVcYrOuQ8TPv5U\nnqK8+bTlc9OK0sFFFFczq0tydPNxE6qPQjmuajvpdiyyMCWPQiuxv3gkjKqUJ9zXOSaeLmRtq5IN\naxlGwuWVwoooq9DcI0caqQJGrM1uEwxBt8nPqa3dN0Zp7pJGUhUApPEtoNjBlwB0qFJKWho4+6FF\nFFefify+WGWzwakmedwDEx96Q27iVlYfL2qSJHTA7Gu1TSRzKDbCiiigPIkir94d81aEYCmUcnsB\nQkJJBPWrCIGwF+UA80nNX0CUHYKKKKwVtZJ9WVAvLsBivpDw/p8Wn6LawRrt2pg+9eQ+H9OSfxRb\nkqCp/pXuUYGMDoBmtue6OCpGwUUUUuB6UtGcjNFBgFFFFFFFFABRRRS0UUUgYUUUVS1D/VJ9TRRq\nH+qT6mioJCiiit6iiioGFFFFFITilpCM0AFFFFRyDJ4rkfECm1VnWMHcw7e9dicAVmapapPDhxxn\nNROHMjpoVOVhRRRWHCrNCmeKJ7aN0IYDmrCnqAOB0prcmuS1nY9OMr6hRRRXNXWlRs5IUflUMOnJ\nE+Aqit65AXtWOXP2vjBGaxbaZ0xs0FFFFaNvahVwq/lWFr0CYYnJ+taE15qEco8gxqvuKx9f1ENa\nMAuX74rRboSe4UUUVxt1Dht4AwDU0Vj56hgKqG5kmQLtOSa2tPfbGB3FbybsRCwUUUVTktfIIyKh\n6Nir19KGbrWduHmAE8ninB3Jq6BRRRXa+BbD7RqgusZEQr05Rhs9ia4P4dyKsE6k/Oeorv8Atn0r\nsitDyaz1CiiikPJP1pKdjFFWc4UUUU2inUUAFFFFNpR1paKQMKKKKo6h/qk+poo1D/VJ9TRUEhRR\nRW/RSZpazGFFFFJRRSE4FMAooopGqvcx+ZCV7mpyajbBwfSnbQqLswooorAlQxOI+9REgNitLUYS\nx81RgisgkZzmuKrGzuepRnzKwUUUVDdDIrKQETuBySfyrXnwUzXO3jXJmZLYhSTyxGax6nYtgooo\nqa+Uqn72RR7ZrlLrylkdjIWX0rZOlzPl7qZmPqCRWHdWEUbtnfg9t1bRGlcKKKKxJpYC5ZG2nPFT\n2Nzgnnd9KpXmmoXO3fj/AHqWyU2Z45+tb2ujF6MKKKKs3MxZjkEDNMVCWQn61K5EwyR71oaHp0mo\nalFAoypI3HH3RThGxnVqaBRRRXo/gvRVs9NW5zlpetdZn5DioLWFba3SFBgKoFToNoIPOa6keXN3\nYUUUUinIpaKKZmFFFFJRS4oxQAUUUUUDrRRSBhRRRVLUf9Un1NFJqH+qT6mioJCiiit6iikPpULU\nYUUUUE00mkLbTzTXkRU3FsCnYaQUUUU6mN9Kia5XGV5FVZb5tpI+UVaRXK29Aoooq067mKMeCK5e\n+Jt5nXpzW/aM88xkY5AqvrenCVDNGMvjpWNWN0dNCfJOzCiiiue87etQtHggr95qrmR4SV646+1I\nLvoSc1wyi0epGaaCiiiln3iFkY1zF1uDHcM10E99FghhXN3l6vmHb0ojcTnYKKKKzrkd8YFUJGXP\nFT3tyWOBWZJKVb1rqhF2M5SQUUUVaV+RXrPgfSobXT1vdoMkg/SvJbCFrq6SNeR1Nep6JraaXapB\nIucD5cdq1Ukjkqu+wUUUV25oFZdvr1hMo/elWPqMVoxyxyDMcgcfWtlNM4nFphRRRTz1ooJwemaA\nQ3A4NUSFFFFFFGMcUUAFFFFFFFA60gYUUUVR1D/VJ9TRRqP+qT6mioJCiiit401uh5qrLeIGAzTH\nnUrhepqUi+UKKKKlnmWKMkkVzt7qLM+zJxmrOpzMQq4FY80ciyh8dqUnY3hFBRRRW7YyBowvXNOv\nV3QkAdKo6czE4rSZcHDdDWkHoS1ZhRRRTdCk3pOp6q2P0rVfBXBHtWbZwi2ujs6Pya1G+7Uvczm7\nO4UUUVzOseHRMTcWzYbqV9a5O4jeFikibWHUYr0h2Kms3UNPtdQjPmKFk7N3rKdO510KzW4UUUV5\njdnk1hzkck112uaTdacS6p58Hc9xXGTSPdSgRQsWPQAVgqdmdymmgoooqnO4OeKhitpLuQLEp9zi\nt+LQ3dVkuvkX+7WnDbxW0eIl4rW9kYzkFFFFV9M0xLSMH+PHJrRmKoiyK3K+tNXld3em3fzQKtQ2\nYvUKKKKsgrLEOcEc5FS2OoXVnMPLlYr6GqkXyRKKkDGnGTFyoKKKK7zSdZW6QCTAbOK1GdS4K8/S\nvOrSUqMjrmta21me3cc5FbKoZSphRRRXY5yaKxbfX0kYCRcE96145kmXcG3D0rZTTOdwYUUUU+gd\naVcY4prN8wpiYUUUVS1H/VJ9TRRqH+qT6mioJCiiimou+POeadD8uS/UVBaOTwaluHEaH1xU30Ou\n1wooorN1CfdcrgcZqWYBolYCqNwSZlJrUKBrIEVi5NmkUkFFFFQ2LlZK1mzIoz2rJtVxLWoGxget\nbU3oZzWtwoooqNbnyXwTyDxWrDMsqgg9awr2PPKmpdJuNrmFzyORVPclxugooorZkRWzVJowz7s9\nDj6VeRw6H1rmPGWtpoWiTT7gsj/Kg9TTjroZxvcKKKK5Xxv4igRZbSOdE8sZdgQT+VeeQ+LGt598\nCJsB71j6hNJcXLTOC7uSx3H1rHdishRI8Z5rf6smaKs4hRRRXrVrqEWq2guo3zk5dfQ1bz+7GAOa\n838Kam1jqSRM2YpfkI9K9HAAxjoeRXHXpqD0Nqc+cKKKKTbwfXNDqWZRUy4Y9PelEZLl+1c1y0FF\nFFCJuOPSn+WAcU9F+T3q5aW+/wC91poQUUUVDEpRMYppJSQY5q/cQeWOlVJF+YGjUE7hRRRU6zEA\nAqM1etr94OVJ+lZyjPNTKKrmYmkFFFFdVZ38VxjDc+9XjgYJzXFTytBErRZVq2dK1jz0ENw2GHSt\n41L7nPKmFFFFXtQ/1KfU0Uanj7NGwPc0VV0Y2YUUUVXhXyn5qveXJeYIAKtX7CIkisq2zPcgn1rF\nvQ7IK4UUUUt1H+8Qeta8cP8AoQAJqheJ/pEYrYgUeWFPpSpq4pOwUUUVThgw+cmpncKOe1EjhCaz\n5rgu2BVt2EtQooopJ7gu2M4qDzTBcpJknPFO2FjmpobQSnJ6j1pRldjCiiitJtQ8qWMEDBHJ9K8q\n+JupnUr/AMqI7o7foB0J9a9A1xzDHHDCPmcYY1x+raNHsxjLEfeNaU52kSo3CiiivK7rdPAGfAXo\ncdRWPKQG27m47966DVbT7DdzWxPzAbwe3Nc5M5LsQPmzjPavXjJWOScXcKKKKfavtuQy5LA5Fesa\nbeLPaQyE8KoDflXmOiW5l1IfLkgZNeh6XavGpjA+R+vtXl4x6nXh1oFFFFdCpU2jyDGO1XbSETWK\nnuayzbtawCLdkMRW3pRCxbT2rhSNwooopkVqwl5zg1ci+SYKK0PLRhwKqyQ+XMGq0hBRRRU91B5s\nYzkcVkTR4OPSulEYkhB9qyL2EITVSWhmnqFFFFUEPQVajTNVU61diHFZo0YUUUVV1QsqRqDUKts2\ny/xLU+psGljWmRx9cjIFPYW4UUUVswah9qtVRuMUVRt3ycKuKKs5ZbhRRRWfqPj3Rp/uyn86q2nj\nfR4XB3kn0z1ooplKTCiiiprjx1pc0qsFfj3rSj8f6YsQAikdvQMM0UVSByYUUUVBN4ytrjPlWk/P\n+0KgTxB8xP2Cds/7QoooZaCiiirseuMy8abcf99LVy31xkHOl3B99y0UUo7k9Qoooqhe6hd3U4ca\nfPgdMsKr373l1aBItNmD4xkkYooqo/ELmYUUUVwep+DNc1CdpGj25GOfSs8fDXWnP3OB14oors5n\nYykFFFFX9I8B6xZ3hmeMlR2Fdba6TfQdbWTH1FFFctXXc0pthRRRV6W1uHiCixk3A9cinwRXsX/L\nlJ+YoorGOxpzMKKKKvJc3q/8uUn5inSXN4xGbGQ/iKKKoXMwoooqePUbxE2fYH/MVWuXvp/+XNh9\ncUUUEuTCiiiqYttQzkQY9qmSHUR/yxoopD5mFFFFRXVnqEkqttTj2p5tb8x4UIvqcUUVVgbYUUUV\nZs7e5TmQqfoKKKKDMKKKK//Z',NULL,NULL,NULL,'Telugu','','Y',NULL,NULL,'<br>','','Bhavesh ','2010-08-25 14:28:02','Bhavesh ','2010-09-30 04:59:00',11),(7,'Radhika','MRS','LAB_TECHNICIAN',454,NULL,'FEMALE',NULL,NULL,NULL,NULL,'','MBBS','Y',NULL,NULL,'','','Bhavesh ','2010-09-30 04:59:49','ajit kumar','2010-10-06 17:49:35',2),(8,'ganga','MR','LAB_TECHNICIAN',502,'1987-12-12','FEMALE',NULL,NULL,NULL,NULL,'Hindi,Telugu','RMP','Y','2010-10-20',NULL,'fresher','no','Alok Ranjan','2010-10-20 04:23:13',NULL,NULL,0);
/*!40000 ALTER TABLE `entity` ENABLE KEYS */;
UNLOCK TABLES;

--
-- Table structure for table `entity_acct_map`
--

DROP TABLE IF EXISTS `entity_acct_map`;
/*!40101 SET @saved_cs_client     = @@character_set_client */;
/*!40101 SET character_set_client = utf8 */;
CREATE TABLE `entity_acct_map` (
  `ENTITY_ID` int(11) NOT NULL,
  `ENTITY_TYPE` varchar(25) CHARACTER SET latin1 NOT NULL,
  `BUSINESS_PARTNER_ID` int(11) NOT NULL,
  `USER_ID` varchar(45) CHARACTER SET latin1 NOT NULL,
  `LAST_MODIFIED_DTM` datetime NOT NULL,
  `VERSION` int(11) NOT NULL,
  PRIMARY KEY (`ENTITY_ID`,`ENTITY_TYPE`)
) ENGINE=InnoDB DEFAULT CHARSET=utf8 COLLATE=utf8_unicode_ci;
/*!40101 SET character_set_client = @saved_cs_client */;

--
-- Dumping data for table `entity_acct_map`
--

LOCK TABLES `entity_acct_map` WRITE;
/*!40000 ALTER TABLE `entity_acct_map` DISABLE KEYS */;
INSERT INTO `entity_acct_map` VALUES (1,'DOC',1000249,'Bhavesh ','2010-07-19 15:51:35',0),(1,'PAT',1000248,'ajit kumar','2010-07-19 15:47:49',0),(1,'REFERRAL',1000261,'ajit kumar','2010-07-20 08:44:28',0),(2,'DOC',1000256,'ajit kumar','2010-07-19 16:34:26',0),(2,'PAT',1000250,'ajit kumar','2010-07-19 15:55:35',0),(3,'PAT',1000251,'Bhavesh ','2010-07-19 15:59:23',0),(4,'PAT',1000255,'Bhavesh ','2010-07-20 19:11:53',0),(5,'IPD',1000252,'Bhavesh ','2010-07-19 16:04:36',0),(5,'PAT',1000258,'Bhavesh ','2010-07-19 17:13:48',0),(5,'REFERRAL',1000264,'ajit kumar','2010-07-20 09:26:47',0),(6,'IPD',1000253,'Bhavesh ','2010-07-20 19:05:21',0),(6,'PAT',1000270,'Bhavesh ','2010-07-22 12:55:51',0),(6,'REFERRAL',1000265,'ajit kumar','2010-07-20 09:49:16',0),(7,'IPD',1000262,'Bhavesh ','2010-07-21 11:52:58',0),(7,'PAT',1000271,'Bhavesh ','2010-07-22 13:00:02',0),(7,'REFERRAL',1000266,'ajit kumar','2010-07-20 09:51:12',0),(8,'DOC',1000485,'Bhavesh ','2010-10-22 10:14:07',0),(8,'IPD',1000389,'Bhavesh ','2010-09-30 16:19:36',0),(8,'PAT',1000273,'Bhavesh ','2010-07-22 13:16:58',0),(8,'REFERRAL',1000267,'ajit kumar','2010-07-20 09:54:42',0),(9,'DOC',1000486,'Bhavesh ','2010-10-22 11:28:05',0),(9,'IPD',1000390,'Bhavesh ','2010-09-30 17:13:32',0),(9,'PAT',1000274,'Bhavesh ','2010-07-22 13:47:42',0),(9,'REFERRAL',1000306,'Bhavesh ','2010-08-02 11:58:06',0),(10,'DOC',1000488,'Bhavesh ','2010-10-22 15:28:47',0),(10,'IPD',1000391,'Bhavesh ','2010-09-30 17:26:56',0),(10,'PAT',1000275,'Bhavesh ','2010-07-22 13:50:37',0),(11,'DOC',1000489,'Bhavesh ','2010-10-22 15:30:39',0),(11,'IPD',1000392,'Bhavesh ','2010-09-30 17:31:13',0),(11,'PAT',1000276,'Bhavesh ','2010-07-22 13:57:36',0),(12,'DOC',1000490,'Bhavesh ','2010-10-22 17:27:30',0),(12,'IPD',1000393,'Bhavesh ','2010-09-30 17:37:14',0),(12,'PAT',1000277,'Bhavesh ','2010-07-22 14:00:30',0),(13,'IPD',1000394,'Bhavesh ','2010-09-30 17:48:52',0),(13,'PAT',1000278,'Bhavesh ','2010-07-22 14:02:38',0),(14,'IPD',1000395,'Bhavesh ','2010-09-30 17:55:41',0),(14,'PAT',1000279,'Bhavesh ','2010-07-22 15:14:07',0),(14,'REFERRAL',1000432,'Alok Ranjan','2010-10-07 12:20:57',0),(15,'IPD',1000396,'Bhavesh ','2010-09-30 18:04:53',0),(15,'PAT',1000280,'Bhavesh ','2010-07-22 15:18:58',0),(15,'REFERRAL',1000433,'Alok Ranjan','2010-10-07 12:22:37',0),(16,'IPD',1000397,'Bhavesh ','2010-09-30 18:06:41',0),(16,'PAT',1000281,'Bhavesh ','2010-07-22 15:40:43',0),(16,'REFERRAL',1000434,'Alok Ranjan','2010-10-07 12:23:58',0),(17,'IPD',1000398,'Bhavesh ','2010-09-30 18:09:33',0),(17,'REFERRAL',1000435,'Alok Ranjan','2010-10-07 12:25:38',0),(18,'IPD',1000400,'Bhavesh ','2010-09-30 18:13:08',0),(18,'PAT',1000314,'Bhavesh ','2010-08-21 11:34:27',0),(18,'REFERRAL',1000436,'Alok Ranjan','2010-10-07 12:39:25',0),(19,'IPD',1000401,'Bhavesh ','2010-09-30 18:20:01',0),(19,'PAT',1000315,'Bhavesh ','2010-08-21 11:39:47',0),(19,'REFERRAL',1000477,'Alok Ranjan','2010-10-14 11:58:59',0),(20,'IPD',1000402,'Bhavesh ','2010-09-30 18:22:02',0),(20,'PAT',1000316,'Bhavesh ','2010-08-21 11:42:00',0),(20,'REFERRAL',1000480,'Alok Ranjan','2010-10-19 12:59:07',0),(21,'IPD',1000403,'Bhavesh ','2010-09-30 18:23:02',0),(21,'PAT',1000317,'Bhavesh ','2010-08-21 11:43:17',0),(21,'REFERRAL',1000481,'Alok Ranjan','2010-10-19 12:59:07',0),(22,'IPD',1000430,'ajit kumar','2010-10-06 23:54:06',0),(22,'PAT',1000318,'Bhavesh ','2010-08-21 11:45:26',0),(23,'IPD',1000438,'ajit kumar','2010-10-07 14:22:27',0),(23,'PAT',1000319,'Bhavesh ','2010-08-21 11:46:14',0),(24,'IPD',1000439,'ajit kumar','2010-10-07 14:49:34',0),(24,'PAT',1000320,'Bhavesh ','2010-08-21 11:52:36',0),(25,'PAT',1000321,'Bhavesh ','2010-08-21 11:55:54',0),(26,'PAT',1000322,'Bhavesh ','2010-08-21 12:23:27',0),(27,'PAT',1000323,'Bhavesh ','2010-08-21 12:26:41',0),(28,'PAT',1000324,'Bhavesh ','2010-08-21 12:37:33',0),(29,'PAT',1000325,'Bhavesh ','2010-08-21 12:42:02',0),(30,'PAT',1000326,'Bhavesh ','2010-08-21 12:43:45',0),(31,'PAT',1000327,'Bhavesh ','2010-08-21 12:44:44',0),(32,'PAT',1000328,'Bhavesh ','2010-08-21 12:51:15',0),(33,'PAT',1000329,'Bhavesh ','2010-08-21 12:55:38',0),(34,'PAT',1000330,'Bhavesh ','2010-08-21 12:58:22',0),(35,'PAT',1000331,'Bhavesh ','2010-08-21 13:00:31',0),(36,'PAT',1000332,'Bhavesh ','2010-08-21 13:03:28',0),(37,'PAT',1000334,'Bhavesh ','2010-08-21 13:51:34',0),(38,'PAT',1000335,'Bhavesh ','2010-08-21 14:03:45',0),(39,'PAT',1000336,'Bhavesh ','2010-08-21 14:05:45',0),(40,'PAT',1000339,'Bhavesh ','2010-08-21 14:16:09',0),(41,'PAT',1000340,'Bhavesh ','2010-08-21 14:16:54',0),(42,'PAT',1000341,'Bhavesh ','2010-08-21 14:23:14',0),(43,'PAT',1000342,'Bhavesh ','2010-08-21 14:24:12',0),(44,'PAT',1000343,'Bhavesh ','2010-08-21 14:32:05',0),(45,'PAT',1000353,'Bhavesh ','2010-08-26 11:09:12',0),(46,'PAT',1000356,'Bhavesh ','2010-09-13 17:27:59',0),(47,'PAT',1000357,'Bhavesh ','2010-09-13 17:30:46',0),(48,'PAT',1000358,'Bhavesh ','2010-09-13 17:42:18',0),(51,'PAT',1000359,'ajit kumar','2010-09-14 09:45:28',0),(52,'PAT',1000360,'ajit kumar','2010-09-14 10:30:54',0),(53,'PAT',1000361,'ajit kumar','2010-09-14 10:34:25',0),(54,'PAT',1000362,'ajit kumar','2010-09-14 10:37:18',0),(55,'PAT',1000363,'ajit kumar','2010-09-14 11:01:15',0),(56,'PAT',1000364,'ajit kumar','2010-09-14 12:14:54',0),(57,'PAT',1000365,'ajit kumar','2010-09-16 12:08:10',0),(58,'PAT',1000399,'Bhavesh ','2010-09-30 18:11:49',0),(59,'PAT',1000404,'ajit kumar','2010-09-30 19:00:21',0),(60,'PAT',1000405,'ajit kumar','2010-09-30 19:01:19',0),(61,'PAT',1000406,'Bhavesh ','2010-10-01 09:19:44',0),(62,'PAT',1000407,'Bhavesh ','2010-10-01 09:22:28',0),(63,'PAT',1000408,'Bhavesh ','2010-10-01 09:34:24',0),(64,'PAT',1000409,'Bhavesh ','2010-10-01 09:36:02',0),(65,'PAT',1000410,'ajit kumar','2010-10-01 12:08:40',0),(66,'PAT',1000412,'ajit kumar','2010-10-01 18:43:07',0),(67,'PAT',1000427,'ajit kumar','2010-10-06 21:45:21',0),(68,'PAT',1000428,'ajit kumar','2010-10-06 21:55:41',0),(69,'PAT',1000429,'ajit kumar','2010-10-06 21:59:08',0),(70,'PAT',1000471,'Alok Ranjan','2010-10-13 17:09:17',0),(71,'PAT',1000474,'Alok Ranjan','2010-10-13 19:32:07',0),(72,'PAT',1000476,'Alok Ranjan','2010-10-14 10:26:07',0),(73,'PAT',1000478,'Alok Ranjan','2010-10-18 09:45:22',0),(74,'PAT',1000479,'Alok Ranjan','2010-10-19 11:04:27',0),(76,'PAT',1000482,'Bhavesh ','2010-10-21 20:54:51',0),(77,'PAT',1000483,'Alok Ranjan','2010-10-22 09:02:54',0),(78,'PAT',1000484,'Bhavesh ','2010-10-22 10:03:14',0),(79,'PAT',1000487,'Bhavesh ','2010-10-22 14:47:33',0),(80,'PAT',1000491,'Bhavesh ','2010-10-22 17:33:44',0),(81,'PAT',1000492,'Bhavesh ','2010-10-22 19:28:20',0),(82,'PAT',1000493,'Bhavesh ','2010-10-22 19:44:44',0),(83,'PAT',1000494,'Bhavesh ','2010-10-22 21:07:16',0),(84,'PAT',1000495,'Alok Ranjan','2010-10-25 18:07:28',0),(85,'PAT',1000496,'Alok Ranjan','2010-10-25 18:08:55',0),(86,'PAT',1000497,'Alok Ranjan','2010-10-25 18:24:16',0),(87,'PAT',1000498,'Alok Ranjan','2010-10-25 18:28:37',0),(88,'PAT',1000499,'Alok Ranjan','2010-10-25 18:31:39',0),(89,'PAT',1000500,'Alok Ranjan','2010-10-26 11:48:19',0),(90,'PAT',1000501,'Alok Ranjan','2010-10-27 12:22:42',0),(91,'PAT',1000502,'Alok Ranjan','2010-11-01 11:53:49',0),(92,'PAT',1000503,'Alok Ranjan','2010-11-01 11:59:43',0),(93,'PAT',1000504,'Alok Ranjan','2010-11-01 15:01:49',0),(94,'PAT',1000505,'Alok Ranjan','2010-11-01 15:54:39',0),(95,'PAT',1000506,'Alok Ranjan','2010-11-01 18:36:17',0),(96,'PAT',1000507,'ajit kumar','2010-11-02 09:29:59',0),(97,'PAT',1000508,'Manish ','2010-11-02 10:08:05',0),(98,'PAT',1000509,'Alok Ranjan','2010-11-08 15:01:10',0),(99,'PAT',1000510,'Alok Ranjan','2010-11-08 15:02:35',0),(100,'PAT',1000511,'Alok Ranjan','2010-11-08 15:10:21',0),(101,'PAT',1000512,'Alok Ranjan','2010-11-08 15:22:08',0),(102,'PAT',1000513,'Manish ','2010-11-09 11:23:28',0),(103,'PAT',1000514,'Manish ','2010-11-09 12:05:00',0),(104,'PAT',1000515,'ajit kumar','2010-11-10 12:48:27',0);
/*!40000 ALTER TABLE `entity_acct_map` ENABLE KEYS */;
UNLOCK TABLES;

--
-- Table structure for table `entity_contact_code`
--

DROP TABLE IF EXISTS `entity_contact_code`;
/*!40101 SET @saved_cs_client     = @@character_set_client */;
/*!40101 SET character_set_client = utf8 */;
CREATE TABLE `entity_contact_code` (
  `PERSONEL_ID` int(11) NOT NULL,
  `FOR_ENTITY_CODE` varchar(25) COLLATE utf8_unicode_ci NOT NULL,
  `CONTACT_TYPE_IND` varchar(25) COLLATE utf8_unicode_ci NOT NULL,
  `CONTACT_CODE` int(11) DEFAULT NULL,
  `SAME_AS_CURRENT` smallint(1) DEFAULT NULL,
  `ACTIVE` smallint(1) DEFAULT NULL,
  `CREATE_DTM` datetime DEFAULT NULL,
  `CREATED_BY` varchar(45) COLLATE utf8_unicode_ci DEFAULT NULL,
  `LAST_MODIFIED_DTM` datetime DEFAULT NULL,
  `MODIFIED_BY` varchar(45) COLLATE utf8_unicode_ci DEFAULT NULL,
  `VERSION` int(11) NOT NULL,
  PRIMARY KEY (`PERSONEL_ID`,`FOR_ENTITY_CODE`,`CONTACT_TYPE_IND`),
  KEY `Entity_Contact_Code_For_Entity_Code_FK` (`FOR_ENTITY_CODE`),
  KEY `Entity_Contact_Code_Contact_Type_Ind_FK` (`CONTACT_TYPE_IND`),
  KEY `Entity_Contact_Code_Contact_Code_FK` (`CONTACT_CODE`),
  CONSTRAINT `entity_contact_code_ibfk_1` FOREIGN KEY (`CONTACT_TYPE_IND`) REFERENCES `contact_type` (`CONTACT_TYPE_IND`),
  CONSTRAINT `entity_contact_code_ibfk_2` FOREIGN KEY (`CONTACT_CODE`) REFERENCES `contact_details` (`CONTACT_CODE`),
  CONSTRAINT `entity_contact_code_ibfk_3` FOREIGN KEY (`FOR_ENTITY_CODE`) REFERENCES `app_entities` (`ENTITY_TYPE`)
) ENGINE=InnoDB DEFAULT CHARSET=utf8 COLLATE=utf8_unicode_ci;
/*!40101 SET character_set_client = @saved_cs_client */;

--
-- Dumping data for table `entity_contact_code`
--

LOCK TABLES `entity_contact_code` WRITE;
/*!40000 ALTER TABLE `entity_contact_code` DISABLE KEYS */;
INSERT INTO `entity_contact_code` VALUES (1,'DOCTOR','CURRENT',506,0,NULL,'2010-10-21 15:33:24','Bhavesh ',NULL,NULL,0),(1,'DOCTOR','PERMANENT',507,0,NULL,'2010-10-21 15:33:25','Bhavesh ',NULL,NULL,0),(2,'DOCTOR','CURRENT',503,0,NULL,'2010-10-21 15:32:28','Bhavesh ',NULL,NULL,0),(2,'DOCTOR','EMERGENCY_PRIMARY',505,0,NULL,'2010-10-21 15:32:28','Bhavesh ',NULL,NULL,0),(2,'DOCTOR','PERMANENT',504,0,NULL,'2010-10-21 15:32:28','Bhavesh ',NULL,NULL,0),(8,'DOCTOR','CURRENT',527,0,NULL,'2010-10-22 15:24:02','Bhavesh ',NULL,NULL,0),(8,'DOCTOR','EMERGENCY_PRIMARY',529,0,NULL,'2010-10-22 15:24:02','Bhavesh ',NULL,NULL,0),(8,'DOCTOR','PERMANENT',528,0,NULL,'2010-10-22 15:24:02','Bhavesh ',NULL,NULL,0),(9,'DOCTOR','CURRENT',523,0,NULL,'2010-10-22 11:28:05','Bhavesh ',NULL,NULL,0),(9,'DOCTOR','PERMANENT',524,0,NULL,'2010-10-22 11:28:05','Bhavesh ',NULL,NULL,0),(10,'DOCTOR','CURRENT',530,0,NULL,'2010-10-22 15:28:47','Bhavesh ',NULL,NULL,0),(10,'DOCTOR','PERMANENT',531,0,NULL,'2010-10-22 15:28:47','Bhavesh ',NULL,NULL,0),(11,'DOCTOR','CURRENT',532,0,NULL,'2010-10-22 15:30:39','Bhavesh ',NULL,NULL,0),(11,'DOCTOR','PERMANENT',533,0,NULL,'2010-10-22 15:30:39','Bhavesh ',NULL,NULL,0),(12,'DOCTOR','CURRENT',536,0,NULL,'2010-10-22 17:29:53','Bhavesh ',NULL,NULL,0),(12,'DOCTOR','PERMANENT',537,0,NULL,'2010-10-22 17:29:53','Bhavesh ',NULL,NULL,0);
/*!40000 ALTER TABLE `entity_contact_code` ENABLE KEYS */;
UNLOCK TABLES;

--
-- Table structure for table `especialty`
--

DROP TABLE IF EXISTS `especialty`;
/*!40101 SET @saved_cs_client     = @@character_set_client */;
/*!40101 SET character_set_client = utf8 */;
CREATE TABLE `especialty` (
  `ESPECIALTY_CODE` varchar(25) COLLATE utf8_unicode_ci NOT NULL,
  `ESPECIALTY_NAME` varchar(45) COLLATE utf8_unicode_ci DEFAULT NULL,
  `ACTIVE` smallint(1) DEFAULT NULL,
  `ESPECILALTY` smallint(1) DEFAULT NULL,
  `CREATED_DTM` datetime DEFAULT NULL,
  `CREATED_BY` varchar(45) COLLATE utf8_unicode_ci DEFAULT NULL,
  `LAST_MODIFIED_DTM` datetime DEFAULT NULL,
  `MODIFIED_BY` varchar(45) COLLATE utf8_unicode_ci DEFAULT NULL,
  PRIMARY KEY (`ESPECIALTY_CODE`)
) ENGINE=InnoDB DEFAULT CHARSET=utf8 COLLATE=utf8_unicode_ci;
/*!40101 SET character_set_client = @saved_cs_client */;

--
-- Dumping data for table `especialty`
--

LOCK TABLES `especialty` WRITE;
/*!40000 ALTER TABLE `especialty` DISABLE KEYS */;
INSERT INTO `especialty` VALUES ('ANESTHESIOLOGISTS','Anesthesiologists',1,1,NULL,NULL,NULL,NULL),('CARDIOLOGISTS','Cardiologists',1,1,NULL,NULL,NULL,NULL),('DERMATOLOGISTS','Dermatologists',1,1,NULL,NULL,NULL,NULL),('DIABETOLOGISTS','Diabetologists',1,1,NULL,NULL,NULL,NULL),('ENDOCRINOLOGISTS','Endocrinologists',1,1,NULL,NULL,NULL,NULL),('GASTROENTEROLOGISTS','Gastroenterologists',1,1,NULL,NULL,NULL,NULL),('HEAD_NECK_SURGEON','Head / Neck Surgeons',1,1,NULL,NULL,NULL,NULL),('NEUROLOGISTS','Neurologists',1,1,NULL,NULL,NULL,NULL),('OPHTHALMOLOGISTS','Ophthalmologists',1,1,NULL,NULL,NULL,NULL),('OTOLARYNGOLOGISTS','Otolaryngologists',1,1,NULL,NULL,NULL,NULL),('PATHOLOGISTS','Pathologists',1,1,NULL,NULL,NULL,NULL),('PEDIATRICIANS','Pediatricians',1,1,NULL,NULL,NULL,NULL),('PSYCHIATRISTS','Psychiatrists',1,1,NULL,NULL,NULL,NULL),('RADIOLOGISTS','Radiologists',1,1,NULL,NULL,NULL,NULL),('RHEMATOLOGISTS','Rheumatologists',1,1,NULL,NULL,NULL,NULL);
/*!40000 ALTER TABLE `especialty` ENABLE KEYS */;
UNLOCK TABLES;

--
-- Table structure for table `feedback`
--

DROP TABLE IF EXISTS `feedback`;
/*!40101 SET @saved_cs_client     = @@character_set_client */;
/*!40101 SET character_set_client = utf8 */;
CREATE TABLE `feedback` (
  `FEEDBACK_NUMBER` int(11) NOT NULL,
  `FEEDBACK_TYPE_CD` varchar(30) NOT NULL,
  `SEQUENCE_NBR` int(11) NOT NULL,
  `SUBSEQUENCE_NBR` int(11) NOT NULL,
  `CURRENT_DTM` timestamp NOT NULL DEFAULT CURRENT_TIMESTAMP ON UPDATE CURRENT_TIMESTAMP,
  `FEEDBACK_BY` varchar(80) DEFAULT NULL,
  `ENTITY_TYPE` varchar(20) DEFAULT 'PATIENT',
  `FEEDBACK_VALUE` mediumtext NOT NULL,
  `VERSION` int(11) NOT NULL,
  PRIMARY KEY (`FEEDBACK_NUMBER`,`FEEDBACK_TYPE_CD`,`SEQUENCE_NBR`,`SUBSEQUENCE_NBR`),
  KEY `FEEDBAK_FEEDBACK_TYPE_CD_FK` (`FEEDBACK_TYPE_CD`,`SEQUENCE_NBR`),
  CONSTRAINT `FEEDBAK_FEEDBACK_TYPE_CD_FK` FOREIGN KEY (`FEEDBACK_TYPE_CD`, `SEQUENCE_NBR`) REFERENCES `feedback_type` (`FEEDBACK_TYPE_CD`, `FEEDBACK_SEQUENCE_NBR`) ON DELETE NO ACTION ON UPDATE NO ACTION
) ENGINE=InnoDB DEFAULT CHARSET=latin1;
/*!40101 SET character_set_client = @saved_cs_client */;

--
-- Dumping data for table `feedback`
--

LOCK TABLES `feedback` WRITE;
/*!40000 ALTER TABLE `feedback` DISABLE KEYS */;
/*!40000 ALTER TABLE `feedback` ENABLE KEYS */;
UNLOCK TABLES;

--
-- Table structure for table `feedback_type`
--

DROP TABLE IF EXISTS `feedback_type`;
/*!40101 SET @saved_cs_client     = @@character_set_client */;
/*!40101 SET character_set_client = utf8 */;
CREATE TABLE `feedback_type` (
  `FEEDBACK_TYPE_CD` varchar(30) NOT NULL,
  `FEEDBACK_SEQUENCE_NBR` int(11) NOT NULL,
  `DESCRIPTION` varchar(256) DEFAULT NULL,
  `INVOLVED_PROCESS` varchar(256) DEFAULT NULL,
  `FEED_BACK_VALUE_TYPE` varchar(30) DEFAULT 'FREETEXT',
  `MAXIMUM_ALLOWED_SUBSEQUENCE` int(11) DEFAULT NULL,
  PRIMARY KEY (`FEEDBACK_TYPE_CD`,`FEEDBACK_SEQUENCE_NBR`)
) ENGINE=InnoDB DEFAULT CHARSET=latin1;
/*!40101 SET character_set_client = @saved_cs_client */;

--
-- Dumping data for table `feedback_type`
--

LOCK TABLES `feedback_type` WRITE;
/*!40000 ALTER TABLE `feedback_type` DISABLE KEYS */;
/*!40000 ALTER TABLE `feedback_type` ENABLE KEYS */;
UNLOCK TABLES;

--
-- Table structure for table `fncl_charge`
--

DROP TABLE IF EXISTS `fncl_charge`;
/*!40101 SET @saved_cs_client     = @@character_set_client */;
/*!40101 SET character_set_client = utf8 */;
CREATE TABLE `fncl_charge` (
  `FNCL_CHARGES_ID` bigint(20) NOT NULL AUTO_INCREMENT,
  `ACCOUNT_ID` varchar(30) COLLATE utf8_unicode_ci NOT NULL,
  `CHARGE_TYPE_ID` int(11) NOT NULL,
  `CHARGE_AMOUNT` double NOT NULL,
  `CREATION_DATE` date NOT NULL,
  `BILL_NBR` bigint(20) DEFAULT NULL,
  `REMARKS` varchar(512) COLLATE utf8_unicode_ci DEFAULT NULL,
  PRIMARY KEY (`FNCL_CHARGES_ID`),
  KEY `BILL_NBR` (`BILL_NBR`),
  KEY `CHARGE_TYPE_ID` (`CHARGE_TYPE_ID`),
  CONSTRAINT `fncl_charge_ibfk_1` FOREIGN KEY (`CHARGE_TYPE_ID`) REFERENCES `fncl_charge_type` (`CHARGE_TYPE_ID`),
  CONSTRAINT `fncl_charge_ibfk_2` FOREIGN KEY (`BILL_NBR`) REFERENCES `bill_info` (`BILL_NBR`)
) ENGINE=InnoDB AUTO_INCREMENT=260 DEFAULT CHARSET=utf8 COLLATE=utf8_unicode_ci;
/*!40101 SET character_set_client = @saved_cs_client */;

--
-- Dumping data for table `fncl_charge`
--

LOCK TABLES `fncl_charge` WRITE;
/*!40000 ALTER TABLE `fncl_charge` DISABLE KEYS */;
INSERT INTO `fncl_charge` VALUES (1,'1',2001,50,'2010-07-19',1000340,'Billing for services assigned through PAT'),(2,'2',2001,50,'2010-07-19',1000341,'Billing for services assigned through PAT'),(3,'3',2001,50,'2010-07-19',1000342,'Billing for services assigned through PAT'),(4,'4',2001,50,'2010-07-20',1000343,'Billing for services assigned through PAT'),(5,'5',2001,5000,'2010-07-19',1000344,'Billing for services assigned through IPD'),(6,'5',4001,100,'2010-07-19',1000344,'Billing for bed usage'),(7,'5',4001,-2300,'2010-07-19',1000345,'Billing for bed usage'),(8,'5',2001,50,'2010-07-19',1000347,'Billing for services assigned through PAT'),(9,'1',2001,8000,'2010-07-20',1000348,'Billing for services assigned through OPD'),(10,'APPOINTMENT-1',2001,200,'2010-07-20',1000349,'Billing for services assigned through OPD'),(11,'2',2001,500,'2010-07-20',1000350,'Billing for services assigned through PAT'),(12,'2',2001,7500,'2010-07-20',1000351,'Billing for services assigned through PAT'),(13,'4',2001,5000,'2010-07-20',1000352,'Billing for services assigned through PAT'),(14,'APPOINTMENT-3',2001,200,'2010-07-20',1000353,'Billing for services assigned through OPD'),(15,'5',4001,1900,'2010-07-21',1000354,'Billing for bed usage'),(16,'5',4001,-2300,'2010-07-21',1000355,'Billing for bed usage'),(17,'5',4001,-2300,'2010-07-21',1000356,'Billing for bed usage'),(18,'5',4001,-2300,'2010-07-21',1000357,'Billing for bed usage'),(19,'APPOINTMENT-2',2001,200,'2010-07-20',1000358,'Billing for services assigned through OPD'),(20,'7',2001,2500,'2010-07-21',1000359,'Billing for services assigned through IPD'),(21,'7',4001,50,'2010-07-21',1000359,'Billing for bed usage'),(22,'7',4001,-1150,'2010-07-21',1000361,'Billing for bed usage'),(23,'3',2001,500,'2010-07-20',1000363,'Billing for services assigned through OPD'),(24,'2',2001,11500,'2010-07-20',1000366,'Billing for services assigned through OPD'),(25,'4',2001,7000,'2010-07-20',1000367,'Billing for services assigned through OPD'),(26,'3',2001,1000,'2010-07-20',1000368,'Billing for services assigned through PAT'),(27,'2',2001,500,'2010-07-20',1000369,'Billing for services assigned through OPD'),(28,'3',2001,1500,'2010-07-20',1000370,'Billing for services assigned through OPD'),(29,'4',2001,1000,'2010-07-20',1000371,'Billing for services assigned through PAT'),(30,'2',2001,500,'2010-07-20',1000372,'Billing for services assigned through PAT'),(31,'1',2001,13500,'2010-07-20',1000373,'Billing for services assigned through OPD'),(32,'1',2001,1000,'2010-07-20',1000374,'Billing for services assigned through OPD'),(33,'1',2001,500,'2010-07-20',1000375,'Billing for services assigned through OPD'),(34,'5',2001,1000,'2010-07-20',1000376,'Billing for services assigned through PAT'),(35,'4',2001,1000,'2010-07-20',1000378,'Billing for services assigned through PAT'),(36,'1',2001,500,'2010-07-20',1000379,'Billing for services assigned through OPD'),(37,'2',2001,1000,'2010-07-20',1000380,'Billing for services assigned through PAT'),(38,'7',2001,2500,'2010-07-22',1000392,'Billing for services assigned through PAT'),(39,'9',2001,50,'2010-07-22',1000393,'Billing for services assigned through PAT'),(40,'10',2001,50,'2010-07-22',1000394,'Billing for services assigned through PAT'),(41,'11',2001,50,'2010-07-22',1000395,'Billing for services assigned through PAT'),(42,'12',2001,50,'2010-07-22',1000396,'Billing for services assigned through PAT'),(43,'13',2001,50,'2010-07-22',1000397,'Billing for services assigned through PAT'),(44,'14',2001,50,'2010-07-22',1000401,'Billing for services assigned through PAT'),(45,'15',2001,50,'2010-07-22',1000403,'Billing for services assigned through PAT'),(46,'16',2001,50,'2010-07-22',1000404,'Billing for services assigned through PAT'),(47,'5',4001,2500,'2010-07-23',1000414,'Billing for bed usage'),(48,'APPOINTMENT-4',2001,500,'2010-07-23',1000441,'Billing for services assigned through OPD'),(49,'18',2001,50,'2010-08-21',1000502,'Billing for services assigned through PAT'),(50,'19',2001,50,'2010-08-21',1000503,'Billing for services assigned through PAT'),(51,'20',2001,50,'2010-08-21',1000504,'Billing for services assigned through PAT'),(52,'21',2001,50,'2010-08-21',1000505,'Billing for services assigned through PAT'),(53,'22',2001,50,'2010-08-21',1000506,'Billing for services assigned through PAT'),(54,'23',2001,50,'2010-08-21',1000507,'Billing for services assigned through PAT'),(55,'24',2001,50,'2010-08-21',1000508,'Billing for services assigned through PAT'),(56,'25',2001,50,'2010-08-21',1000509,'Billing for services assigned through PAT'),(57,'26',2001,50,'2010-08-21',1000510,'Billing for services assigned through PAT'),(58,'27',2001,50,'2010-08-21',1000511,'Billing for services assigned through PAT'),(59,'28',2001,50,'2010-08-21',1000512,'Billing for services assigned through PAT'),(60,'29',2001,50,'2010-08-21',1000513,'Billing for services assigned through PAT'),(61,'30',2001,50,'2010-08-21',1000514,'Billing for services assigned through PAT'),(62,'31',2001,50,'2010-08-21',1000515,'Billing for services assigned through PAT'),(63,'32',2001,50,'2010-08-21',1000516,'Billing for services assigned through PAT'),(64,'33',2001,50,'2010-08-21',1000517,'Billing for services assigned through PAT'),(65,'34',2001,50,'2010-08-21',1000518,'Billing for services assigned through PAT'),(66,'35',2001,50,'2010-08-21',1000519,'Billing for services assigned through PAT'),(67,'36',2001,50,'2010-08-21',1000520,'Billing for services assigned through PAT'),(68,'37',2001,50,'2010-08-21',1000522,'Billing for services assigned through PAT'),(69,'38',2001,50,'2010-08-21',1000523,'Billing for services assigned through PAT'),(70,'39',2001,50,'2010-08-21',1000524,'Billing for services assigned through PAT'),(71,'40',2001,50,'2010-08-21',1000527,'Billing for services assigned through PAT'),(72,'41',2001,50,'2010-08-21',1000528,'Billing for services assigned through PAT'),(73,'42',2001,50,'2010-08-21',1000529,'Billing for services assigned through PAT'),(74,'43',2001,50,'2010-08-21',1000530,'Billing for services assigned through PAT'),(75,'44',2001,50,'2010-08-21',1000531,'Billing for services assigned through PAT'),(76,'45',2001,25000,'2010-08-26',1000547,'Billing for services assigned through PAT'),(77,'6',2001,25000,'2010-09-02',1000551,'Billing for services assigned through PAT'),(78,'8',2001,25000,'2010-09-02',1000552,'Billing for services assigned through PAT'),(79,'9',2001,25000,'2010-09-02',1000553,'Billing for services assigned through PAT'),(80,'10',2001,25000,'2010-09-09',1000554,'Billing for services assigned through PAT'),(81,'46',2001,500,'2010-09-13',1000556,'Billing for services assigned through PAT'),(82,'47',2001,1500,'2010-09-13',1000557,'Billing for services assigned through PAT'),(83,'48',2001,25000,'2010-09-13',1000558,'Billing for services assigned through PAT'),(84,'51',2001,50,'2010-09-14',1000559,'Billing for services assigned through PAT'),(85,'52',2001,50,'2010-09-14',1000560,'Billing for services assigned through PAT'),(86,'53',2001,50,'2010-09-14',1000561,'Billing for services assigned through PAT'),(87,'54',2001,50,'2010-09-14',1000562,'Billing for services assigned through PAT'),(88,'5',2001,1000,'2010-09-14',1000563,'Billing for services assigned through OPD'),(89,'55',2001,50,'2010-09-14',1000564,'Billing for services assigned through PAT'),(90,'56',2001,50,'2010-09-14',1000565,'Billing for services assigned through PAT'),(91,'APPOINTMENT-7',2001,200,'2010-09-15',1000566,'Billing for services assigned through OPD'),(92,'APPOINTMENT-6',2001,200,'2010-09-15',1000568,'Billing for services assigned through OPD'),(93,'18',2001,200,'2010-09-15',1000570,'Billing for services assigned through OPD'),(94,'57',2001,25000,'2010-09-16',1000571,'Billing for services assigned through PAT'),(95,'58',2001,50,'2010-09-30',1000599,'Billing for services assigned through PAT'),(96,'59',2001,25000,'2010-09-30',1000602,'Billing for services assigned through PAT'),(97,'60',2001,50,'2010-09-30',1000603,'Billing for services assigned through PAT'),(98,'61',2001,1000,'2010-10-01',1000604,'Billing for services assigned through PAT'),(99,'23',2001,1700,'2010-10-01',1000605,'Billing for services assigned through PAT'),(100,'62',2001,500,'2010-10-01',1000606,'Billing for services assigned through PAT'),(101,'63',2002,1200,'2010-10-01',1000609,'Billing for Packages assigned through PAT'),(102,'63',2001,1000,'2010-10-01',1000609,'Billing for services assigned through PAT'),(103,'64',2001,25000,'2010-10-01',1000610,'Billing for services assigned through PAT'),(104,'65',2001,50,'2010-10-01',1000611,'Billing for services assigned through PAT'),(105,'7',2001,1000,'2010-10-01',1000612,'Billing for services assigned through OPD'),(106,'7',2001,500,'2010-10-01',1000613,'Billing for services assigned through OPD'),(107,'66',2001,50,'2010-10-01',1000615,'Billing for services assigned through PAT'),(108,'22',2001,200,'2010-10-05',1000628,'Billing for services assigned through OPD'),(109,'26',2001,200,'2010-10-05',1000629,'Billing for services assigned through OPD'),(110,'67',2001,25000,'2010-10-06',1000656,'Billing for services assigned through PAT'),(111,'68',2001,25000,'2010-10-06',1000657,'Billing for services assigned through PAT'),(112,'69',2001,25000,'2010-10-06',1000658,'Billing for services assigned through PAT'),(113,'29',2001,500,'2010-10-07',1000665,'Billing for services assigned through OPD'),(114,'70',2001,50,'2010-10-13',1000705,'Billing for services assigned through PAT'),(115,'20',2001,25500,'2010-10-13',1000706,'Billing for services assigned through PAT'),(116,'20',2001,26200,'2010-10-13',1000711,'Billing for services assigned through PAT'),(117,'71',2001,50,'2010-10-13',1000717,'Billing for services assigned through PAT'),(118,'72',2001,50,'2010-10-14',1000720,'Billing for services assigned through PAT'),(119,'37',2001,500,'2010-10-14',1000735,'Billing for services assigned through OPD'),(120,'73',2001,50,'2010-10-18',1000742,'Billing for services assigned through PAT'),(121,'38',2001,500,'2010-10-18',1000743,'Billing for services assigned through OPD'),(122,'36',2001,200,'2010-10-18',1000744,'Billing for services assigned through OPD'),(123,'38',2001,2700,'2010-10-18',1000751,'Billing for services assigned through OPD'),(124,'74',2001,50,'2010-10-19',1000752,'Billing for services assigned through PAT'),(125,'39',2001,500,'2010-10-19',1000753,'Billing for services assigned through OPD'),(126,'36',2001,50000,'2010-10-21',1000756,'Billing for services assigned through OPD'),(127,'36',2001,25000,'2010-10-21',1000757,'Billing for services assigned through OPD'),(128,'28',2001,1200,'2010-10-21',1000758,'Billing for services assigned through OPD'),(129,'29',2001,500,'2010-10-21',1000759,'Billing for services assigned through OPD'),(130,'41',2001,750,'2010-10-21',1000760,'Billing for services assigned through OPD'),(131,'76',2001,50,'2010-10-21',1000761,'Billing for services assigned through PAT'),(132,'40',2002,1200,'2010-10-21',1000762,'Billing for Packages assigned through OPD'),(133,'40',2001,500,'2010-10-21',1000762,'Billing for services assigned through OPD'),(134,'77',2001,50,'2010-10-22',1000763,'Billing for services assigned through PAT'),(135,'78',2001,50,'2010-10-22',1000764,'Billing for services assigned through PAT'),(136,'43',2001,500,'2010-10-22',1000765,'Billing for services assigned through OPD'),(137,'41',2001,500,'2010-10-22',1000768,'Billing for services assigned through OPD'),(138,'41',2001,1000,'2010-10-22',1000769,'Billing for services assigned through OPD'),(139,'41',2001,500,'2010-10-22',1000770,'Billing for services assigned through OPD'),(140,'43',2002,1200,'2010-10-22',1000771,'Billing for Packages assigned through OPD'),(141,'43',2001,2400,'2010-10-22',1000771,'Billing for services assigned through OPD'),(142,'79',2001,50,'2010-10-22',1000772,'Billing for services assigned through PAT'),(143,'46',2001,200,'2010-10-22',1000773,'Billing for services assigned through OPD'),(144,'27',2001,200,'2010-10-22',1000775,'Billing for services assigned through OPD'),(145,'46',2001,26900,'2010-10-22',1000776,'Billing for services assigned through OPD'),(146,'80',2001,50,'2010-10-22',1000777,'Billing for services assigned through PAT'),(147,'48',2001,200,'2010-10-22',1000778,'Billing for services assigned through OPD'),(148,'48',2001,400,'2010-10-22',1000779,'Billing for services assigned through OPD'),(149,'49',2001,100,'2010-10-22',1000780,'Billing for services assigned through OPD'),(150,'49',2001,500,'2010-10-22',1000781,'Billing for services assigned through OPD'),(151,'81',2001,50,'2010-10-22',1000782,'Billing for services assigned through PAT'),(152,'82',2001,50,'2010-10-22',1000783,'Billing for services assigned through PAT'),(153,'46',2001,25000,'2010-10-22',1000784,'Billing for services assigned through OPD'),(154,'83',2001,50,'2010-10-22',1000785,'Billing for services assigned through PAT'),(155,'84',2001,50,'2010-10-25',1000786,'Billing for services assigned through PAT'),(156,'85',2001,50,'2010-10-25',1000787,'Billing for services assigned through PAT'),(157,'86',2001,50,'2010-10-25',1000788,'Billing for services assigned through PAT'),(158,'87',2001,50,'2010-10-25',1000789,'Billing for services assigned through PAT'),(159,'88',2001,50,'2010-10-25',1000790,'Billing for services assigned through PAT'),(160,'89',2001,50,'2010-10-26',1000791,'Billing for services assigned through PAT'),(161,'90',2001,50,'2010-10-27',1000792,'Billing for services assigned through PAT'),(162,'50',2001,200,'2010-10-27',1000793,'Billing for services assigned through OPD'),(163,'50',2001,1500,'2010-10-27',1000794,'Billing for services assigned through OPD'),(164,'46',2001,25000,'2010-10-27',1000795,'Billing for services assigned through OPD'),(165,'46',2001,500,'2010-10-27',1000796,'Billing for services assigned through OPD'),(166,'46',2001,25000,'2010-10-27',1000797,'Billing for services assigned through OPD'),(167,'46',2001,25000,'2010-10-27',1000798,'Billing for services assigned through OPD'),(168,'1',2001,25000,'2010-10-27',1000799,'Billing for services assigned through OPD'),(169,'46',2001,25000,'2010-10-27',1000800,'Billing for services assigned through OPD'),(170,'46',2001,26200,'2010-10-27',1000801,'Billing for services assigned through OPD'),(171,'46',2001,25000,'2010-10-27',1000802,'Billing for services assigned through OPD'),(172,'79',2001,25000,'2010-10-27',1000803,'Billing for services assigned through PAT'),(173,'41',2001,26200,'2010-10-27',1000804,'Billing for services assigned through PAT'),(174,'44',2001,26200,'2010-10-27',1000805,'Billing for services assigned through PAT'),(175,'44',2001,26200,'2010-10-27',1000806,'Billing for services assigned through PAT'),(176,'46',2001,25500,'2010-10-27',1000807,'Billing for services assigned through OPD'),(177,'46',2001,25500,'2010-10-27',1000808,'Billing for services assigned through OPD'),(178,'44',2001,25500,'2010-10-27',1000809,'Billing for services assigned through PAT'),(179,'48',2001,25500,'2010-10-27',1000810,'Billing for services assigned through PAT'),(180,'48',2001,25500,'2010-10-27',1000811,'Billing for services assigned through PAT'),(181,'46',2001,1700,'2010-10-27',1000812,'Billing for services assigned through OPD'),(182,'46',2001,25500,'2010-10-27',1000813,'Billing for services assigned through OPD'),(183,'46',2001,1700,'2010-10-27',1000814,'Billing for services assigned through OPD'),(184,'46',2001,25500,'2010-10-27',1000815,'Billing for services assigned through OPD'),(185,'46',2001,26200,'2010-10-27',1000816,'Billing for services assigned through OPD'),(186,'46',2001,26200,'2010-10-28',1000817,'Billing for services assigned through OPD'),(187,'46',2001,1700,'2010-10-28',1000818,'Billing for services assigned through OPD'),(188,'46',2001,1700,'2010-10-28',1000819,'Billing for services assigned through OPD'),(189,'46',2001,25500,'2010-10-28',1000820,'Billing for services assigned through OPD'),(190,'46',2001,25500,'2010-10-28',1000821,'Billing for services assigned through OPD'),(191,'46',2001,25500,'2010-10-28',1000822,'Billing for services assigned through OPD'),(192,'46',2001,25500,'2010-10-28',1000823,'Billing for services assigned through OPD'),(193,'46',2001,25500,'2010-10-28',1000824,'Billing for services assigned through OPD'),(194,'46',2001,25500,'2010-10-28',1000825,'Billing for services assigned through OPD'),(195,'46',2001,25500,'2010-10-28',1000826,'Billing for services assigned through OPD'),(196,'46',2001,2200,'2010-10-28',1000827,'Billing for services assigned through OPD'),(197,'46',2001,26200,'2010-10-28',1000828,'Billing for services assigned through OPD'),(198,'46',2001,1700,'2010-10-28',1000829,'Billing for services assigned through OPD'),(199,'46',2001,26200,'2010-10-28',1000830,'Billing for services assigned through OPD'),(200,'46',2001,25500,'2010-10-28',1000831,'Billing for services assigned through OPD'),(201,'46',2001,25500,'2010-10-28',1000832,'Billing for services assigned through OPD'),(202,'45',2001,26450,'2010-10-28',1000833,'Billing for services assigned through OPD'),(203,'45',2001,26200,'2010-10-28',1000834,'Billing for services assigned through OPD'),(204,'45',2001,1700,'2010-10-28',1000835,'Billing for services assigned through OPD'),(205,'46',2001,25500,'2010-10-28',1000836,'Billing for services assigned through OPD'),(206,'45',2001,1700,'2010-10-28',1000837,'Billing for services assigned through OPD'),(207,'40',2001,1700,'2010-10-28',1000838,'Billing for services assigned through OPD'),(208,'40',2001,50500,'2010-10-28',1000839,'Billing for services assigned through OPD'),(209,'40',2001,1500,'2010-10-28',1000840,'Billing for services assigned through OPD'),(210,'40',2001,1000,'2010-10-28',1000841,'Billing for services assigned through OPD'),(211,'40',2001,25500,'2010-10-28',1000842,'Billing for services assigned through OPD'),(212,'40',2001,1900,'2010-10-28',1000843,'Billing for services assigned through OPD'),(213,'46',2001,27000,'2010-10-28',1000844,'Billing for services assigned through OPD'),(214,'49',2001,1400,'2010-10-28',1000845,'Billing for services assigned through OPD'),(215,'49',2001,1900,'2010-10-28',1000846,'Billing for services assigned through OPD'),(216,'49',2001,1900,'2010-10-28',1000847,'Billing for services assigned through OPD'),(217,'49',2001,26500,'2010-10-28',1000848,'Billing for services assigned through OPD'),(218,'49',2001,26700,'2010-10-28',1000849,'Billing for services assigned through OPD'),(219,'49',2001,26000,'2010-10-28',1000850,'Billing for services assigned through OPD'),(220,'91',2001,50,'2010-11-01',1000851,'Billing for services assigned through PAT'),(221,'92',2001,50,'2010-11-01',1000852,'Billing for services assigned through PAT'),(222,'51',2001,200,'2010-11-01',1000853,'Billing for services assigned through OPD'),(223,'52',2001,500,'2010-11-01',1000854,'Billing for services assigned through OPD'),(224,'53',2001,500,'2010-11-01',1000855,'Billing for services assigned through OPD'),(225,'54',2001,200,'2010-11-01',1000856,'Billing for services assigned through OPD'),(226,'55',2001,500,'2010-11-01',1000857,'Billing for services assigned through OPD'),(227,'56',2001,100,'2010-11-01',1000858,'Billing for services assigned through OPD'),(228,'57',2001,100,'2010-11-01',1000859,'Billing for services assigned through OPD'),(229,'59',2001,500,'2010-11-01',1000860,'Billing for services assigned through OPD'),(230,'93',2001,50,'2010-11-01',1000861,'Billing for services assigned through PAT'),(231,'94',2001,50,'2010-11-01',1000862,'Billing for services assigned through PAT'),(232,'60',2001,200,'2010-11-01',1000863,'Billing for services assigned through OPD'),(233,'95',2001,50,'2010-11-01',1000864,'Billing for services assigned through PAT'),(234,'62',2001,200,'2010-11-01',1000865,'Billing for services assigned through OPD'),(235,'28',2001,500,'2010-11-01',1000866,'Billing for services assigned through OPD'),(236,'28',2001,1200,'2010-11-01',1000867,'Billing for services assigned through OPD'),(237,'28',2001,500,'2010-11-01',1000868,'Billing for services assigned through OPD'),(238,'28',2001,25000,'2010-11-01',1000869,'Billing for services assigned through OPD'),(239,'28',2001,25000,'2010-11-01',1000870,'Billing for services assigned through OPD'),(240,'28',2001,25000,'2010-11-01',1000871,'Billing for services assigned through OPD'),(241,'28',2001,500,'2010-11-01',1000872,'Billing for services assigned through OPD'),(242,'28',2001,500,'2010-11-01',1000873,'Billing for services assigned through OPD'),(243,'28',2001,1200,'2010-11-01',1000874,'Billing for services assigned through OPD'),(244,'96',2001,50,'2010-11-02',1000875,'Billing for services assigned through PAT'),(245,'97',2001,50,'2010-11-02',1000876,'Billing for services assigned through PAT'),(246,'98',2001,50,'2010-11-08',1000877,'Billing for services assigned through PAT'),(247,'99',2001,50,'2010-11-08',1000878,'Billing for services assigned through PAT'),(248,'100',2001,50,'2010-11-08',1000879,'Billing for services assigned through PAT'),(249,'101',2001,50,'2010-11-08',1000880,'Billing for services assigned through PAT'),(250,'102',2001,50,'2010-11-09',1000881,'Billing for services assigned through PAT'),(251,'66',2001,500,'2010-11-09',1000882,'Billing for services assigned through OPD'),(252,'103',2001,50,'2010-11-09',1000885,'Billing for services assigned through PAT'),(253,'67',2001,200,'2010-11-09',1000886,'Billing for services assigned through OPD'),(254,'69',2001,500,'2010-11-09',1000892,'Billing for services assigned through OPD'),(255,'104',2001,50,'2010-11-10',1000893,'Billing for services assigned through PAT'),(256,'72',2001,500,'2010-11-10',1000894,'Billing for services assigned through OPD'),(257,'71',2001,100,'2010-11-29',1000895,'Billing for services assigned through OPD'),(258,'73',2001,250,'2010-11-29',1000896,'Billing for services assigned through OPD'),(259,'47',2001,250,'2010-11-29',1000898,'Billing for services assigned through OPD');
/*!40000 ALTER TABLE `fncl_charge` ENABLE KEYS */;
UNLOCK TABLES;

--
-- Table structure for table `fncl_charge_type`
--

DROP TABLE IF EXISTS `fncl_charge_type`;
/*!40101 SET @saved_cs_client     = @@character_set_client */;
/*!40101 SET character_set_client = utf8 */;
CREATE TABLE `fncl_charge_type` (
  `CHARGE_TYPE_ID` int(11) NOT NULL,
  `CHARGE_TYPE_NAME` varchar(512) COLLATE utf8_unicode_ci NOT NULL,
  `PROCESS_NAME` varchar(128) COLLATE utf8_unicode_ci NOT NULL,
  `DISPLAY_SEQUENCE_NBR` int(11) DEFAULT NULL,
  `DISPLAY_DETAILS` varchar(1024) COLLATE utf8_unicode_ci DEFAULT NULL,
  PRIMARY KEY (`CHARGE_TYPE_ID`)
) ENGINE=InnoDB DEFAULT CHARSET=utf8 COLLATE=utf8_unicode_ci;
/*!40101 SET character_set_client = @saved_cs_client */;

--
-- Dumping data for table `fncl_charge_type`
--

LOCK TABLES `fncl_charge_type` WRITE;
/*!40000 ALTER TABLE `fncl_charge_type` DISABLE KEYS */;
INSERT INTO `fncl_charge_type` VALUES (1001,'PAYMENT','ACCOUNTING',NULL,NULL),(1002,'CREDITADJ','ACCOUNTING',NULL,NULL),(2001,'SERVICE','SERVICES',NULL,NULL),(2002,'PACKAGE','SERVICES',NULL,NULL),(3001,'PHARMACY','PHARMACY',NULL,NULL),(4001,'BED_USAGE','BED',1,'Bed');
/*!40000 ALTER TABLE `fncl_charge_type` ENABLE KEYS */;
UNLOCK TABLES;

--
-- Table structure for table `fncl_trnsct_summary`
--

DROP TABLE IF EXISTS `fncl_trnsct_summary`;
/*!40101 SET @saved_cs_client     = @@character_set_client */;
/*!40101 SET character_set_client = utf8 */;
CREATE TABLE `fncl_trnsct_summary` (
  `bill_nbr` bigint(20) NOT NULL,
  `transaction_type` varchar(30) COLLATE utf8_unicode_ci NOT NULL,
  `transaction_reference` varchar(40) COLLATE utf8_unicode_ci NOT NULL DEFAULT '-',
  `transaction_date` date NOT NULL,
  `credit_debit_ind` varchar(1) COLLATE utf8_unicode_ci NOT NULL,
  `amount` double NOT NULL,
  PRIMARY KEY (`bill_nbr`,`transaction_type`,`transaction_reference`),
  KEY `bill_number` (`bill_nbr`),
  CONSTRAINT `fncl_trnsct_summary_ibfk_1` FOREIGN KEY (`bill_nbr`) REFERENCES `bill_info` (`BILL_NBR`)
) ENGINE=InnoDB DEFAULT CHARSET=utf8 COLLATE=utf8_unicode_ci;
/*!40101 SET character_set_client = @saved_cs_client */;

--
-- Dumping data for table `fncl_trnsct_summary`
--

LOCK TABLES `fncl_trnsct_summary` WRITE;
/*!40000 ALTER TABLE `fncl_trnsct_summary` DISABLE KEYS */;
/*!40000 ALTER TABLE `fncl_trnsct_summary` ENABLE KEYS */;
UNLOCK TABLES;

--
-- Table structure for table `gender`
--

DROP TABLE IF EXISTS `gender`;
/*!40101 SET @saved_cs_client     = @@character_set_client */;
/*!40101 SET character_set_client = utf8 */;
CREATE TABLE `gender` (
  `GENDER_CODE` varchar(6) COLLATE utf8_unicode_ci NOT NULL,
  `DESCRIPTION` varchar(45) COLLATE utf8_unicode_ci DEFAULT NULL,
  PRIMARY KEY (`GENDER_CODE`)
) ENGINE=InnoDB DEFAULT CHARSET=utf8 COLLATE=utf8_unicode_ci;
/*!40101 SET character_set_client = @saved_cs_client */;

--
-- Dumping data for table `gender`
--

LOCK TABLES `gender` WRITE;
/*!40000 ALTER TABLE `gender` DISABLE KEYS */;
INSERT INTO `gender` VALUES ('FEMALE','Female'),('MALE','Male');
/*!40000 ALTER TABLE `gender` ENABLE KEYS */;
UNLOCK TABLES;

--
-- Table structure for table `hospital`
--

DROP TABLE IF EXISTS `hospital`;
/*!40101 SET @saved_cs_client     = @@character_set_client */;
/*!40101 SET character_set_client = utf8 */;
CREATE TABLE `hospital` (
  `HOSPITAL_CODE` varchar(15) COLLATE utf8_unicode_ci NOT NULL,
  `HOSPITAL_NAME` varchar(256) CHARACTER SET latin1 NOT NULL,
  `CONTACT_CODE` int(11) NOT NULL,
  `CREATED_DTM` timestamp NOT NULL DEFAULT CURRENT_TIMESTAMP,
  `CREATED_BY` varchar(80) CHARACTER SET latin1 NOT NULL,
  PRIMARY KEY (`HOSPITAL_CODE`),
  KEY `CONTACT_CODE` (`CONTACT_CODE`),
  CONSTRAINT `hospital_ibfk_1` FOREIGN KEY (`CONTACT_CODE`) REFERENCES `contact_details` (`CONTACT_CODE`)
) ENGINE=InnoDB DEFAULT CHARSET=utf8 COLLATE=utf8_unicode_ci;
/*!40101 SET character_set_client = @saved_cs_client */;

--
-- Dumping data for table `hospital`
--

LOCK TABLES `hospital` WRITE;
/*!40000 ALTER TABLE `hospital` DISABLE KEYS */;
INSERT INTO `hospital` VALUES ('H1','APOLO',1,'2010-04-03 18:43:07','Asha');
/*!40000 ALTER TABLE `hospital` ENABLE KEYS */;
UNLOCK TABLES;

--
-- Table structure for table `id_proofs`
--

DROP TABLE IF EXISTS `id_proofs`;
/*!40101 SET @saved_cs_client     = @@character_set_client */;
/*!40101 SET character_set_client = utf8 */;
CREATE TABLE `id_proofs` (
  `ID_PROOFS_CODE` varchar(25) COLLATE utf8_unicode_ci NOT NULL,
  `DESCRIPTION` varchar(45) COLLATE utf8_unicode_ci DEFAULT NULL,
  `ACTIVE` smallint(1) DEFAULT NULL,
  PRIMARY KEY (`ID_PROOFS_CODE`)
) ENGINE=InnoDB DEFAULT CHARSET=utf8 COLLATE=utf8_unicode_ci;
/*!40101 SET character_set_client = @saved_cs_client */;

--
-- Dumping data for table `id_proofs`
--

LOCK TABLES `id_proofs` WRITE;
/*!40000 ALTER TABLE `id_proofs` DISABLE KEYS */;
INSERT INTO `id_proofs` VALUES ('DRIVING','Driving Licence',1),('PANCARD','Pan Card',1),('PASSPORT','Passport',1),('RATION','Ration Card',1),('SSN','Social Security Number',1),('VOTERID','Voter Id Card',1);
/*!40000 ALTER TABLE `id_proofs` ENABLE KEYS */;
UNLOCK TABLES;

--
-- Table structure for table `immunization`
--

DROP TABLE IF EXISTS `immunization`;
/*!40101 SET @saved_cs_client     = @@character_set_client */;
/*!40101 SET character_set_client = utf8 */;
CREATE TABLE `immunization` (
  `NAME` varchar(128) COLLATE utf8_unicode_ci NOT NULL,
  `DESCRIPTION` varchar(512) COLLATE utf8_unicode_ci DEFAULT NULL,
  `ACTIVE` smallint(1) DEFAULT NULL,
  PRIMARY KEY (`NAME`)
) ENGINE=InnoDB DEFAULT CHARSET=utf8 COLLATE=utf8_unicode_ci;
/*!40101 SET character_set_client = @saved_cs_client */;

--
-- Dumping data for table `immunization`
--

LOCK TABLES `immunization` WRITE;
/*!40000 ALTER TABLE `immunization` DISABLE KEYS */;
INSERT INTO `immunization` VALUES ('ADENOVIRUS VACCINE, TYPE 4','Adenovirus Vaccine, Type 4',1),('ADENOVIRUS VACCINE, TYPE 7','Adenovirus Vaccine, Type 7',1),('ADENOVIRUS VACCINE, TYPE UNKNOWN','Adenovirus Vaccine, Type Unknown',1),('ANTHRAX VACCINE','Anthrax Vaccine',1),('BCG (TUBERCULOSIS) VACCINE','BCG (Tuberculosis) Vaccine',1),('BOTULINUM ANTITOXIN','Botulinum Antitoxin',1),('CHICKENPOX VACCINE','Chickenpox Vaccine',1),('CHOLERA VACCINE','Cholera Vaccine',1),('CMV IMMUNE GLOBULIN','CMV Immune Globulin',1),('CYTOMEGALOVIRUS IMMUNE GLOBULIN (CMV-IGIV)','Cytomegalovirus immune globulin (CMV-IGIV)',1),('DENGUE FEVER VACCINE','Dengue Fever Vaccine',1),('DIPHTHERIA ANTITOXIN','Diphtheria Antitoxin',1),('DIPHTHERIA/TETANUS (DT) TOXOIDS, PEDIATRIC','Diphtheria/Tetanus (DT) Toxoids, Pediatric',1),('DIPHTHERIA/TETANUS/PERTUSSIS (DTAP) VACCINE','Diphtheria/Tetanus/Pertussis (DTaP) Vaccine',1),('DIPHTHERIA/TETANUS/PERTUSSIS (DTAP) VACCINE, 5 PERTUSSIS ANTIGENS','Diphtheria/Tetanus/Pertussis (DTaP) Vaccine, 5 Pertussis Antigens',1),('DIPHTHERIA/TETANUS/PERTUSSIS (DTP) VACCINE','Diphtheria/Tetanus/Pertussis (DTP) Vaccine',1),('DTAP/HEPATITS B/POLIOVIRUS VACCINE','DTaP/Hepatits B/Poliovirus Vaccine',1),('DTAP/HIB VACCINE','DTaP/Hib Vaccine',1),('DTAP/HIB/POLIOVIRUS VACCINE','DTaP/Hib/Poliovirus Vaccine',1),('DTP/HIB/HEPATITIS B VACCINE','DTP/Hib/Hepatitis B Vaccine',1),('FLU SHOT','Flu Shot',1),('HANTAVIRUS VACCINE','Hantavirus Vaccine',1),('HEPATITIS A VACCINE, ADULT','Hepatitis A Vaccine, Adult',1),('HEPATITIS A VACCINE, PEDIATRIC/ADOLESCENT, 2 DOSE','Hepatitis A Vaccine, Pediatric/Adolescent, 2 Dose',1),('HEPATITIS A VACCINE, PEDIATRIC/ADOLESCENT, 3 DOSE','Hepatitis A Vaccine, Pediatric/Adolescent, 3 Dose',1),('HEPATITIS A VACCINE, TYPE UNKNOWN','Hepatitis A Vaccine, Type Unknown',1),('HEPATITIS A/HEPATITIS B VACCINE','Hepatitis A/Hepatitis B Vaccine',1),('HEPATITIS B IMMUNE GLOBULIN (HBIG)','Hepatitis B Immune Globulin (HBIG)',1),('HEPATITIS B VACCINE, ADOLESCENT OR PEDIATRIC','Hepatitis B Vaccine, Adolescent or Pediatric',1),('HEPATITIS B VACCINE, ADULT','Hepatitis B Vaccine, Adult',1),('HEPATITIS B VACCINE, DIALYSIS','Hepatitis B Vaccine, Dialysis',1),('HEPATITIS B VACCINE, TYPE UNKNOWN','Hepatitis B Vaccine, Type Unknown',1),('HEPATITIS E VACCINE','Hepatitis E Vaccine',1),('HERPES SIMPLEX 2 VACCINE','Herpes Simplex 2 Vaccine',1),('HIB (HBOC) VACCINE','Hib (HbOC) Vaccine',1),('HIB (HEMOPHILUS INFLUENZAE TYPE B), TYPE UNKNOWN','Hib (Hemophilus influenzae Type B), Type Unknown',1),('HIB (PRP-D) VACCINE','Hib (PRP-D) Vaccine',1),('HIB (PRP-OMP) VACCINE','Hib (PRP-OMP) Vaccine',1),('HIB (PRP-T) VACCINE','Hib (PRP-T) Vaccine',1),('HIB/HEPATITIS B VACCINE','Hib/Hepatitis B Vaccine',1),('HPV (HUMAN PAPILLOMAVIRUS) VACCINE, BIVALENT','HPV (Human Papillomavirus) Vaccine, Bivalent',1),('HPV (HUMAN PAPILLOMAVIRUS) VACCINE, QUADRIVALENT','HPV (Human Papillomavirus) Vaccine, Quadrivalent',1),('IMMUNE GLOBULIN (IG), INTRAMUSCULAR','Immune Globulin (IG), Intramuscular',1),('IMMUNE GLOBULIN (IG), TYPE UNKNOWN','Immune Globulin (IG), Type Unknown',1),('IMMUNE GLOBULIN, INTRAVENOUS (IVIG)','Immune Globulin, Intravenous (IVIG)',1),('INFLUENZA VACCINE, LIVE, INTRANASAL','influenza Vaccine, Live, Intranasal',1),('INFLUENZA VACCINE, SPLIT','influenza Vaccine, Split',1),('INFLUENZA VACCINE, TYPE UNKNOWN','Influenza Vaccine, Type Unknown',1),('INFLUENZA VACCINE, WHOLE','Influenza Vaccine, Whole',1),('JUNIN VIRUS VACCINE','Junin Virus Vaccine',1),('LEPROSY VACCINE','Leprosy Vaccine',1),('LYME DISEASE VACCINE','Lyme disease vaccine',1),('MEASLES VACCINE','Measles Vaccine',1),('MEASLES/MUMPS/RUBELLA (MMR) VACCINE','Measles/Mumps/Rubella (MMR) Vaccine',1),('MEASLES/MUMPS/RUBELLA/VARICELLA (MMRV) VACCINE','Measles/Mumps/Rubella/Varicella (MMRV) Vaccine',1),('MEASLES/RUBELLA (M/R) VACCINE','Measles/Rubella (M/R) Vaccine',1),('MENINGOCOCCAL C CONJUGATE VACCINE','Meningococcal C Conjugate Vaccine',1),('MENINGOCOCCAL POLYSACCHARIDE VACCINE (MPSV4)','Meningococcal Polysaccharide Vaccine (MPSV4)',1),('MENINGOCOCCAL VACCINE, TYPE UNKNOWN','Meningococcal Vaccine, Type Unknown',1),('MENINGOCOCCAL/DIPHTHERIA CONJUGATE VACCINE (MCV4)','Meningococcal/Diphtheria Conjugate Vaccine (MCV4)',1),('MUMPS VACCINE','Mumps Vaccine',1),('PERTUSSIS VACCINE','Pertussis Vaccine',1),('PLAGUE VACCINE','Plague Vaccine',1),('PNEUMOCOCCAL CONJUGATE VACCINE','Pneumococcal conjugate vaccine',1),('PNEUMOCOCCAL POLYSACCHARIDE VACCINE','Pneumococcal polysaccharide vaccine',1),('PNEUMOCOCCAL VACCINE, TYPE UNKNOWN','Pneumococcal Vaccine, Type Unknown',1),('POLIOVIRUS VACCINE, INACTIVATED (IPV)','Poliovirus vaccine, inactivated (IPV)',1),('POLIOVIRUS VACCINE, LIVE, ORAL (OPV)','Poliovirus Vaccine, Live, Oral (OPV)',1),('POLIOVIRUS VACCINE, TYPE UNKNOWN','Poliovirus Vaccine, Type Unknown',1),('Q FEVER VACCINE','Q Fever Vaccine',1),('RABIES IMMUNE GLOBULIN (RIG)','Rabies Immune Globulin (RIG)',1),('RABIES VACCINE, INTRADERMAL INJECTION','Rabies Vaccine, Intradermal Injection',1),('RABIES VACCINE, INTRAMUSCULAR INJECTION','Rabies Vaccine, Intramuscular Injection',1),('RABIES VACCINE, TYPE UNKNOWN','Rabies Vaccine, Type Unknown',1),('RHO(D) IMMUNE GLOBULIN - INTRAVENOUS (RHIVIG)','Rho(D) Immune Globulin - Intravenous (RhIVIg)',1),('RHO(D) IMMUNE GLOBULIN (RHIG)','Rho(D) immune globulin (RhIG)',1),('RIFT VALLEY FEVER VACCINE','Rift Valley Fever Vaccine',1),('ROTAVIRUS VACCINE, MONOVALENT','Rotavirus Vaccine, Monovalent',1),('ROTAVIRUS VACCINE, PENTAVALENT','Rotavirus Vaccine, Pentavalent',1),('ROTAVIRUS VACCINE, TETRAVALENT','Rotavirus Vaccine, Tetravalent',1),('ROTAVIRUS VACCINE, TYPE UNKNOWN','Rotavirus Vaccine, Type Unknown',1),('RSV IMMUNE GLOBULIN','RSV Immune Globulin',1),('RSV MONOCLONAL ANTIBODY','RSV Monoclonal Antibody',1),('RUBELLA VACCINE','Rubella Vaccine',1),('RUBELLA/MUMPS VACCINE','Rubella/Mumps Vaccine',1),('SHINGLES VACCINE','Shingles Vaccine',1),('SMALLPOX (VACCINIA) VACCINE','Smallpox (Vaccinia) Vaccine',1),('SMALLPOX (VACCINIA) VACCINE, DILUTED','Smallpox (Vaccinia) Vaccine, Diluted',1),('TETANUS IMMUNE GLOBULIN (TIG)','Tetanus Immune Globulin (TIG)',1),('TETANUS TOXOID, UNKNOWN TYPE','Tetanus Toxoid, Unknown Type',1),('TETANUS/DIPHTERIA (TD) TOXOIDS, OLDER CHILDREN AND ADULTS','Tetanus/Diphteria (Td) Toxoids, Older Children and Adults',1),('TETANUS/DIPHTHERIA/PERTUSSIS (TDAP) VACCINE','Tetanus/Diphtheria/Pertussis (Tdap) Vaccine',1),('TICK-BORNE ENCEPHALITIS VACCINE','Tick-Borne Encephalitis Vaccine',1),('TULAREMIA VACCINE','Tularemia Vaccine',1),('TYPHOID VACCINE, PARENTERAL','Typhoid Vaccine, Parenteral',1),('TYPHOID VACCINE, PARENTERAL, ACETONE-KILLED (U.S. MILITARY)','Typhoid Vaccine, Parenteral, Acetone-Killed (U.S. Military)',1),('TYPHOID VACCINE, UNKNOWN TYPE','Typhoid Vaccine, Unknown Type',1),('TYPHOID VI CAPSULAR POLYSACCHARIDE VACCINE','Typhoid Vi Capsular Polysaccharide Vaccine',1),('TYPHOID-PARATYPHOID VACCINE','Typhoid-Paratyphoid Vaccine',1),('TYPHUS VACCINE','Typhus Vaccine',1),('VACCINIA IMMUNE GLOBULIN (VIG)','Vaccinia Immune Globulin (VIG)',1),('VARICELLA VACCINE','Varicella Vaccine',1),('VARICELLA ZOSTER IMMUNE GLOBULIN (VZIG)','Varicella Zoster Immune Globulin (VZIG)',1),('YELLOW FEVER VACCINE','Yellow Fever Vaccine',1),('ZOSTER VACCINE','Zoster Vaccine',1);
/*!40000 ALTER TABLE `immunization` ENABLE KEYS */;
UNLOCK TABLES;

--
-- Table structure for table `insurance_plans`
--

DROP TABLE IF EXISTS `insurance_plans`;
/*!40101 SET @saved_cs_client     = @@character_set_client */;
/*!40101 SET character_set_client = utf8 */;
CREATE TABLE `insurance_plans` (
  `PLAN_CD` varchar(30) NOT NULL,
  `INSURER_NAME` varchar(80) NOT NULL,
  `PLAN_NAME` varchar(80) DEFAULT NULL,
  `VALID_FROM_DT` date NOT NULL,
  `VALID_TO_DT` date DEFAULT NULL,
  `TOTAL_COVERAGE_AMT` double DEFAULT NULL,
  `PERCENT_ABS_IND` varchar(1) DEFAULT NULL,
  `CREATED_BY` varchar(35) NOT NULL,
  `CREATED_DTM` timestamp NOT NULL DEFAULT CURRENT_TIMESTAMP,
  `LAST_MODIFIED_DTM` timestamp NULL DEFAULT NULL,
  `MODIFIED_BY` varchar(20) DEFAULT NULL,
  `VERSION` int(11) DEFAULT NULL,
  PRIMARY KEY (`PLAN_CD`),
  KEY `INSURANCE_PLANS_INSURER_NAME_FK` (`INSURER_NAME`),
  CONSTRAINT `insurance_plans_ibfk_1` FOREIGN KEY (`INSURER_NAME`) REFERENCES `insurer` (`INSURER_NAME`)
) ENGINE=InnoDB DEFAULT CHARSET=latin1;
/*!40101 SET character_set_client = @saved_cs_client */;

--
-- Dumping data for table `insurance_plans`
--

LOCK TABLES `insurance_plans` WRITE;
/*!40000 ALTER TABLE `insurance_plans` DISABLE KEYS */;
INSERT INTO `insurance_plans` VALUES ('JB-1','Max Life Insurance','Jeevan Bharti','2010-07-20','2011-01-27',1000,'A','Bhavesh ','2010-07-19 10:43:15',NULL,NULL,1),('Test1','Max Life Insurance','Test Plan','2010-10-05','2010-12-11',NULL,'','Bhavesh ','2010-10-07 04:58:48',NULL,NULL,1);
/*!40000 ALTER TABLE `insurance_plans` ENABLE KEYS */;
UNLOCK TABLES;

--
-- Table structure for table `insurer`
--

DROP TABLE IF EXISTS `insurer`;
/*!40101 SET @saved_cs_client     = @@character_set_client */;
/*!40101 SET character_set_client = utf8 */;
CREATE TABLE `insurer` (
  `INSURER_NAME` varchar(80) NOT NULL,
  `INSURER_DESC` varchar(512) DEFAULT NULL,
  `CONTACT_CODE` int(11) NOT NULL,
  `CREATED_BY` varchar(35) NOT NULL,
  `CREATED_DTM` timestamp NOT NULL DEFAULT CURRENT_TIMESTAMP,
  `LAST_MODIFIED_BY` varchar(30) DEFAULT NULL,
  `MODIFIED_DTM` timestamp NULL DEFAULT NULL,
  `VERSION` int(11) NOT NULL,
  PRIMARY KEY (`INSURER_NAME`)
) ENGINE=InnoDB DEFAULT CHARSET=latin1;
/*!40101 SET character_set_client = @saved_cs_client */;

--
-- Dumping data for table `insurer`
--

LOCK TABLES `insurer` WRITE;
/*!40000 ALTER TABLE `insurer` DISABLE KEYS */;
INSERT INTO `insurer` VALUES ('Max Life Insurance','Max Life Insurance Pvt Ltd',331,'Bhavesh ','2010-07-19 10:41:47','Bhavesh ','2010-10-05 11:41:40',2);
/*!40000 ALTER TABLE `insurer` ENABLE KEYS */;
UNLOCK TABLES;

--
-- Table structure for table `lab_collection_point`
--

DROP TABLE IF EXISTS `lab_collection_point`;
/*!40101 SET @saved_cs_client     = @@character_set_client */;
/*!40101 SET character_set_client = utf8 */;
CREATE TABLE `lab_collection_point` (
  `COLLECTION_POINT_ID` varchar(40) COLLATE utf8_unicode_ci NOT NULL,
  `NAME` varchar(40) COLLATE utf8_unicode_ci NOT NULL,
  `CONTACT_CODE` int(11) NOT NULL,
  `AREA_COVERED` varchar(1024) COLLATE utf8_unicode_ci DEFAULT NULL,
  `CREATED_BY` varchar(40) COLLATE utf8_unicode_ci NOT NULL,
  `CREATED_DTM` timestamp NOT NULL DEFAULT CURRENT_TIMESTAMP,
  `MODIFIED_BY` varchar(40) COLLATE utf8_unicode_ci DEFAULT NULL,
  `MODIFIED_DTM` timestamp NULL DEFAULT NULL,
  `VERSION` int(11) NOT NULL,
  PRIMARY KEY (`COLLECTION_POINT_ID`),
  KEY `CONTACT_CODE_fk` (`CONTACT_CODE`),
  CONSTRAINT `lab_collection_point_ibfk_1` FOREIGN KEY (`CONTACT_CODE`) REFERENCES `contact_details` (`CONTACT_CODE`)
) ENGINE=InnoDB DEFAULT CHARSET=utf8 COLLATE=utf8_unicode_ci;
/*!40101 SET character_set_client = @saved_cs_client */;

--
-- Dumping data for table `lab_collection_point`
--

LOCK TABLES `lab_collection_point` WRITE;
/*!40000 ALTER TABLE `lab_collection_point` DISABLE KEYS */;
INSERT INTO `lab_collection_point` VALUES ('CP1','Test collection point',455,'','Bhavesh ','2010-09-30 08:16:47','Bhavesh ','2010-10-05 11:42:27',8);
/*!40000 ALTER TABLE `lab_collection_point` ENABLE KEYS */;
UNLOCK TABLES;

--
-- Table structure for table `lab_collection_point_lab_association`
--

DROP TABLE IF EXISTS `lab_collection_point_lab_association`;
/*!40101 SET @saved_cs_client     = @@character_set_client */;
/*!40101 SET character_set_client = utf8 */;
CREATE TABLE `lab_collection_point_lab_association` (
  `LAB_ID` varchar(40) COLLATE utf8_unicode_ci NOT NULL,
  `COLLECTION_POINT_ID` varchar(40) COLLATE utf8_unicode_ci NOT NULL,
  `EFFECTIVE_FROM` date DEFAULT NULL,
  `EFFECTIVE_TO` date DEFAULT NULL,
  `CREATED_BY` varchar(40) COLLATE utf8_unicode_ci NOT NULL,
  `CREATED_DTM` timestamp NOT NULL DEFAULT CURRENT_TIMESTAMP,
  `VERSION` int(11) NOT NULL,
  PRIMARY KEY (`LAB_ID`,`COLLECTION_POINT_ID`),
  KEY `COLLECTION_ID` (`COLLECTION_POINT_ID`),
  CONSTRAINT `lab_collection_point_lab_association_ibfk_1` FOREIGN KEY (`LAB_ID`) REFERENCES `lab_details` (`LAB_ID`),
  CONSTRAINT `lab_collection_point_lab_association_ibfk_2` FOREIGN KEY (`COLLECTION_POINT_ID`) REFERENCES `lab_collection_point` (`COLLECTION_POINT_ID`)
) ENGINE=InnoDB DEFAULT CHARSET=utf8 COLLATE=utf8_unicode_ci;
/*!40101 SET character_set_client = @saved_cs_client */;

--
-- Dumping data for table `lab_collection_point_lab_association`
--

LOCK TABLES `lab_collection_point_lab_association` WRITE;
/*!40000 ALTER TABLE `lab_collection_point_lab_association` DISABLE KEYS */;
INSERT INTO `lab_collection_point_lab_association` VALUES ('LAB_2','CP1',NULL,NULL,'Bhavesh ','2010-10-05 11:42:27',0),('LAB-20','CP1',NULL,NULL,'Bhavesh ','2010-10-05 11:42:27',0);
/*!40000 ALTER TABLE `lab_collection_point_lab_association` ENABLE KEYS */;
UNLOCK TABLES;

--
-- Table structure for table `lab_details`
--

DROP TABLE IF EXISTS `lab_details`;
/*!40101 SET @saved_cs_client     = @@character_set_client */;
/*!40101 SET character_set_client = utf8 */;
CREATE TABLE `lab_details` (
  `LAB_ID` varchar(40) COLLATE utf8_unicode_ci NOT NULL,
  `LAB_NAME` varchar(256) COLLATE utf8_unicode_ci NOT NULL,
  `LAB_TYPE` varchar(40) COLLATE utf8_unicode_ci NOT NULL,
  `BUSINESS_NAME` varchar(256) COLLATE utf8_unicode_ci DEFAULT NULL,
  `BRANCH_NAME` varchar(256) COLLATE utf8_unicode_ci DEFAULT NULL,
  `HOSPITAL_CODE` varchar(15) COLLATE utf8_unicode_ci DEFAULT NULL,
  `CONTACT_DETAIL_CODE` int(11) NOT NULL,
  `DIRECTION_FROM_KNOWN_PLACE` varchar(512) COLLATE utf8_unicode_ci DEFAULT NULL,
  `LAB_OPERATOR_ID` varchar(40) COLLATE utf8_unicode_ci DEFAULT NULL,
  `CREATED_BY` varchar(40) COLLATE utf8_unicode_ci NOT NULL,
  `CREATED_DTM` timestamp NOT NULL DEFAULT CURRENT_TIMESTAMP,
  `MODIFIED_BY` varchar(40) COLLATE utf8_unicode_ci DEFAULT NULL,
  `MODIFIED_DTM` timestamp NULL DEFAULT NULL,
  `VERSION` int(11) NOT NULL,
  PRIMARY KEY (`LAB_ID`),
  KEY `CONTACT_DETAIL_ID_FK` (`CONTACT_DETAIL_CODE`),
  KEY `HOSPITAL_CODE` (`HOSPITAL_CODE`),
  CONSTRAINT `lab_details_ibfk_1` FOREIGN KEY (`CONTACT_DETAIL_CODE`) REFERENCES `contact_details` (`CONTACT_CODE`),
  CONSTRAINT `lab_details_ibfk_2` FOREIGN KEY (`HOSPITAL_CODE`) REFERENCES `hospital` (`HOSPITAL_CODE`)
) ENGINE=InnoDB DEFAULT CHARSET=utf8 COLLATE=utf8_unicode_ci;
/*!40101 SET character_set_client = @saved_cs_client */;

--
-- Dumping data for table `lab_details`
--

LOCK TABLES `lab_details` WRITE;
/*!40000 ALTER TABLE `lab_details` DISABLE KEYS */;
INSERT INTO `lab_details` VALUES ('AU1','Sound check','Ultrasound','','','H1',456,'','','Bhavesh ','2010-09-30 08:26:38',NULL,NULL,1),('LAB_1','Religare','CT SCAN','LalPathology','BanjaraHills','H1',233,'near temple','B45','ajit kumar','2010-05-19 12:40:22',NULL,NULL,0),('LAB_2','Viajya lab','CT Scan','Viajya lab','Begumpet','H1',234,'near Lal bunglow','L18','ajit kumar','2010-05-19 12:46:38',NULL,NULL,8),('LAB_7','LABORAORY 7','MICROBOLOGY','','','H1',244,'','','ajit kumar','2010-05-19 14:06:15',NULL,NULL,2),('LAB-20','Ultrasound Chest','Biopsies','Apolo Health City','Jubilee Hills','H1',283,'Near to KVR Park','Operator-20','Alok Ranjan','2010-05-25 09:20:17',NULL,NULL,3);
/*!40000 ALTER TABLE `lab_details` ENABLE KEYS */;
UNLOCK TABLES;

--
-- Table structure for table `lab_patient_test_attribute_value`
--

DROP TABLE IF EXISTS `lab_patient_test_attribute_value`;
/*!40101 SET @saved_cs_client     = @@character_set_client */;
/*!40101 SET character_set_client = utf8 */;
CREATE TABLE `lab_patient_test_attribute_value` (
  `PATIENT_TEST_ID` varchar(40) COLLATE utf8_unicode_ci NOT NULL,
  `ATTRIBUTE_CODE` varchar(40) COLLATE utf8_unicode_ci NOT NULL,
  `SEQ_NBR` int(4) NOT NULL,
  `ATTRIBUTE_VALUE` varchar(1024) COLLATE utf8_unicode_ci DEFAULT NULL,
  `REMARKS` varchar(256) COLLATE utf8_unicode_ci DEFAULT NULL,
  `COMPARISON_IND` varchar(30) COLLATE utf8_unicode_ci DEFAULT NULL,
  `CREATED_BY` varchar(80) COLLATE utf8_unicode_ci NOT NULL,
  `CREATED_DTM` timestamp NOT NULL DEFAULT CURRENT_TIMESTAMP,
  `LAST_MODIFIED_BY` varchar(80) COLLATE utf8_unicode_ci DEFAULT NULL,
  `LAST_MODIFIED_DTM` timestamp NULL DEFAULT NULL,
  `VERSION` int(11) NOT NULL,
  PRIMARY KEY (`PATIENT_TEST_ID`,`ATTRIBUTE_CODE`,`SEQ_NBR`),
  KEY `ATTRIBUTE_CODE` (`ATTRIBUTE_CODE`),
  CONSTRAINT `lab_patient_test_attribute_value_ibfk_1` FOREIGN KEY (`PATIENT_TEST_ID`) REFERENCES `lab_patient_test_detail` (`PATIENT_TEST_ID`),
  CONSTRAINT `lab_patient_test_attribute_value_ibfk_2` FOREIGN KEY (`ATTRIBUTE_CODE`) REFERENCES `lab_test_attribute` (`ATTRIBUTE_CODE`)
) ENGINE=InnoDB DEFAULT CHARSET=utf8 COLLATE=utf8_unicode_ci;
/*!40101 SET character_set_client = @saved_cs_client */;

--
-- Dumping data for table `lab_patient_test_attribute_value`
--

LOCK TABLES `lab_patient_test_attribute_value` WRITE;
/*!40000 ALTER TABLE `lab_patient_test_attribute_value` DISABLE KEYS */;
INSERT INTO `lab_patient_test_attribute_value` VALUES ('61','Pulse',1,'75',NULL,NULL,'Bhavesh ','2010-10-01 06:19:55',NULL,NULL,0);
/*!40000 ALTER TABLE `lab_patient_test_attribute_value` ENABLE KEYS */;
UNLOCK TABLES;

--
-- Table structure for table `lab_patient_test_change_history`
--

DROP TABLE IF EXISTS `lab_patient_test_change_history`;
/*!40101 SET @saved_cs_client     = @@character_set_client */;
/*!40101 SET character_set_client = utf8 */;
CREATE TABLE `lab_patient_test_change_history` (
  `PATIENT_TEST_ID` varchar(40) COLLATE utf8_unicode_ci NOT NULL,
  `ATTRIBUTE_CODE` varchar(40) COLLATE utf8_unicode_ci NOT NULL,
  `SEQ_NBR` int(11) NOT NULL,
  `ATTRIBUTE_VALUE` varchar(256) COLLATE utf8_unicode_ci DEFAULT NULL,
  `CREATED_BY` varchar(40) COLLATE utf8_unicode_ci NOT NULL,
  `CREATED_DTM` timestamp NOT NULL DEFAULT CURRENT_TIMESTAMP,
  `VERSION` int(11) NOT NULL,
  PRIMARY KEY (`PATIENT_TEST_ID`,`ATTRIBUTE_CODE`,`CREATED_DTM`,`SEQ_NBR`),
  KEY `ATTRIBUTE_CODE` (`ATTRIBUTE_CODE`),
  CONSTRAINT `lab_patient_test_change_history_ibfk_1` FOREIGN KEY (`PATIENT_TEST_ID`) REFERENCES `lab_patient_test_detail` (`PATIENT_TEST_ID`),
  CONSTRAINT `lab_patient_test_change_history_ibfk_2` FOREIGN KEY (`ATTRIBUTE_CODE`) REFERENCES `lab_test_attribute` (`ATTRIBUTE_CODE`)
) ENGINE=InnoDB DEFAULT CHARSET=utf8 COLLATE=utf8_unicode_ci;
/*!40101 SET character_set_client = @saved_cs_client */;

--
-- Dumping data for table `lab_patient_test_change_history`
--

LOCK TABLES `lab_patient_test_change_history` WRITE;
/*!40000 ALTER TABLE `lab_patient_test_change_history` DISABLE KEYS */;
/*!40000 ALTER TABLE `lab_patient_test_change_history` ENABLE KEYS */;
UNLOCK TABLES;

--
-- Table structure for table `lab_patient_test_detail`
--

DROP TABLE IF EXISTS `lab_patient_test_detail`;
/*!40101 SET @saved_cs_client     = @@character_set_client */;
/*!40101 SET character_set_client = utf8 */;
CREATE TABLE `lab_patient_test_detail` (
  `PATIENT_TEST_ID` varchar(40) COLLATE utf8_unicode_ci NOT NULL,
  `TEST_CODE` varchar(40) COLLATE utf8_unicode_ci NOT NULL,
  `TEST_PERFORM_DTM` datetime DEFAULT NULL,
  `STATUS_CODE` varchar(40) COLLATE utf8_unicode_ci NOT NULL,
  `APPROVE_DATE` datetime DEFAULT NULL,
  `APPROVER_NAME` varchar(40) COLLATE utf8_unicode_ci DEFAULT NULL,
  `PATIENT_ID` int(11) NOT NULL,
  `DOCTOR_ID` int(11) DEFAULT NULL,
  `INVESTIGATOR_ID` varchar(40) COLLATE utf8_unicode_ci DEFAULT NULL,
  `TECHNIQUE_ID` int(11) DEFAULT NULL,
  `SPECIMEN_COLLECTION_DTM` datetime DEFAULT NULL,
  `REMARKS` varchar(256) COLLATE utf8_unicode_ci DEFAULT NULL,
  `CREATED_DATE_DIM` int(11) NOT NULL,
  `CREATED_BY` varchar(80) COLLATE utf8_unicode_ci NOT NULL,
  `CREATED_DTM` timestamp NOT NULL DEFAULT CURRENT_TIMESTAMP,
  `MODIFIED_BY` varchar(80) COLLATE utf8_unicode_ci DEFAULT NULL,
  `MODIFIED_DTM` timestamp NULL DEFAULT NULL,
  `VERSION` int(11) NOT NULL,
  `REPORT_COLLECTED_BY` varchar(80) COLLATE utf8_unicode_ci DEFAULT NULL,
  `REPORT_COLLECTED_DTM` timestamp NULL DEFAULT NULL,
  PRIMARY KEY (`PATIENT_TEST_ID`),
  KEY `TEST_CODE_FK` (`TEST_CODE`),
  KEY `TECHNIQUE_ID_FK` (`TECHNIQUE_ID`),
  KEY `DOCTOR_ID_FK` (`DOCTOR_ID`),
  KEY `PATIENT_ID_FK` (`PATIENT_ID`),
  CONSTRAINT `lab_patient_test_detail_ibfk_1` FOREIGN KEY (`TEST_CODE`) REFERENCES `lab_test` (`TEST_CODE`),
  CONSTRAINT `lab_patient_test_detail_ibfk_2` FOREIGN KEY (`PATIENT_ID`) REFERENCES `patient` (`PATIENT_ID`),
  CONSTRAINT `lab_patient_test_detail_ibfk_3` FOREIGN KEY (`DOCTOR_ID`) REFERENCES `doctor` (`DOCTOR_ID`),
  CONSTRAINT `lab_patient_test_detail_ibfk_4` FOREIGN KEY (`TECHNIQUE_ID`) REFERENCES `lab_technique_reagent` (`ID`)
) ENGINE=InnoDB DEFAULT CHARSET=utf8 COLLATE=utf8_unicode_ci;
/*!40101 SET character_set_client = @saved_cs_client */;

--
-- Dumping data for table `lab_patient_test_detail`
--

LOCK TABLES `lab_patient_test_detail` WRITE;
/*!40000 ALTER TABLE `lab_patient_test_detail` DISABLE KEYS */;
INSERT INTO `lab_patient_test_detail` VALUES ('12','1',NULL,'TEST_PERFORMED',NULL,NULL,10,2,NULL,NULL,NULL,NULL,644,'Bhavesh ','2010-10-06 12:36:55','Bhavesh ','2010-10-06 12:36:55',1,NULL,NULL),('61','Labtest1',NULL,'APPROVED','2010-10-01 11:50:21','Bhavesh ',63,NULL,NULL,NULL,NULL,NULL,639,'Bhavesh ','2010-10-01 06:19:39','Bhavesh ','2010-10-01 06:20:21',4,NULL,NULL);
/*!40000 ALTER TABLE `lab_patient_test_detail` ENABLE KEYS */;
UNLOCK TABLES;

--
-- Table structure for table `lab_patient_test_specimen`
--

DROP TABLE IF EXISTS `lab_patient_test_specimen`;
/*!40101 SET @saved_cs_client     = @@character_set_client */;
/*!40101 SET character_set_client = utf8 */;
CREATE TABLE `lab_patient_test_specimen` (
  `PATIENT_TEST_ID` varchar(40) COLLATE utf8_unicode_ci NOT NULL,
  `SPECIMEN_ID` int(11) NOT NULL,
  `QUANTITY` double DEFAULT NULL,
  `UNIT` varchar(40) COLLATE utf8_unicode_ci DEFAULT NULL,
  `COLLECTION_DTM` datetime DEFAULT NULL,
  `COLLECTION_POINT_ID` varchar(40) COLLATE utf8_unicode_ci NOT NULL,
  `CREATED_BY` varchar(40) COLLATE utf8_unicode_ci NOT NULL,
  `CREATED_DTM` timestamp NOT NULL DEFAULT CURRENT_TIMESTAMP,
  `MODIFIED_BY` varchar(40) COLLATE utf8_unicode_ci DEFAULT NULL,
  `MODIFIED_DTM` timestamp NULL DEFAULT NULL,
  `VERSION` int(11) NOT NULL,
  PRIMARY KEY (`PATIENT_TEST_ID`,`SPECIMEN_ID`),
  KEY `COLLECTION_POINT_ID` (`COLLECTION_POINT_ID`),
  KEY `SPECIMEN_ID` (`SPECIMEN_ID`),
  CONSTRAINT `lab_patient_test_specimen_ibfk_1` FOREIGN KEY (`COLLECTION_POINT_ID`) REFERENCES `lab_collection_point` (`COLLECTION_POINT_ID`),
  CONSTRAINT `lab_patient_test_specimen_ibfk_2` FOREIGN KEY (`SPECIMEN_ID`) REFERENCES `lab_specimen` (`SPECIMEN_ID`),
  CONSTRAINT `lab_patient_test_specimen_ibfk_3` FOREIGN KEY (`PATIENT_TEST_ID`) REFERENCES `lab_patient_test_detail` (`PATIENT_TEST_ID`)
) ENGINE=InnoDB DEFAULT CHARSET=utf8 COLLATE=utf8_unicode_ci;
/*!40101 SET character_set_client = @saved_cs_client */;

--
-- Dumping data for table `lab_patient_test_specimen`
--

LOCK TABLES `lab_patient_test_specimen` WRITE;
/*!40000 ALTER TABLE `lab_patient_test_specimen` DISABLE KEYS */;
/*!40000 ALTER TABLE `lab_patient_test_specimen` ENABLE KEYS */;
UNLOCK TABLES;

--
-- Table structure for table `lab_requisition_order`
--

DROP TABLE IF EXISTS `lab_requisition_order`;
/*!40101 SET @saved_cs_client     = @@character_set_client */;
/*!40101 SET character_set_client = utf8 */;
CREATE TABLE `lab_requisition_order` (
  `ORDER_NBR` int(11) NOT NULL AUTO_INCREMENT,
  `PATIENT_ID` int(11) NOT NULL,
  `DOCTOR_ID` int(11) DEFAULT NULL,
  `REFERENCE_NUMBER` varchar(30) COLLATE utf8_unicode_ci NOT NULL,
  `REFERENCE_TYPE` varchar(30) COLLATE utf8_unicode_ci NOT NULL,
  `STATUS_CODE` varchar(40) COLLATE utf8_unicode_ci NOT NULL,
  `CREATED_BY` varchar(40) COLLATE utf8_unicode_ci NOT NULL,
  `CREATED_DTM` timestamp NOT NULL DEFAULT CURRENT_TIMESTAMP,
  `TOTAL_CHARGES` double DEFAULT NULL,
  `REFUNDED_AMT` double DEFAULT NULL,
  `LAST_BILLING_DTM` timestamp NULL DEFAULT NULL,
  `REFUNDABLE_AMT` double DEFAULT NULL,
  `REFERRAL_CODE` int(11) DEFAULT NULL,
  `IS_EMERGENCY` varchar(1) COLLATE utf8_unicode_ci DEFAULT NULL,
  `CREATED_DATE_DIM` int(11) NOT NULL,
  `LAST_MODIFIED_BY` varchar(40) COLLATE utf8_unicode_ci DEFAULT NULL,
  `LAST_MODIFIED_DTM` timestamp NULL DEFAULT NULL,
  `VERSION` int(11) NOT NULL,
  PRIMARY KEY (`ORDER_NBR`),
  KEY `PATIENT_ID_fk` (`PATIENT_ID`),
  KEY `DOCTOR_ID_fk` (`DOCTOR_ID`),
  KEY `PATIENT_ID` (`PATIENT_ID`),
  KEY `DOCTOR_ID` (`DOCTOR_ID`),
  CONSTRAINT `lab_requisition_order_ibfk_1` FOREIGN KEY (`PATIENT_ID`) REFERENCES `patient` (`PATIENT_ID`),
  CONSTRAINT `lab_requisition_order_ibfk_2` FOREIGN KEY (`DOCTOR_ID`) REFERENCES `doctor` (`DOCTOR_ID`)
) ENGINE=InnoDB AUTO_INCREMENT=240 DEFAULT CHARSET=utf8 COLLATE=utf8_unicode_ci;
/*!40101 SET character_set_client = @saved_cs_client */;

--
-- Dumping data for table `lab_requisition_order`
--

LOCK TABLES `lab_requisition_order` WRITE;
/*!40000 ALTER TABLE `lab_requisition_order` DISABLE KEYS */;
INSERT INTO `lab_requisition_order` VALUES (1,45,NULL,'45','PAT','CREATED','Bhavesh ','2010-08-26 05:39:13',25000,NULL,NULL,NULL,NULL,NULL,603,NULL,NULL,0),(2,3,2,'7','IPD','CREATED','ajit kumar','2010-09-02 08:30:31',25000,NULL,NULL,NULL,NULL,NULL,610,NULL,NULL,0),(3,6,NULL,'6','PAT','COMPLETED','ajit kumar','2010-09-02 08:49:03',25000,NULL,NULL,NULL,NULL,NULL,610,'Alok Ranjan','2010-10-19 12:57:55',1),(4,8,NULL,'8','PAT','CREATED','ajit kumar','2010-09-02 09:04:13',25000,NULL,NULL,NULL,NULL,NULL,610,NULL,NULL,0),(5,9,NULL,'9','PAT','CANCELED','ajit kumar','2010-09-02 11:24:30',25000,NULL,NULL,NULL,NULL,NULL,610,'Bhavesh ','2010-09-15 10:17:33',1),(6,10,NULL,'10','PAT','CREATED','ajit kumar','2010-09-09 04:45:19',25000,NULL,NULL,NULL,NULL,NULL,617,NULL,NULL,0),(7,46,NULL,'46','PAT','CANCELED','Bhavesh ','2010-09-13 11:58:00',500,NULL,NULL,NULL,NULL,NULL,621,'Bhavesh ','2010-09-15 10:28:23',1),(8,47,NULL,'47','PAT','IN_PROGRESS','Bhavesh ','2010-09-13 12:00:46',1500,NULL,NULL,NULL,NULL,NULL,621,'Bhavesh ','2010-10-21 11:55:54',1),(9,48,NULL,'48','PAT','CREATED','Bhavesh ','2010-09-13 12:12:20',25000,NULL,NULL,NULL,NULL,NULL,621,NULL,NULL,0),(10,10,2,'5','OPD','CREATED','Bhavesh ','2010-09-13 12:15:55',1000,NULL,NULL,NULL,NULL,NULL,621,'Bhavesh ','2010-09-14 05:07:47',1),(13,51,NULL,'51','PAT','COMPLETED','ajit kumar','2010-09-14 04:15:22',50,NULL,NULL,NULL,NULL,NULL,622,'ajit kumar','2010-09-14 04:15:22',1),(14,52,NULL,'52','PAT','COMPLETED','ajit kumar','2010-09-14 05:00:46',50,NULL,NULL,NULL,NULL,NULL,622,'ajit kumar','2010-09-14 05:00:46',1),(15,53,NULL,'53','PAT','COMPLETED','ajit kumar','2010-09-14 05:04:22',50,NULL,NULL,NULL,NULL,NULL,622,'ajit kumar','2010-09-14 05:04:22',1),(16,54,NULL,'54','PAT','COMPLETED','ajit kumar','2010-09-14 05:07:15',50,NULL,NULL,NULL,NULL,NULL,622,'ajit kumar','2010-09-14 05:07:15',1),(17,55,NULL,'55','PAT','COMPLETED','ajit kumar','2010-09-14 05:31:12',50,NULL,NULL,NULL,NULL,NULL,622,'ajit kumar','2010-09-14 05:31:12',1),(18,56,NULL,'56','PAT','COMPLETED','ajit kumar','2010-09-14 06:43:55',50,NULL,NULL,NULL,NULL,NULL,622,'ajit kumar','2010-09-14 06:44:48',1),(19,6,NULL,'APPOINTMENT-6','OPD','CREATED','ajit kumar','2010-09-14 08:13:54',200,NULL,NULL,NULL,NULL,NULL,622,NULL,NULL,0),(20,8,NULL,'APPOINTMENT-7','OPD','CREATED','ajit kumar','2010-09-14 08:27:49',200,NULL,NULL,NULL,NULL,NULL,622,NULL,NULL,0),(21,10,2,'5','OPD','CANCELED','Bhavesh ','2010-09-14 09:15:11',1000,NULL,NULL,NULL,NULL,NULL,622,'ajit kumar','2010-09-15 04:14:20',2),(22,6,1,'6','OPD','CANCELED','Bhavesh ','2010-09-14 12:22:09',1000,NULL,NULL,NULL,NULL,NULL,622,'Bhavesh ','2010-09-15 09:43:49',2),(23,8,1,'7','OPD','CANCELED','ajit kumar','2010-09-15 04:26:21',25000,NULL,NULL,NULL,NULL,NULL,623,'Bhavesh ','2010-09-15 09:55:45',1),(24,6,1,'6','OPD','CANCELED','ajit kumar','2010-09-15 08:25:47',500,NULL,NULL,NULL,NULL,NULL,623,'Bhavesh ','2010-09-15 09:15:16',1),(25,10,NULL,'APPOINTMENT-8','OPD','CREATED','ajit kumar','2010-09-15 09:31:14',200,NULL,NULL,NULL,NULL,NULL,623,NULL,NULL,0),(31,5,NULL,'14','OPD','CREATED','ajit kumar','2010-09-15 10:07:22',200,NULL,NULL,NULL,NULL,NULL,623,NULL,NULL,0),(35,5,NULL,'18','OPD','CREATED','ajit kumar','2010-09-15 11:28:13',200,NULL,NULL,NULL,NULL,NULL,623,NULL,NULL,0),(36,57,NULL,'57','PAT','CANCELED','ajit kumar','2010-09-16 06:38:29',25000,NULL,NULL,NULL,NULL,NULL,624,'Bhavesh ','2011-06-23 10:19:26',1),(40,5,NULL,'22','OPD','CREATED','Bhavesh ','2010-09-24 13:03:57',200,NULL,NULL,NULL,NULL,NULL,632,NULL,NULL,0),(44,4,NULL,'26','OPD','COMPLETED','ajit kumar','2010-09-24 13:33:46',200,NULL,NULL,NULL,NULL,NULL,632,'ajit kumar','2010-09-24 13:33:46',1),(45,4,1,'8','IPD','CREATED','Bhavesh ','2010-09-30 10:49:36',500,NULL,NULL,NULL,NULL,NULL,638,NULL,NULL,0),(46,1,2,'5','IPD','CREATED','Bhavesh ','2010-09-30 11:35:10',1200,NULL,NULL,NULL,NULL,NULL,638,NULL,NULL,0),(47,3,2,'7','IPD','CREATED','Bhavesh ','2010-09-30 11:35:12',25000,NULL,NULL,NULL,NULL,NULL,638,NULL,NULL,0),(48,58,NULL,'58','PAT','COMPLETED','Bhavesh ','2010-09-30 12:41:47',50,NULL,NULL,NULL,NULL,NULL,638,'Bhavesh ','2010-09-30 12:41:47',1),(49,59,NULL,'59','PAT','CREATED','ajit kumar','2010-09-30 13:30:21',25000,NULL,NULL,NULL,NULL,NULL,638,NULL,NULL,0),(50,60,NULL,'60','PAT','COMPLETED','ajit kumar','2010-09-30 13:31:17',50,NULL,NULL,NULL,NULL,NULL,638,'ajit kumar','2010-09-30 13:31:17',1),(51,61,NULL,'61','PAT','CREATED','Bhavesh ','2010-10-01 03:49:44',1000,NULL,NULL,NULL,NULL,NULL,639,NULL,NULL,0),(52,23,NULL,'23','PAT','CREATED','Bhavesh ','2010-10-01 03:50:50',1700,NULL,NULL,NULL,NULL,NULL,639,NULL,NULL,0),(53,62,NULL,'62','PAT','CREATED','Bhavesh ','2010-10-01 03:52:28',500,NULL,NULL,NULL,NULL,NULL,639,NULL,NULL,0),(54,63,NULL,'63','PAT','IN_PROGRESS','Bhavesh ','2010-10-01 04:04:24',2200,NULL,NULL,NULL,NULL,NULL,639,'Bhavesh ','2010-10-01 06:20:21',1),(55,64,NULL,'64','PAT','CREATED','Bhavesh ','2010-10-01 04:06:02',25000,NULL,NULL,NULL,NULL,NULL,639,NULL,NULL,0),(56,2,2,'6','IPD','CREATED','Bhavesh ','2010-10-01 05:44:41',1200,NULL,NULL,NULL,NULL,NULL,639,NULL,NULL,0),(57,65,NULL,'65','PAT','COMPLETED','ajit kumar','2010-10-01 06:38:39',50,NULL,NULL,NULL,NULL,NULL,639,'ajit kumar','2010-10-01 06:38:39',1),(58,8,NULL,'7','OPD','CREATED','Bhavesh ','2010-10-01 07:26:19',1000,NULL,NULL,NULL,NULL,NULL,639,NULL,NULL,0),(59,8,NULL,'7','OPD','CREATED','Bhavesh ','2010-10-01 07:32:24',500,NULL,NULL,NULL,NULL,NULL,639,NULL,NULL,0),(60,66,NULL,'66','PAT','COMPLETED','ajit kumar','2010-10-01 13:13:03',50,NULL,NULL,NULL,NULL,NULL,639,'ajit kumar','2010-10-01 13:13:03',1),(61,4,1,'8','IPD','CREATED','ajit kumar','2010-10-05 05:37:55',25500,NULL,NULL,NULL,NULL,NULL,643,NULL,NULL,0),(62,5,1,'22','OPD','CREATED','Alok Ranjan','2010-10-05 08:57:28',500,NULL,NULL,NULL,NULL,NULL,643,NULL,NULL,0),(63,4,1,'26','OPD','CREATED','Alok Ranjan','2010-10-05 09:04:39',2200,NULL,NULL,NULL,NULL,NULL,643,NULL,NULL,0),(64,10,NULL,'27','OPD','COMPLETED','ajit kumar','2010-10-05 09:56:56',200,NULL,NULL,NULL,NULL,NULL,643,'ajit kumar','2010-10-05 09:56:56',1),(65,5,NULL,'28','OPD','CREATED','Alok Ranjan','2010-10-05 09:53:45',200,NULL,NULL,NULL,NULL,NULL,643,NULL,NULL,0),(66,67,NULL,'67','PAT','CREATED','ajit kumar','2010-10-06 16:15:22',25000,NULL,NULL,NULL,NULL,NULL,644,NULL,NULL,0),(67,68,NULL,'68','PAT','CREATED','ajit kumar','2010-10-06 16:25:42',25000,NULL,NULL,NULL,NULL,NULL,644,NULL,NULL,0),(68,69,NULL,'69','PAT','CREATED','ajit kumar','2010-10-06 16:29:09',25000,NULL,NULL,NULL,NULL,NULL,644,NULL,NULL,0),(69,14,1,'22','IPD','CREATED','ajit kumar','2010-10-06 18:24:06',25000,NULL,NULL,NULL,NULL,NULL,644,NULL,NULL,0),(70,1,NULL,'29','OPD','COMPLETED','Alok Ranjan','2010-10-07 07:10:46',200,NULL,NULL,NULL,NULL,NULL,645,'Alok Ranjan','2010-10-07 07:10:46',1),(83,9,NULL,'36','OPD','COMPLETED','ajit kumar','2010-10-07 10:44:27',200,NULL,NULL,NULL,NULL,NULL,645,'ajit kumar','2010-10-07 10:44:27',1),(84,70,NULL,'70','PAT','COMPLETED','Alok Ranjan','2010-10-13 11:39:13',50,NULL,NULL,NULL,NULL,NULL,651,'Alok Ranjan','2010-10-13 11:39:13',1),(85,20,NULL,'20','PAT','COMPLETED','Alok Ranjan','2010-10-13 11:56:14',25500,NULL,NULL,NULL,NULL,NULL,651,'Bhavesh ','2010-10-21 12:04:10',2),(86,20,NULL,'20','PAT','COMPLETED','Alok Ranjan','2010-10-13 12:48:17',26200,NULL,NULL,NULL,NULL,NULL,651,'Bhavesh ','2010-10-21 12:04:18',2),(87,71,NULL,'71','PAT','COMPLETED','Alok Ranjan','2010-10-13 14:02:03',50,NULL,NULL,NULL,NULL,NULL,651,'Alok Ranjan','2010-10-13 14:02:03',1),(88,71,NULL,'37','OPD','COMPLETED','Alok Ranjan','2010-10-13 14:04:58',200,NULL,NULL,NULL,NULL,NULL,651,'Alok Ranjan','2010-10-13 14:04:58',1),(89,72,NULL,'72','PAT','COMPLETED','Alok Ranjan','2010-10-14 04:56:04',50,NULL,NULL,NULL,NULL,NULL,652,'Alok Ranjan','2010-10-14 04:56:04',1),(90,71,2,'37','OPD','CREATED','Alok Ranjan','2010-10-14 15:06:33',29400,NULL,NULL,NULL,NULL,NULL,652,'Alok Ranjan','2010-10-20 09:49:54',1),(91,73,NULL,'73','PAT','COMPLETED','Alok Ranjan','2010-10-18 04:15:17',50,NULL,NULL,NULL,NULL,NULL,656,'Alok Ranjan','2010-10-18 04:15:17',1),(92,73,NULL,'38','OPD','COMPLETED','Alok Ranjan','2010-10-18 04:19:16',200,NULL,NULL,NULL,NULL,NULL,656,'Alok Ranjan','2010-10-18 04:19:16',1),(93,73,2,'38','OPD','COMPLETED','Alok Ranjan','2010-10-18 04:28:47',2700,NULL,NULL,NULL,NULL,NULL,656,'Alok Ranjan','2010-10-20 09:28:48',3),(94,74,NULL,'74','PAT','COMPLETED','Alok Ranjan','2010-10-19 05:34:18',50,NULL,NULL,NULL,NULL,NULL,657,'Alok Ranjan','2010-10-19 05:34:19',1),(95,74,NULL,'39','OPD','COMPLETED','Alok Ranjan','2010-10-19 07:38:40',200,NULL,NULL,NULL,NULL,NULL,657,'Alok Ranjan','2010-10-19 07:38:40',1),(96,73,NULL,'73','PAT','IN_PROGRESS','Alok Ranjan','2010-10-20 13:45:17',3800,NULL,NULL,NULL,NULL,NULL,658,'Bhavesh ','2010-10-21 12:01:34',3),(97,73,NULL,'73','PAT','COMPLETED','Alok Ranjan','2010-10-20 13:50:26',25400,NULL,NULL,NULL,NULL,NULL,658,'Bhavesh ','2010-10-21 12:01:27',2),(98,73,NULL,'73','PAT','COMPLETED','Alok Ranjan','2010-10-20 13:54:48',25400,NULL,NULL,NULL,NULL,NULL,658,'Bhavesh ','2010-10-21 12:01:18',2),(99,74,NULL,'40','OPD','COMPLETED','Alok Ranjan','2010-10-20 14:58:52',200,NULL,NULL,NULL,NULL,NULL,658,'Alok Ranjan','2010-10-20 14:58:52',1),(100,74,NULL,'74','PAT','COMPLETED','Alok Ranjan','2010-10-20 15:23:22',26700,NULL,NULL,NULL,NULL,NULL,658,'Bhavesh ','2010-10-21 11:50:43',3),(101,1,NULL,'41','OPD','COMPLETED','Bhavesh ','2010-10-21 10:15:20',200,NULL,NULL,NULL,NULL,NULL,659,'Bhavesh ','2010-10-21 10:15:20',1),(102,9,NULL,'36','OPD','COMPLETED','Bhavesh ','2010-10-21 10:36:53',25000,NULL,NULL,NULL,NULL,NULL,659,'Bhavesh ','2010-10-21 11:50:09',1),(103,9,NULL,'36','OPD','COMPLETED','Bhavesh ','2010-10-21 10:41:13',25000,NULL,NULL,NULL,NULL,NULL,659,'Bhavesh ','2010-10-21 11:50:03',1),(104,23,NULL,'23','PAT','COMPLETED','Bhavesh ','2010-10-21 11:44:32',400,NULL,NULL,NULL,NULL,NULL,659,'Bhavesh ','2010-10-21 11:49:24',1),(105,25,NULL,'25','PAT','CREATED','Bhavesh ','2010-10-21 11:45:28',400,NULL,NULL,NULL,NULL,NULL,659,NULL,NULL,0),(106,9,NULL,'36','OPD','COMPLETED','Bhavesh ','2010-10-21 11:56:31',25000,NULL,NULL,NULL,NULL,NULL,659,'Bhavesh ','2010-10-21 11:57:07',1),(108,1,NULL,'29','OPD','CREATED','Bhavesh ','2010-10-21 14:08:42',500,NULL,NULL,NULL,NULL,NULL,659,NULL,NULL,0),(109,6,NULL,'42','OPD','COMPLETED','Bhavesh ','2010-10-21 14:14:01',200,NULL,NULL,NULL,NULL,NULL,659,'Bhavesh ','2010-10-21 14:14:01',1),(110,76,NULL,'76','PAT','COMPLETED','Bhavesh ','2010-10-21 15:24:50',50,NULL,NULL,NULL,NULL,NULL,659,'Bhavesh ','2010-10-21 15:24:51',1),(111,77,NULL,'77','PAT','COMPLETED','Alok Ranjan','2010-10-22 03:32:54',50,NULL,NULL,NULL,NULL,NULL,660,'Alok Ranjan','2010-10-22 03:32:54',1),(112,78,NULL,'78','PAT','COMPLETED','Bhavesh ','2010-10-22 04:33:14',50,NULL,NULL,NULL,NULL,NULL,660,'Bhavesh ','2010-10-22 04:33:14',1),(113,78,NULL,'43','OPD','COMPLETED','Bhavesh ','2010-10-22 04:36:23',200,NULL,NULL,NULL,NULL,NULL,660,'Bhavesh ','2010-10-22 05:43:14',6),(114,1,NULL,'41','OPD','CREATED','Bhavesh ','2010-10-22 05:18:41',500,NULL,NULL,NULL,NULL,NULL,660,NULL,NULL,0),(115,1,NULL,'41','OPD','CREATED','Bhavesh ','2010-10-22 05:21:19',1000,NULL,NULL,NULL,NULL,NULL,660,NULL,NULL,0),(116,1,NULL,'41','OPD','CREATED','Bhavesh ','2010-10-22 05:28:12',500,NULL,NULL,NULL,NULL,NULL,660,NULL,NULL,0),(117,78,NULL,'44','OPD','COMPLETED','Bhavesh ','2010-10-22 06:30:20',200,NULL,NULL,NULL,NULL,NULL,660,'Bhavesh ','2010-10-22 06:30:21',1),(118,78,NULL,'45','OPD','COMPLETED','Bhavesh ','2010-10-22 06:32:26',200,NULL,NULL,NULL,NULL,NULL,660,'Bhavesh ','2010-10-22 06:32:26',1),(119,79,NULL,'79','PAT','COMPLETED','Bhavesh ','2010-10-22 09:17:33',50,NULL,NULL,NULL,NULL,NULL,660,'Bhavesh ','2010-10-22 09:17:33',1),(120,79,NULL,'46','OPD','COMPLETED','Bhavesh ','2010-10-22 09:19:45',200,NULL,NULL,NULL,NULL,NULL,660,'Bhavesh ','2010-10-22 10:49:03',6),(121,73,NULL,'47','OPD','COMPLETED','Bhavesh ','2010-10-22 10:23:33',200,NULL,NULL,NULL,NULL,NULL,660,'Bhavesh ','2010-10-22 10:23:33',1),(122,80,NULL,'80','PAT','COMPLETED','Bhavesh ','2010-10-22 12:03:44',50,NULL,NULL,NULL,NULL,NULL,660,'Bhavesh ','2010-10-22 12:03:44',1),(123,80,NULL,'48','OPD','COMPLETED','Bhavesh ','2010-10-22 12:14:01',200,NULL,NULL,NULL,NULL,NULL,660,'Bhavesh ','2010-10-22 12:14:01',1),(124,80,NULL,'49','OPD','COMPLETED','Bhavesh ','2010-10-22 12:53:27',200,NULL,NULL,NULL,NULL,NULL,660,'Bhavesh ','2010-10-22 12:53:27',1),(125,81,NULL,'81','PAT','COMPLETED','Bhavesh ','2010-10-22 13:58:20',50,NULL,NULL,NULL,NULL,NULL,660,'Bhavesh ','2010-10-22 13:58:20',1),(126,82,NULL,'82','PAT','COMPLETED','Bhavesh ','2010-10-22 14:14:44',50,NULL,NULL,NULL,NULL,NULL,660,'Bhavesh ','2010-10-22 14:14:44',1),(127,79,NULL,'46','OPD','CREATED','Bhavesh ','2010-10-22 14:22:36',25000,NULL,NULL,NULL,NULL,NULL,660,NULL,NULL,0),(128,83,NULL,'83','PAT','COMPLETED','Bhavesh ','2010-10-22 15:37:16',50,NULL,NULL,NULL,NULL,NULL,660,'Bhavesh ','2010-10-22 15:37:16',1),(129,84,NULL,'84','PAT','COMPLETED','Alok Ranjan','2010-10-25 12:37:28',50,NULL,NULL,NULL,NULL,NULL,663,'Alok Ranjan','2010-10-25 12:37:28',1),(130,85,NULL,'85','PAT','COMPLETED','Alok Ranjan','2010-10-25 12:38:55',50,NULL,NULL,NULL,NULL,NULL,663,'Alok Ranjan','2010-10-25 12:38:55',1),(131,86,NULL,'86','PAT','COMPLETED','Alok Ranjan','2010-10-25 12:54:16',50,NULL,NULL,NULL,NULL,NULL,663,'Alok Ranjan','2010-10-25 12:54:16',1),(132,87,NULL,'87','PAT','COMPLETED','Alok Ranjan','2010-10-25 12:58:37',50,NULL,NULL,NULL,NULL,NULL,663,'Alok Ranjan','2010-10-25 12:58:37',1),(133,88,NULL,'88','PAT','COMPLETED','Alok Ranjan','2010-10-25 13:01:39',50,NULL,NULL,NULL,NULL,NULL,663,'Alok Ranjan','2010-10-25 13:01:39',1),(134,89,NULL,'89','PAT','COMPLETED','Alok Ranjan','2010-10-26 06:18:18',50,NULL,NULL,NULL,NULL,NULL,664,'Alok Ranjan','2010-10-26 06:18:18',1),(135,90,NULL,'90','PAT','COMPLETED','Alok Ranjan','2010-10-27 06:52:42',50,NULL,NULL,NULL,NULL,NULL,665,'Alok Ranjan','2010-10-27 06:52:42',1),(136,90,NULL,'50','OPD','COMPLETED','Alok Ranjan','2010-10-27 06:53:57',200,NULL,NULL,NULL,NULL,NULL,665,'Alok Ranjan','2010-10-27 06:53:57',1),(137,79,NULL,'46','OPD','CREATED','Alok Ranjan','2010-10-27 11:56:00',25000,NULL,NULL,NULL,NULL,NULL,665,NULL,NULL,0),(138,79,NULL,'46','OPD','CREATED','Alok Ranjan','2010-10-27 11:58:35',500,NULL,NULL,NULL,NULL,NULL,665,NULL,NULL,0),(139,79,NULL,'46','OPD','CREATED','Alok Ranjan','2010-10-27 11:59:13',25000,NULL,NULL,NULL,NULL,NULL,665,NULL,NULL,0),(140,79,NULL,'46','OPD','CREATED','Alok Ranjan','2010-10-27 12:30:52',25000,NULL,NULL,NULL,NULL,NULL,665,NULL,NULL,0),(141,2,NULL,'1','OPD','CREATED','ajit kumar','2010-10-27 13:35:17',25000,NULL,NULL,NULL,NULL,NULL,665,NULL,NULL,0),(142,79,NULL,'46','OPD','CREATED','Alok Ranjan','2010-10-27 13:31:56',25000,NULL,NULL,NULL,NULL,NULL,665,NULL,NULL,0),(143,79,NULL,'46','OPD','CREATED','Alok Ranjan','2010-10-27 13:32:36',26200,NULL,NULL,NULL,NULL,NULL,665,NULL,NULL,0),(144,79,NULL,'46','OPD','CREATED','Alok Ranjan','2010-10-27 13:33:06',25000,NULL,NULL,NULL,NULL,NULL,665,NULL,NULL,0),(145,79,NULL,'79','PAT','CREATED','Alok Ranjan','2010-10-27 13:33:54',25000,NULL,NULL,NULL,NULL,NULL,665,NULL,NULL,0),(146,41,NULL,'41','PAT','CREATED','Alok Ranjan','2010-10-27 14:25:48',26200,NULL,NULL,NULL,NULL,NULL,665,NULL,NULL,0),(147,44,NULL,'44','PAT','CREATED','Alok Ranjan','2010-10-27 14:26:35',26200,NULL,NULL,NULL,NULL,NULL,665,NULL,NULL,0),(148,44,NULL,'44','PAT','CREATED','Alok Ranjan','2010-10-27 14:29:15',26200,NULL,NULL,NULL,NULL,NULL,665,NULL,NULL,0),(149,79,NULL,'46','OPD','CREATED','Alok Ranjan','2010-10-27 14:33:08',25500,NULL,NULL,NULL,NULL,NULL,665,NULL,NULL,0),(150,79,NULL,'46','OPD','CREATED','Alok Ranjan','2010-10-27 14:36:06',25500,NULL,NULL,NULL,NULL,NULL,665,NULL,NULL,0),(151,44,NULL,'44','PAT','CREATED','Alok Ranjan','2010-10-27 14:36:57',25500,NULL,NULL,NULL,NULL,NULL,665,NULL,NULL,0),(152,48,NULL,'48','PAT','CREATED','Alok Ranjan','2010-10-27 14:42:02',25500,NULL,NULL,NULL,NULL,NULL,665,NULL,NULL,0),(153,48,NULL,'48','PAT','CREATED','Alok Ranjan','2010-10-27 14:42:25',25500,NULL,NULL,NULL,NULL,NULL,665,NULL,NULL,0),(154,79,NULL,'46','OPD','CREATED','Alok Ranjan','2010-10-27 15:18:46',1700,NULL,NULL,NULL,NULL,NULL,665,NULL,NULL,0),(155,79,NULL,'46','OPD','CREATED','Alok Ranjan','2010-10-27 15:20:40',25500,NULL,NULL,NULL,NULL,NULL,665,NULL,NULL,0),(156,79,NULL,'46','OPD','CREATED','Alok Ranjan','2010-10-27 15:30:28',1700,NULL,NULL,NULL,NULL,NULL,665,NULL,NULL,0),(157,79,NULL,'46','OPD','CREATED','Alok Ranjan','2010-10-27 15:35:17',25500,NULL,NULL,NULL,NULL,NULL,665,NULL,NULL,0),(158,79,NULL,'46','OPD','CREATED','Alok Ranjan','2010-10-27 15:37:21',26200,NULL,NULL,NULL,NULL,NULL,665,NULL,NULL,0),(159,79,NULL,'46','OPD','CREATED','Alok Ranjan','2010-10-28 04:57:01',26200,NULL,NULL,NULL,NULL,NULL,666,NULL,NULL,0),(160,79,NULL,'46','OPD','CREATED','Alok Ranjan','2010-10-28 05:01:11',1700,NULL,NULL,NULL,NULL,NULL,666,NULL,NULL,0),(161,79,NULL,'46','OPD','CREATED','Alok Ranjan','2010-10-28 05:03:50',1700,NULL,NULL,NULL,NULL,NULL,666,NULL,NULL,0),(162,79,NULL,'46','OPD','CREATED','Alok Ranjan','2010-10-28 05:07:46',25500,NULL,NULL,NULL,NULL,NULL,666,NULL,NULL,0),(163,79,NULL,'46','OPD','CREATED','Alok Ranjan','2010-10-28 05:10:12',25500,NULL,NULL,NULL,NULL,NULL,666,NULL,NULL,0),(164,79,NULL,'46','OPD','CREATED','Alok Ranjan','2010-10-28 05:14:11',25500,NULL,NULL,NULL,NULL,NULL,666,NULL,NULL,0),(165,79,NULL,'46','OPD','CREATED','Alok Ranjan','2010-10-28 05:20:35',25500,NULL,NULL,NULL,NULL,NULL,666,NULL,NULL,0),(166,79,NULL,'46','OPD','CREATED','Alok Ranjan','2010-10-28 05:25:08',25500,NULL,NULL,NULL,NULL,NULL,666,NULL,NULL,0),(167,79,NULL,'46','OPD','CREATED','Alok Ranjan','2010-10-28 05:32:29',25500,NULL,NULL,NULL,NULL,NULL,666,NULL,NULL,0),(168,79,NULL,'46','OPD','CREATED','Alok Ranjan','2010-10-28 05:42:34',25500,NULL,NULL,NULL,NULL,NULL,666,NULL,NULL,0),(169,79,NULL,'46','OPD','CREATED','Alok Ranjan','2010-10-28 05:42:59',2200,NULL,NULL,NULL,NULL,NULL,666,NULL,NULL,0),(170,79,NULL,'46','OPD','CREATED','Alok Ranjan','2010-10-28 05:44:46',26200,NULL,NULL,NULL,NULL,NULL,666,NULL,NULL,0),(171,79,NULL,'46','OPD','CREATED','Alok Ranjan','2010-10-28 05:50:20',1700,NULL,NULL,NULL,NULL,NULL,666,NULL,NULL,0),(172,79,NULL,'46','OPD','CREATED','Alok Ranjan','2010-10-28 05:54:58',26200,NULL,NULL,NULL,NULL,NULL,666,NULL,NULL,0),(173,79,NULL,'46','OPD','CREATED','Alok Ranjan','2010-10-28 05:58:25',25500,NULL,NULL,NULL,NULL,NULL,666,NULL,NULL,0),(174,79,NULL,'46','OPD','CREATED','Alok Ranjan','2010-10-28 05:59:59',25500,NULL,NULL,NULL,NULL,NULL,666,NULL,NULL,0),(175,78,NULL,'45','OPD','CREATED','Alok Ranjan','2010-10-28 06:09:07',26200,NULL,NULL,NULL,NULL,NULL,666,NULL,NULL,0),(176,78,NULL,'45','OPD','CREATED','Alok Ranjan','2010-10-28 06:11:10',1700,NULL,NULL,NULL,NULL,NULL,666,NULL,NULL,0),(177,79,NULL,'46','OPD','CREATED','Alok Ranjan','2010-10-28 06:11:38',25500,NULL,NULL,NULL,NULL,NULL,666,NULL,NULL,0),(178,78,NULL,'45','OPD','CREATED','Alok Ranjan','2010-10-28 06:14:19',1700,NULL,NULL,NULL,NULL,NULL,666,NULL,NULL,0),(179,74,NULL,'40','OPD','CREATED','Alok Ranjan','2010-10-28 06:16:35',1700,NULL,NULL,NULL,NULL,NULL,666,NULL,NULL,0),(180,74,NULL,'40','OPD','CREATED','Alok Ranjan','2010-10-28 06:19:27',50500,NULL,NULL,NULL,NULL,NULL,666,NULL,NULL,0),(181,74,NULL,'40','OPD','CREATED','Alok Ranjan','2010-10-28 06:21:32',1500,NULL,NULL,NULL,NULL,NULL,666,NULL,NULL,0),(182,74,NULL,'40','OPD','CREATED','Alok Ranjan','2010-10-28 06:24:24',1000,NULL,NULL,NULL,NULL,NULL,666,NULL,NULL,0),(183,74,NULL,'40','OPD','CREATED','Alok Ranjan','2010-10-28 06:27:22',25500,NULL,NULL,NULL,NULL,NULL,666,NULL,NULL,0),(184,74,NULL,'40','OPD','CREATED','Alok Ranjan','2010-10-28 06:29:44',1900,NULL,NULL,NULL,NULL,NULL,666,NULL,NULL,0),(185,79,NULL,'46','OPD','CREATED','Alok Ranjan','2010-10-28 06:30:41',27000,NULL,NULL,NULL,NULL,NULL,666,NULL,NULL,0),(186,80,NULL,'49','OPD','CREATED','Alok Ranjan','2010-10-28 06:32:49',1400,NULL,NULL,NULL,NULL,NULL,666,NULL,NULL,0),(187,80,NULL,'49','OPD','CREATED','Alok Ranjan','2010-10-28 06:37:04',1900,NULL,NULL,NULL,NULL,NULL,666,NULL,NULL,0),(188,80,NULL,'49','OPD','CREATED','Alok Ranjan','2010-10-28 06:38:58',1900,NULL,NULL,NULL,NULL,NULL,666,NULL,NULL,0),(189,80,NULL,'49','OPD','CREATED','Alok Ranjan','2010-10-28 06:52:03',26500,NULL,NULL,NULL,NULL,NULL,666,NULL,NULL,0),(190,80,NULL,'49','OPD','CREATED','Alok Ranjan','2010-10-28 07:15:29',26700,NULL,NULL,NULL,NULL,NULL,666,NULL,NULL,0),(191,80,NULL,'49','OPD','CREATED','Alok Ranjan','2010-10-28 07:17:37',26000,NULL,NULL,NULL,NULL,NULL,666,NULL,NULL,0),(192,91,NULL,'91','PAT','COMPLETED','Alok Ranjan','2010-11-01 06:23:49',50,NULL,NULL,NULL,NULL,NULL,670,'Alok Ranjan','2010-11-01 06:23:49',1),(193,91,NULL,'51','OPD','COMPLETED','Alok Ranjan','2010-11-01 06:25:05',200,NULL,NULL,NULL,NULL,NULL,670,'Alok Ranjan','2010-11-01 06:25:05',1),(194,92,NULL,'92','PAT','COMPLETED','Alok Ranjan','2010-11-01 06:29:43',50,NULL,NULL,NULL,NULL,NULL,670,'Alok Ranjan','2010-11-01 06:29:43',1),(195,92,NULL,'52','OPD','COMPLETED','Alok Ranjan','2010-11-01 06:30:31',200,NULL,NULL,NULL,NULL,NULL,670,'Alok Ranjan','2010-11-01 06:30:31',1),(196,91,NULL,'53','OPD','COMPLETED','Alok Ranjan','2010-11-01 07:30:20',200,NULL,NULL,NULL,NULL,NULL,670,'Alok Ranjan','2010-11-01 07:30:21',1),(197,92,NULL,'54','OPD','COMPLETED','Alok Ranjan','2010-11-01 07:34:19',200,NULL,NULL,NULL,NULL,NULL,670,'Alok Ranjan','2010-11-01 07:34:19',1),(198,90,NULL,'55','OPD','COMPLETED','Alok Ranjan','2010-11-01 07:46:23',200,NULL,NULL,NULL,NULL,NULL,670,'Alok Ranjan','2010-11-01 07:46:23',1),(199,91,NULL,'56','OPD','COMPLETED','Alok Ranjan','2010-11-01 07:54:39',200,NULL,NULL,NULL,NULL,NULL,670,'Alok Ranjan','2010-11-01 07:54:39',1),(200,80,NULL,'57','OPD','COMPLETED','Alok Ranjan','2010-11-01 09:01:48',200,NULL,NULL,NULL,NULL,NULL,670,'Alok Ranjan','2010-11-01 09:01:48',1),(201,71,NULL,'58','OPD','COMPLETED','Alok Ranjan','2010-11-01 09:05:48',200,NULL,NULL,NULL,NULL,NULL,670,'Alok Ranjan','2010-11-01 09:05:48',1),(202,70,NULL,'59','OPD','COMPLETED','Alok Ranjan','2010-11-01 09:18:05',200,NULL,NULL,NULL,NULL,NULL,670,'Alok Ranjan','2010-11-01 09:18:05',1),(203,93,NULL,'93','PAT','COMPLETED','Alok Ranjan','2010-11-01 09:31:48',50,NULL,NULL,NULL,NULL,NULL,670,'Alok Ranjan','2010-11-01 09:31:49',1),(204,93,NULL,'60','OPD','COMPLETED','Alok Ranjan','2010-11-01 09:33:01',200,NULL,NULL,NULL,NULL,NULL,670,'Alok Ranjan','2010-11-01 09:33:01',1),(205,94,NULL,'94','PAT','COMPLETED','Alok Ranjan','2010-11-01 10:24:39',50,NULL,NULL,NULL,NULL,NULL,670,'Alok Ranjan','2010-11-01 10:24:39',1),(206,93,NULL,'61','OPD','COMPLETED','Alok Ranjan','2010-11-01 11:58:47',200,NULL,NULL,NULL,NULL,NULL,670,'Alok Ranjan','2010-11-01 11:58:47',1),(207,95,NULL,'95','PAT','COMPLETED','Alok Ranjan','2010-11-01 13:06:17',50,NULL,NULL,NULL,NULL,NULL,670,'Alok Ranjan','2010-11-01 13:06:17',1),(208,95,NULL,'62','OPD','COMPLETED','Alok Ranjan','2010-11-01 13:07:32',200,NULL,NULL,NULL,NULL,NULL,670,'Alok Ranjan','2010-11-01 13:07:32',1),(209,54,NULL,'63','OPD','COMPLETED','Alok Ranjan','2010-11-01 13:14:41',200,NULL,NULL,NULL,NULL,NULL,670,'Alok Ranjan','2010-11-01 13:14:42',1),(210,5,NULL,'28','OPD','CREATED','Manish ','2010-11-01 14:52:04',500,NULL,NULL,NULL,NULL,NULL,670,NULL,NULL,0),(211,5,NULL,'28','OPD','CREATED','Manish ','2010-11-01 15:00:39',1200,NULL,NULL,NULL,NULL,NULL,670,NULL,NULL,0),(212,5,NULL,'28','OPD','CREATED','Manish ','2010-11-01 15:18:46',500,NULL,NULL,NULL,NULL,NULL,670,NULL,NULL,0),(213,5,NULL,'28','OPD','CREATED','Manish ','2010-11-01 15:20:12',25000,NULL,NULL,NULL,NULL,NULL,670,NULL,NULL,0),(214,5,NULL,'28','OPD','CREATED','Manish ','2010-11-01 15:24:49',25000,NULL,NULL,NULL,NULL,NULL,670,NULL,NULL,0),(215,5,NULL,'28','OPD','CREATED','Manish ','2010-11-01 15:26:07',25000,NULL,NULL,NULL,NULL,NULL,670,NULL,NULL,0),(216,5,NULL,'28','OPD','CREATED','Manish ','2010-11-01 15:27:03',500,NULL,NULL,NULL,NULL,NULL,670,NULL,NULL,0),(217,5,NULL,'28','OPD','CREATED','Manish ','2010-11-01 15:34:49',500,NULL,NULL,NULL,NULL,NULL,670,NULL,NULL,0),(218,5,NULL,'28','OPD','CREATED','Manish ','2010-11-01 15:56:51',1200,NULL,NULL,NULL,NULL,NULL,670,NULL,NULL,0),(219,96,NULL,'96','PAT','COMPLETED','ajit kumar','2010-11-02 03:59:59',50,NULL,NULL,NULL,NULL,NULL,671,'ajit kumar','2010-11-02 03:59:59',1),(220,97,NULL,'97','PAT','COMPLETED','Manish ','2010-11-02 04:38:05',50,NULL,NULL,NULL,NULL,NULL,671,'Manish ','2010-11-02 04:38:05',1),(221,97,NULL,'64','OPD','COMPLETED','Manish ','2010-11-03 12:03:34',200,NULL,NULL,NULL,NULL,NULL,672,'Manish ','2010-11-03 12:03:35',1),(222,79,NULL,'65','OPD','COMPLETED','Alok Ranjan','2010-11-08 09:23:37',200,NULL,NULL,NULL,NULL,NULL,677,'Alok Ranjan','2010-11-08 09:23:37',1),(223,98,NULL,'98','PAT','COMPLETED','Alok Ranjan','2010-11-08 09:31:10',50,NULL,NULL,NULL,NULL,NULL,677,'Alok Ranjan','2010-11-08 09:31:10',1),(224,99,NULL,'99','PAT','COMPLETED','Alok Ranjan','2010-11-08 09:32:35',50,NULL,NULL,NULL,NULL,NULL,677,'Alok Ranjan','2010-11-08 09:32:35',1),(225,100,NULL,'100','PAT','COMPLETED','Alok Ranjan','2010-11-08 09:40:21',50,NULL,NULL,NULL,NULL,NULL,677,'Alok Ranjan','2010-11-08 09:40:21',1),(226,101,NULL,'101','PAT','COMPLETED','Alok Ranjan','2010-11-08 09:52:08',50,NULL,NULL,NULL,NULL,NULL,677,'Alok Ranjan','2010-11-08 09:52:08',1),(227,102,NULL,'102','PAT','COMPLETED','Manish ','2010-11-09 05:53:28',50,NULL,NULL,NULL,NULL,NULL,678,'Manish ','2010-11-09 05:53:28',1),(228,102,NULL,'66','OPD','COMPLETED','Manish ','2010-11-09 05:58:23',200,NULL,NULL,NULL,NULL,NULL,678,'Manish ','2010-11-09 05:58:23',1),(229,103,NULL,'103','PAT','COMPLETED','Manish ','2010-11-09 06:35:00',50,NULL,NULL,NULL,NULL,NULL,678,'Manish ','2010-11-09 06:35:00',1),(230,103,NULL,'67','OPD','COMPLETED','Manish ','2010-11-09 06:36:18',200,NULL,NULL,NULL,NULL,NULL,678,'Manish ','2010-11-09 06:36:18',1),(231,70,NULL,'68','OPD','COMPLETED','Manish ','2010-11-09 10:18:38',200,NULL,NULL,NULL,NULL,NULL,678,'Manish ','2010-11-09 10:18:39',1),(232,103,NULL,'69','OPD','COMPLETED','Manish ','2010-11-09 10:21:47',200,NULL,NULL,NULL,NULL,NULL,678,'Manish ','2010-11-09 10:21:47',1),(233,103,NULL,'70','OPD','COMPLETED','Manish ','2010-11-09 10:23:46',200,NULL,NULL,NULL,NULL,NULL,678,'Manish ','2010-11-09 10:23:47',1),(234,92,NULL,'71','OPD','COMPLETED','Manish ','2010-11-09 10:35:21',200,NULL,NULL,NULL,NULL,NULL,678,'Manish ','2010-11-09 10:35:21',1),(235,104,NULL,'104','PAT','COMPLETED','ajit kumar','2010-11-10 07:18:27',50,NULL,NULL,NULL,NULL,NULL,679,'ajit kumar','2010-11-10 07:18:27',1),(236,104,NULL,'72','OPD','COMPLETED','ajit kumar','2010-11-10 07:19:57',200,NULL,NULL,NULL,NULL,NULL,679,'ajit kumar','2010-11-10 07:19:57',1),(237,104,NULL,'73','OPD','COMPLETED','Manish ','2010-11-29 10:42:35',200,NULL,NULL,NULL,NULL,NULL,698,'Manish ','2010-11-29 10:42:35',1),(238,10,NULL,'27','OPD','CANCELED','Bhavesh ','2010-12-30 03:55:28',500,NULL,NULL,NULL,NULL,NULL,729,'Bhavesh ','2010-12-30 06:05:40',1),(239,10,NULL,'27','OPD','CANCELED','Bhavesh ','2010-12-30 03:56:13',500,NULL,NULL,NULL,NULL,NULL,729,'Bhavesh ','2011-06-23 12:08:04',1);
/*!40000 ALTER TABLE `lab_requisition_order` ENABLE KEYS */;
UNLOCK TABLES;

--
-- Table structure for table `lab_specimen`
--

DROP TABLE IF EXISTS `lab_specimen`;
/*!40101 SET @saved_cs_client     = @@character_set_client */;
/*!40101 SET character_set_client = utf8 */;
CREATE TABLE `lab_specimen` (
  `SPECIMEN_ID` int(11) NOT NULL AUTO_INCREMENT,
  `SPECIMEN_NAME` varchar(80) COLLATE utf8_unicode_ci NOT NULL,
  `DESCRIPTION` varchar(256) COLLATE utf8_unicode_ci DEFAULT NULL,
  `CONTAINER_TYPE` varchar(40) COLLATE utf8_unicode_ci DEFAULT NULL,
  `CREATED_BY` varchar(80) COLLATE utf8_unicode_ci NOT NULL,
  `CREATION_DTM` timestamp NOT NULL DEFAULT CURRENT_TIMESTAMP,
  PRIMARY KEY (`SPECIMEN_ID`)
) ENGINE=InnoDB AUTO_INCREMENT=3 DEFAULT CHARSET=utf8 COLLATE=utf8_unicode_ci;
/*!40101 SET character_set_client = @saved_cs_client */;

--
-- Dumping data for table `lab_specimen`
--

LOCK TABLES `lab_specimen` WRITE;
/*!40000 ALTER TABLE `lab_specimen` DISABLE KEYS */;
INSERT INTO `lab_specimen` VALUES (1,'Blood','Blood',NULL,'Bhavesh','2010-04-04 13:44:40'),(2,'Serum','Serum',NULL,'Bhavesh','2010-04-04 13:44:40');
/*!40000 ALTER TABLE `lab_specimen` ENABLE KEYS */;
UNLOCK TABLES;

--
-- Table structure for table `lab_technique_reagent`
--

DROP TABLE IF EXISTS `lab_technique_reagent`;
/*!40101 SET @saved_cs_client     = @@character_set_client */;
/*!40101 SET character_set_client = utf8 */;
CREATE TABLE `lab_technique_reagent` (
  `ID` int(11) NOT NULL AUTO_INCREMENT,
  `NAME` varchar(120) COLLATE utf8_unicode_ci NOT NULL,
  `IS_TECHNIQUE` varchar(1) COLLATE utf8_unicode_ci NOT NULL,
  `DESCRIPTION` varchar(256) COLLATE utf8_unicode_ci DEFAULT NULL,
  `CREATED_BY` varchar(80) COLLATE utf8_unicode_ci NOT NULL,
  `CREATED_DTM` timestamp NOT NULL DEFAULT CURRENT_TIMESTAMP,
  `VERSION` int(11) NOT NULL,
  PRIMARY KEY (`ID`)
) ENGINE=InnoDB AUTO_INCREMENT=27 DEFAULT CHARSET=utf8 COLLATE=utf8_unicode_ci;
/*!40101 SET character_set_client = @saved_cs_client */;

--
-- Dumping data for table `lab_technique_reagent`
--

LOCK TABLES `lab_technique_reagent` WRITE;
/*!40000 ALTER TABLE `lab_technique_reagent` DISABLE KEYS */;
INSERT INTO `lab_technique_reagent` VALUES (14,'CLIA','Y','Diagnostic Testing for Influenza','ajit kumar','2010-05-19 13:31:40',0),(15,'ELISA','N','Enzyme-linked immunosorbent assay ','ajit kumar','2010-05-19 13:33:13',4),(17,'Flow Cytometry ','Y','Flow Cytometry ','Alok Ranjan','2010-05-25 06:54:56',0),(18,'Spectrophotometry','Y','Spectrophotometry','Alok Ranjan','2010-05-25 07:57:09',0),(19,'Immunoturbidometry','Y','Immunoturbidometry','Alok Ranjan','2010-05-25 07:57:27',0),(20,'Chemiluminescent Immunoassay ','Y','Chemiluminescent Immunoassay ','Alok Ranjan','2010-05-25 07:58:02',0),(21,'Enzyme Immunoassay ','Y','Enzyme Immunoassay ','Alok Ranjan','2010-05-25 07:58:36',0),(22,'Strip Test ','Y','Strip test ','Alok Ranjan','2010-05-25 07:59:24',0),(23,'Radiobinding Assay ','Y','Radiobinding Assay ','Alok Ranjan','2010-05-25 08:00:42',0),(24,'PEG Precipitation','Y','PEG Precipitation','Alok Ranjan','2010-05-25 08:02:14',0),(25,'IIFA','Y','Indirect Immuno fluorescence Assay ','Alok Ranjan','2010-05-25 08:02:43',2),(26,'MEIA','Y','Microparticle Enzyme Immuno Assay ','Alok Ranjan','2010-05-25 09:10:08',1);
/*!40000 ALTER TABLE `lab_technique_reagent` ENABLE KEYS */;
UNLOCK TABLES;

--
-- Table structure for table `lab_template_widget`
--

DROP TABLE IF EXISTS `lab_template_widget`;
/*!40101 SET @saved_cs_client     = @@character_set_client */;
/*!40101 SET character_set_client = utf8 */;
CREATE TABLE `lab_template_widget` (
  `WIDGET_CODE` varchar(30) COLLATE utf8_unicode_ci NOT NULL,
  `WIDGET_LABEL` varchar(120) COLLATE utf8_unicode_ci NOT NULL,
  `ATTRIBUTE_CODE` varchar(40) COLLATE utf8_unicode_ci DEFAULT NULL,
  `WIDGET_TYPE` varchar(40) COLLATE utf8_unicode_ci NOT NULL,
  `SECTION_CODE` varchar(15) COLLATE utf8_unicode_ci NOT NULL,
  `VALUE_TYPE` varchar(20) COLLATE utf8_unicode_ci NOT NULL,
  `WIDGET_VALUE_PROVIDER` varchar(120) COLLATE utf8_unicode_ci DEFAULT NULL,
  PRIMARY KEY (`WIDGET_CODE`),
  KEY `ATTRIBUTE_CODE` (`ATTRIBUTE_CODE`),
  CONSTRAINT `lab_template_widget_ibfk_1` FOREIGN KEY (`ATTRIBUTE_CODE`) REFERENCES `lab_test_attribute` (`ATTRIBUTE_CODE`)
) ENGINE=InnoDB DEFAULT CHARSET=utf8 COLLATE=utf8_unicode_ci;
/*!40101 SET character_set_client = @saved_cs_client */;

--
-- Dumping data for table `lab_template_widget`
--

LOCK TABLES `lab_template_widget` WRITE;
/*!40000 ALTER TABLE `lab_template_widget` DISABLE KEYS */;
INSERT INTO `lab_template_widget` VALUES ('approverDateAndTime','Date & time',NULL,'label','SECTION_5','DATETIME',NULL),('approverName','Approver name',NULL,'string','SECTION_5','TEXT',NULL),('approverSignature','Approver signature',NULL,'label','SECTION_5','TEXT',NULL),('doctorId','Doctor id',NULL,'number','SECTION_2','NUMERIC','getDoctorId'),('doctorName','Doctor name',NULL,'string','SECTION_2','TEXT','getFirstName'),('doctorQualification','Qualification',NULL,'string','SECTION_2','TEXT','getDoctorDetail.getQualification'),('doctorWorkExperience','Work experience',NULL,'string','SECTION_2','TEXT','getDoctorDetail.getWorkExperience'),('HG','Himoglobin','HG','number','SECTION_3','NUMERIC',NULL),('investigatorName','Investigator name',NULL,'string','SECTION_4','TEXT',NULL),('patientEmailId','Email id',NULL,'string','SECTION_1','TEXT','getContactDetailsBM.getEmail'),('patientId','Patient id',NULL,'number','SECTION_1','NUMERIC','getPatientId'),('patientMobileNbr','Mobile nbr',NULL,'number','SECTION_1','NUMERIC','getContactDetailsBM.getMobileNumber'),('patientName','Patient name',NULL,'string','SECTION_1','TEXT','getFullName'),('patientPhoneNbr','Phone nbr',NULL,'number','SECTION_1','NUMERIC','getContactDetailsBM.getPhoneNumber'),('Pulse','Pulse','Pulse','number','SECTION_3','NUMERIC',NULL),('REMARKS','Remarks','REMARKS','string','SECTION_3','TEXT',NULL),('testName','Test name',NULL,'string','SECTION_4','TEXT','getLabTest.getTestName');
/*!40000 ALTER TABLE `lab_template_widget` ENABLE KEYS */;
UNLOCK TABLES;

--
-- Table structure for table `lab_test`
--

DROP TABLE IF EXISTS `lab_test`;
/*!40101 SET @saved_cs_client     = @@character_set_client */;
/*!40101 SET character_set_client = utf8 */;
CREATE TABLE `lab_test` (
  `TEST_NAME` varchar(290) COLLATE utf8_unicode_ci NOT NULL,
  `TEST_CODE` varchar(40) COLLATE utf8_unicode_ci NOT NULL,
  `TECHNIQUE_ID` int(11) NOT NULL,
  `TEST_TYPE` varchar(40) COLLATE utf8_unicode_ci NOT NULL,
  `AVAILABLE_FOR_GENDER` varchar(10) COLLATE utf8_unicode_ci NOT NULL DEFAULT 'Both',
  `LAB_ID` varchar(40) COLLATE utf8_unicode_ci NOT NULL,
  `PRE_REQUISITE` varchar(1024) COLLATE utf8_unicode_ci DEFAULT NULL,
  `MIN_TIME_REQUIRED` varchar(40) COLLATE utf8_unicode_ci NOT NULL,
  `REVIEW_REQUIRED` varchar(1) COLLATE utf8_unicode_ci NOT NULL,
  `DEFAULT_REVIEWER_ID` varchar(80) COLLATE utf8_unicode_ci DEFAULT NULL,
  `RESULT_TEMPLATE_ID` int(11) DEFAULT NULL,
  `CREATED_BY` varchar(40) COLLATE utf8_unicode_ci NOT NULL,
  `CREATED_DTM` timestamp NOT NULL DEFAULT CURRENT_TIMESTAMP,
  `MODIFIED_BY` varchar(40) COLLATE utf8_unicode_ci DEFAULT NULL,
  `MODIFIED_DTM` timestamp NULL DEFAULT NULL,
  `VERSION` int(11) NOT NULL,
  PRIMARY KEY (`TEST_CODE`),
  KEY `LAB_ID_FK` (`LAB_ID`),
  KEY `TECHNIQUE_ID_FK` (`TECHNIQUE_ID`),
  KEY `RESULT_TEMPLATE_ID_FK` (`RESULT_TEMPLATE_ID`),
  CONSTRAINT `lab_test_ibfk_1` FOREIGN KEY (`TEST_CODE`) REFERENCES `service` (`SERVICE_CODE`),
  CONSTRAINT `lab_test_ibfk_2` FOREIGN KEY (`TECHNIQUE_ID`) REFERENCES `lab_technique_reagent` (`ID`),
  CONSTRAINT `lab_test_ibfk_3` FOREIGN KEY (`LAB_ID`) REFERENCES `lab_details` (`LAB_ID`),
  CONSTRAINT `lab_test_ibfk_4` FOREIGN KEY (`RESULT_TEMPLATE_ID`) REFERENCES `lab_test_template` (`TEMPLATE_ID`)
) ENGINE=InnoDB DEFAULT CHARSET=utf8 COLLATE=utf8_unicode_ci;
/*!40101 SET character_set_client = @saved_cs_client */;

--
-- Dumping data for table `lab_test`
--

LOCK TABLES `lab_test` WRITE;
/*!40000 ALTER TABLE `lab_test` DISABLE KEYS */;
INSERT INTO `lab_test` VALUES ('HIVTest','1',15,'Default','BOTH','LAB_7','','','Y','',44,'ajit kumar','2010-07-20 05:12:18','Bhavesh ','2010-07-20 08:24:21',5),('Complete Blood Picture','CBP',18,'Default','BOTH','LAB_2','','30 ','Y','Richard',46,'ajit kumar','2010-09-24 13:51:29',NULL,NULL,1),('ECG','ECG',22,'Default','BOTH','LAB_1','','','Y','',43,'Bhavesh ','2010-07-20 15:38:28','Bhavesh ','2010-07-27 06:13:42',15),('Eye Infection','Labtest1',21,'Default','BOTH','LAB-20','','','Y','',45,'ajit kumar','2010-07-20 06:27:25','ajit kumar','2010-07-20 08:58:12',3),('xray','xray',19,'Default','BOTH','LAB_7','','10am ','Y','',47,'Alok Ranjan','2010-10-14 05:56:51',NULL,NULL,1);
/*!40000 ALTER TABLE `lab_test` ENABLE KEYS */;
UNLOCK TABLES;

--
-- Table structure for table `lab_test_attribute`
--

DROP TABLE IF EXISTS `lab_test_attribute`;
/*!40101 SET @saved_cs_client     = @@character_set_client */;
/*!40101 SET character_set_client = utf8 */;
CREATE TABLE `lab_test_attribute` (
  `ATTRIBUTE_CODE` varchar(30) COLLATE utf8_unicode_ci NOT NULL,
  `ATTRIBUTE_NAME` varchar(150) COLLATE utf8_unicode_ci NOT NULL,
  `TYPE` varchar(40) COLLATE utf8_unicode_ci NOT NULL,
  `MIN_VALUE` double DEFAULT NULL,
  `MAX_VALUE` double DEFAULT NULL,
  `UNIT` varchar(80) COLLATE utf8_unicode_ci DEFAULT NULL,
  `OBSERVATION_VALUE` varchar(1024) COLLATE utf8_unicode_ci DEFAULT NULL COMMENT 'comma separated values',
  `CREATED_BY` varchar(40) COLLATE utf8_unicode_ci NOT NULL,
  `CREATED_DATE` timestamp NOT NULL DEFAULT CURRENT_TIMESTAMP,
  PRIMARY KEY (`ATTRIBUTE_CODE`)
) ENGINE=InnoDB DEFAULT CHARSET=utf8 COLLATE=utf8_unicode_ci;
/*!40101 SET character_set_client = @saved_cs_client */;

--
-- Dumping data for table `lab_test_attribute`
--

LOCK TABLES `lab_test_attribute` WRITE;
/*!40000 ALTER TABLE `lab_test_attribute` DISABLE KEYS */;
INSERT INTO `lab_test_attribute` VALUES ('HG','Himoglobin','NUMERIC',15000,20000,'COUNT',NULL,'Bhavesh ','2010-07-20 08:22:58'),('Pulse','Pulse','NUMERIC',50,100,'COUNT',NULL,'Bhavesh ','2010-07-21 11:57:13'),('REMARKS','Remarks','TEXT',NULL,NULL,NULL,NULL,'Bhavesh ','2010-05-31 06:05:51');
/*!40000 ALTER TABLE `lab_test_attribute` ENABLE KEYS */;
UNLOCK TABLES;

--
-- Table structure for table `lab_test_attribute_association`
--

DROP TABLE IF EXISTS `lab_test_attribute_association`;
/*!40101 SET @saved_cs_client     = @@character_set_client */;
/*!40101 SET character_set_client = utf8 */;
CREATE TABLE `lab_test_attribute_association` (
  `TEST_CODE` varchar(40) COLLATE utf8_unicode_ci NOT NULL,
  `TECHNIQUE_ID` int(11) NOT NULL,
  `ATTRIBUTE_CODE` varchar(40) COLLATE utf8_unicode_ci NOT NULL,
  `MIN_VALUE` double DEFAULT NULL,
  `MAX_VALUE` double DEFAULT NULL,
  `IS_MANDATORY` varchar(1) COLLATE utf8_unicode_ci DEFAULT NULL,
  `CREATED_BY` varchar(40) COLLATE utf8_unicode_ci NOT NULL,
  `CREATED_DTM` timestamp NOT NULL DEFAULT CURRENT_TIMESTAMP,
  `VERSION` int(11) NOT NULL,
  PRIMARY KEY (`TEST_CODE`,`ATTRIBUTE_CODE`,`TECHNIQUE_ID`),
  KEY `ATTRIBUTE_CODE` (`ATTRIBUTE_CODE`),
  CONSTRAINT `lab_test_attribute_association_ibfk_1` FOREIGN KEY (`ATTRIBUTE_CODE`) REFERENCES `lab_test_attribute` (`ATTRIBUTE_CODE`),
  CONSTRAINT `lab_test_attribute_association_ibfk_2` FOREIGN KEY (`TEST_CODE`) REFERENCES `lab_test` (`TEST_CODE`)
) ENGINE=InnoDB DEFAULT CHARSET=utf8 COLLATE=utf8_unicode_ci;
/*!40101 SET character_set_client = @saved_cs_client */;

--
-- Dumping data for table `lab_test_attribute_association`
--

LOCK TABLES `lab_test_attribute_association` WRITE;
/*!40000 ALTER TABLE `lab_test_attribute_association` DISABLE KEYS */;
INSERT INTO `lab_test_attribute_association` VALUES ('1',15,'HG',15000,20000,'Y','ajit kumar','2010-07-20 08:24:21',0),('ECG',22,'Pulse',NULL,NULL,'Y','Bhavesh ','2010-07-27 06:13:42',0),('Labtest1',21,'Pulse',50,100,'Y','ajit kumar','2010-07-20 08:58:12',0);
/*!40000 ALTER TABLE `lab_test_attribute_association` ENABLE KEYS */;
UNLOCK TABLES;

--
-- Table structure for table `lab_test_specimen_association`
--

DROP TABLE IF EXISTS `lab_test_specimen_association`;
/*!40101 SET @saved_cs_client     = @@character_set_client */;
/*!40101 SET character_set_client = utf8 */;
CREATE TABLE `lab_test_specimen_association` (
  `TEST_CODE` varchar(40) COLLATE utf8_unicode_ci NOT NULL,
  `SPECIMEN_ID` int(11) NOT NULL,
  `QUANTITY` int(10) DEFAULT NULL,
  `UNIT` varchar(30) COLLATE utf8_unicode_ci DEFAULT NULL,
  `IS_MANDATORY` varchar(1) COLLATE utf8_unicode_ci NOT NULL,
  `CREATED_BY` varchar(40) COLLATE utf8_unicode_ci NOT NULL,
  `CREATED_DTM` timestamp NOT NULL DEFAULT CURRENT_TIMESTAMP,
  `VERSION` int(11) NOT NULL,
  PRIMARY KEY (`TEST_CODE`,`SPECIMEN_ID`),
  KEY `SPECIMEN_ID` (`SPECIMEN_ID`)
) ENGINE=InnoDB DEFAULT CHARSET=utf8 COLLATE=utf8_unicode_ci;
/*!40101 SET character_set_client = @saved_cs_client */;

--
-- Dumping data for table `lab_test_specimen_association`
--

LOCK TABLES `lab_test_specimen_association` WRITE;
/*!40000 ALTER TABLE `lab_test_specimen_association` DISABLE KEYS */;
INSERT INTO `lab_test_specimen_association` VALUES ('1',1,1,'ml','Y','ajit kumar','2010-07-20 08:24:21',0),('Labtest1',1,2,'ml','Y','ajit kumar','2010-07-20 08:58:12',0);
/*!40000 ALTER TABLE `lab_test_specimen_association` ENABLE KEYS */;
UNLOCK TABLES;

--
-- Table structure for table `lab_test_technique_template`
--

DROP TABLE IF EXISTS `lab_test_technique_template`;
/*!40101 SET @saved_cs_client     = @@character_set_client */;
/*!40101 SET character_set_client = utf8 */;
CREATE TABLE `lab_test_technique_template` (
  `TEST_CODE` varchar(40) COLLATE utf8_unicode_ci NOT NULL,
  `TECHNIQUE_ID` int(11) NOT NULL,
  `TEMPLATE_ID` int(11) NOT NULL,
  `CREATED_DTM` timestamp NOT NULL DEFAULT CURRENT_TIMESTAMP,
  `CREATED_BY` varchar(80) COLLATE utf8_unicode_ci NOT NULL,
  PRIMARY KEY (`TEST_CODE`,`TECHNIQUE_ID`),
  KEY `TEMPLATE_ID_FK` (`TEMPLATE_ID`),
  KEY `TECHNIQUE_ID` (`TECHNIQUE_ID`),
  CONSTRAINT `lab_test_technique_template_ibfk_1` FOREIGN KEY (`TEST_CODE`) REFERENCES `lab_test` (`TEST_CODE`),
  CONSTRAINT `lab_test_technique_template_ibfk_2` FOREIGN KEY (`TECHNIQUE_ID`) REFERENCES `lab_test` (`TECHNIQUE_ID`),
  CONSTRAINT `lab_test_technique_template_ibfk_3` FOREIGN KEY (`TEMPLATE_ID`) REFERENCES `lab_technique_reagent` (`ID`)
) ENGINE=InnoDB DEFAULT CHARSET=utf8 COLLATE=utf8_unicode_ci;
/*!40101 SET character_set_client = @saved_cs_client */;

--
-- Dumping data for table `lab_test_technique_template`
--

LOCK TABLES `lab_test_technique_template` WRITE;
/*!40000 ALTER TABLE `lab_test_technique_template` DISABLE KEYS */;
/*!40000 ALTER TABLE `lab_test_technique_template` ENABLE KEYS */;
UNLOCK TABLES;

--
-- Table structure for table `lab_test_template`
--

DROP TABLE IF EXISTS `lab_test_template`;
/*!40101 SET @saved_cs_client     = @@character_set_client */;
/*!40101 SET character_set_client = utf8 */;
CREATE TABLE `lab_test_template` (
  `TEMPLATE_ID` int(11) NOT NULL AUTO_INCREMENT,
  `TEMPLATE_NAME` varchar(30) NOT NULL,
  `CREATED_BY` varchar(80) NOT NULL,
  `CREATED_DTM` timestamp NOT NULL DEFAULT CURRENT_TIMESTAMP,
  `LAST_MODIFIED_BY` varchar(80) DEFAULT NULL,
  `LAST_MODIFIED_DTM` timestamp NULL DEFAULT NULL,
  PRIMARY KEY (`TEMPLATE_ID`)
) ENGINE=InnoDB AUTO_INCREMENT=48 DEFAULT CHARSET=latin1;
/*!40101 SET character_set_client = @saved_cs_client */;

--
-- Dumping data for table `lab_test_template`
--

LOCK TABLES `lab_test_template` WRITE;
/*!40000 ALTER TABLE `lab_test_template` DISABLE KEYS */;
INSERT INTO `lab_test_template` VALUES (23,'TEAMPLATE-CT_SCAN','ajit kumar','2010-05-19 16:28:34','ajit kumar','2010-05-25 05:21:19'),(24,'TEAMPLATE-DIABTAIC','ajit kumar','2010-05-19 17:12:59',NULL,NULL),(25,'TEAMPLATE-ECG','ajit kumar','2010-05-19 17:18:56','Bhavesh ','2010-05-31 06:12:30'),(26,'TEAMPLATE-SUGAR_TEST','ajit kumar','2010-05-20 10:20:35','ajit kumar','2010-05-20 11:22:49'),(27,'TEAMPLATE-Abdomen Sono','Alok Ranjan','2010-05-21 21:51:41','Bhavesh ','2010-05-31 06:07:51'),(28,'TEAMPLATE-UltraSound','Alok Ranjan','2010-05-22 11:45:22','Bhavesh ','2010-05-24 16:12:03'),(29,'TEAMPLATE-AEC','Alok Ranjan','2010-05-24 14:36:41','Alok Ranjan','2010-05-24 15:48:31'),(30,'TEAMPLATE-ANC','Alok Ranjan','2010-05-25 05:35:35',NULL,NULL),(31,'TEAMPLATE-ALC','Alok Ranjan','2010-05-25 05:37:59',NULL,NULL),(32,'TEAMPLATE-ASPERGILLUS','Alok Ranjan','2010-05-25 06:02:35',NULL,NULL),(33,'TEAMPLATE-BLOOD_TEST','Alok Ranjan','2010-05-25 06:22:21','Bhavesh ','2010-05-31 06:10:31'),(34,'TEAMPLATE-STOOL','Alok Ranjan','2010-05-25 06:22:49','Alok Ranjan','2010-05-25 10:58:41'),(35,'TEAMPLATE-Urine','Alok Ranjan','2010-05-25 06:23:12','Alok Ranjan','2010-05-25 11:34:43'),(36,'TEAMPLATE-BPC','Alok Ranjan','2010-05-25 06:24:14','Bhavesh ','2010-05-31 06:17:06'),(37,'TEAMPLATE-AB-KILLER','Alok Ranjan','2010-05-25 06:57:38','ajit kumar','2010-06-15 09:09:59'),(38,'TEAMPLATE-CBP','ajit kumar','2010-05-29 11:23:46','Bhavesh ','2010-05-31 06:17:20'),(39,'TEAMPLATE-BoneT','ajit kumar','2010-06-18 15:14:04','ajit kumar','2010-06-18 15:15:49'),(40,'TEAMPLATE-ECG','Bhavesh ','2010-07-20 15:38:28',NULL,NULL),(41,'TEAMPLATE-ECG','Bhavesh ','2010-07-20 15:39:26',NULL,NULL),(42,'TEAMPLATE-ECG','Bhavesh ','2010-07-20 15:52:00',NULL,NULL),(43,'TEAMPLATE-ECG','Bhavesh ','2010-07-20 15:55:32','Bhavesh ','2010-07-21 11:55:49'),(44,'TEAMPLATE-1','ajit kumar','2010-07-20 05:12:18','ajit kumar','2010-10-05 05:05:29'),(45,'TEAMPLATE-Labtest1','ajit kumar','2010-07-20 06:27:25','ajit kumar','2010-07-20 09:02:42'),(46,'TEAMPLATE-CBP','ajit kumar','2010-09-24 13:51:29',NULL,NULL),(47,'TEAMPLATE-xray','Alok Ranjan','2010-10-14 05:56:51',NULL,NULL);
/*!40000 ALTER TABLE `lab_test_template` ENABLE KEYS */;
UNLOCK TABLES;

--
-- Table structure for table `lab_test_template_detail`
--

DROP TABLE IF EXISTS `lab_test_template_detail`;
/*!40101 SET @saved_cs_client     = @@character_set_client */;
/*!40101 SET character_set_client = utf8 */;
CREATE TABLE `lab_test_template_detail` (
  `TEMPLATE_ID` int(11) NOT NULL,
  `SECTION_CODE` varchar(30) NOT NULL,
  `CELL_ID` varchar(5) DEFAULT NULL,
  `SEQ_NBR` int(11) NOT NULL,
  `WIDGET_CODE` varchar(30) NOT NULL,
  `CREATED_DTM` timestamp NOT NULL DEFAULT CURRENT_TIMESTAMP,
  `CREATED_BY` varchar(80) NOT NULL,
  PRIMARY KEY (`TEMPLATE_ID`,`SECTION_CODE`,`SEQ_NBR`),
  CONSTRAINT `lab_test_template_detail_ibfk_1` FOREIGN KEY (`TEMPLATE_ID`) REFERENCES `lab_test_template` (`TEMPLATE_ID`)
) ENGINE=InnoDB DEFAULT CHARSET=latin1;
/*!40101 SET character_set_client = @saved_cs_client */;

--
-- Dumping data for table `lab_test_template_detail`
--

LOCK TABLES `lab_test_template_detail` WRITE;
/*!40000 ALTER TABLE `lab_test_template_detail` DISABLE KEYS */;
INSERT INTO `lab_test_template_detail` VALUES (40,'SECTION_1',NULL,1,'patientEmailId','2010-07-20 15:38:28','Bhavesh '),(40,'SECTION_1',NULL,2,'patientId','2010-07-20 15:38:28','Bhavesh '),(40,'SECTION_1',NULL,3,'patientMobileNbr','2010-07-20 15:38:28','Bhavesh '),(40,'SECTION_1',NULL,4,'patientName','2010-07-20 15:38:28','Bhavesh '),(40,'SECTION_1',NULL,5,'patientPhoneNbr','2010-07-20 15:38:28','Bhavesh '),(40,'SECTION_2',NULL,1,'doctorId','2010-07-20 15:38:28','Bhavesh '),(40,'SECTION_2',NULL,2,'doctorName','2010-07-20 15:38:28','Bhavesh '),(40,'SECTION_2',NULL,3,'doctorQualification','2010-07-20 15:38:28','Bhavesh '),(40,'SECTION_2',NULL,4,'doctorWorkExperience','2010-07-20 15:38:28','Bhavesh '),(40,'SECTION_3',NULL,1,'Pulse','2010-07-20 15:38:28','Bhavesh '),(40,'SECTION_3',NULL,2,'REMARKS','2010-07-20 15:38:28','Bhavesh '),(40,'SECTION_4',NULL,4,'investigatorName','2010-07-20 15:38:28','Bhavesh '),(40,'SECTION_4',NULL,5,'testName','2010-07-20 15:38:28','Bhavesh '),(40,'SECTION_5',NULL,1,'approverDateAndTime','2010-07-20 15:38:28','Bhavesh '),(40,'SECTION_5',NULL,2,'approverName','2010-07-20 15:38:28','Bhavesh '),(40,'SECTION_5',NULL,3,'approverSignature','2010-07-20 15:38:28','Bhavesh '),(41,'SECTION_1',NULL,1,'patientEmailId','2010-07-20 15:39:26','Bhavesh '),(41,'SECTION_1',NULL,2,'patientId','2010-07-20 15:39:26','Bhavesh '),(41,'SECTION_1',NULL,3,'patientMobileNbr','2010-07-20 15:39:26','Bhavesh '),(41,'SECTION_1',NULL,4,'patientName','2010-07-20 15:39:26','Bhavesh '),(41,'SECTION_1',NULL,5,'patientPhoneNbr','2010-07-20 15:39:26','Bhavesh '),(41,'SECTION_2',NULL,1,'doctorId','2010-07-20 15:39:26','Bhavesh '),(41,'SECTION_2',NULL,2,'doctorName','2010-07-20 15:39:26','Bhavesh '),(41,'SECTION_2',NULL,3,'doctorQualification','2010-07-20 15:39:26','Bhavesh '),(41,'SECTION_2',NULL,4,'doctorWorkExperience','2010-07-20 15:39:26','Bhavesh '),(41,'SECTION_4',NULL,4,'investigatorName','2010-07-20 15:39:26','Bhavesh '),(41,'SECTION_4',NULL,5,'testName','2010-07-20 15:39:26','Bhavesh '),(41,'SECTION_5',NULL,1,'approverDateAndTime','2010-07-20 15:39:26','Bhavesh '),(41,'SECTION_5',NULL,2,'approverName','2010-07-20 15:39:26','Bhavesh '),(41,'SECTION_5',NULL,3,'approverSignature','2010-07-20 15:39:26','Bhavesh '),(42,'SECTION_1',NULL,1,'patientEmailId','2010-07-20 15:52:00','Bhavesh '),(42,'SECTION_1',NULL,2,'patientId','2010-07-20 15:52:00','Bhavesh '),(42,'SECTION_1',NULL,3,'patientMobileNbr','2010-07-20 15:52:00','Bhavesh '),(42,'SECTION_1',NULL,4,'patientName','2010-07-20 15:52:00','Bhavesh '),(42,'SECTION_1',NULL,5,'patientPhoneNbr','2010-07-20 15:52:00','Bhavesh '),(42,'SECTION_2',NULL,1,'doctorId','2010-07-20 15:52:00','Bhavesh '),(42,'SECTION_2',NULL,2,'doctorName','2010-07-20 15:52:00','Bhavesh '),(42,'SECTION_2',NULL,3,'doctorQualification','2010-07-20 15:52:00','Bhavesh '),(42,'SECTION_2',NULL,4,'doctorWorkExperience','2010-07-20 15:52:00','Bhavesh '),(42,'SECTION_3',NULL,1,'Pulse','2010-07-20 15:52:00','Bhavesh '),(42,'SECTION_3',NULL,2,'REMARKS','2010-07-20 15:52:00','Bhavesh '),(42,'SECTION_4',NULL,4,'investigatorName','2010-07-20 15:52:00','Bhavesh '),(42,'SECTION_4',NULL,5,'testName','2010-07-20 15:52:00','Bhavesh '),(42,'SECTION_5',NULL,1,'approverDateAndTime','2010-07-20 15:52:00','Bhavesh '),(42,'SECTION_5',NULL,2,'approverName','2010-07-20 15:52:00','Bhavesh '),(42,'SECTION_5',NULL,3,'approverSignature','2010-07-20 15:52:00','Bhavesh '),(43,'SECTION_1',NULL,1,'patientEmailId','2010-07-21 11:55:49','Bhavesh '),(43,'SECTION_1',NULL,2,'patientId','2010-07-21 11:55:49','Bhavesh '),(43,'SECTION_1',NULL,3,'patientMobileNbr','2010-07-21 11:55:49','Bhavesh '),(43,'SECTION_1',NULL,4,'patientName','2010-07-21 11:55:49','Bhavesh '),(43,'SECTION_1',NULL,5,'patientPhoneNbr','2010-07-21 11:55:49','Bhavesh '),(43,'SECTION_2',NULL,1,'doctorId','2010-07-21 11:55:49','Bhavesh '),(43,'SECTION_2',NULL,2,'doctorName','2010-07-21 11:55:49','Bhavesh '),(43,'SECTION_2',NULL,3,'doctorQualification','2010-07-21 11:55:49','Bhavesh '),(43,'SECTION_2',NULL,4,'doctorWorkExperience','2010-07-21 11:55:49','Bhavesh '),(43,'SECTION_3',NULL,1,'Pulse','2010-07-21 11:55:49','Bhavesh '),(43,'SECTION_3',NULL,2,'REMARKS','2010-07-21 11:55:49','Bhavesh '),(43,'SECTION_4',NULL,4,'investigatorName','2010-07-21 11:55:49','Bhavesh '),(43,'SECTION_4',NULL,5,'testName','2010-07-21 11:55:49','Bhavesh '),(43,'SECTION_5',NULL,1,'approverDateAndTime','2010-07-21 11:55:49','Bhavesh '),(43,'SECTION_5',NULL,2,'approverName','2010-07-21 11:55:49','Bhavesh '),(43,'SECTION_5',NULL,3,'approverSignature','2010-07-21 11:55:49','Bhavesh '),(44,'SECTION_1',NULL,1,'patientEmailId','2010-10-05 05:05:29','ajit kumar'),(44,'SECTION_1',NULL,2,'patientId','2010-10-05 05:05:29','ajit kumar'),(44,'SECTION_1',NULL,3,'patientMobileNbr','2010-10-05 05:05:29','ajit kumar'),(44,'SECTION_1',NULL,4,'patientName','2010-10-05 05:05:29','ajit kumar'),(44,'SECTION_1',NULL,5,'patientPhoneNbr','2010-10-05 05:05:29','ajit kumar'),(44,'SECTION_2',NULL,1,'doctorId','2010-10-05 05:05:29','ajit kumar'),(44,'SECTION_2',NULL,2,'doctorName','2010-10-05 05:05:29','ajit kumar'),(44,'SECTION_2',NULL,3,'doctorQualification','2010-10-05 05:05:29','ajit kumar'),(44,'SECTION_2',NULL,4,'doctorWorkExperience','2010-10-05 05:05:29','ajit kumar'),(44,'SECTION_3',NULL,1,'HG','2010-10-05 05:05:29','ajit kumar'),(44,'SECTION_4',NULL,1,'investigatorName','2010-10-05 05:05:29','ajit kumar'),(44,'SECTION_4',NULL,2,'testName','2010-10-05 05:05:29','ajit kumar'),(44,'SECTION_5',NULL,1,'approverDateAndTime','2010-10-05 05:05:29','ajit kumar'),(44,'SECTION_5',NULL,2,'approverName','2010-10-05 05:05:29','ajit kumar'),(44,'SECTION_5',NULL,3,'approverSignature','2010-10-05 05:05:29','ajit kumar'),(45,'SECTION_1',NULL,1,'patientEmailId','2010-07-20 09:02:42','ajit kumar'),(45,'SECTION_1',NULL,2,'patientId','2010-07-20 09:02:42','ajit kumar'),(45,'SECTION_1',NULL,3,'patientMobileNbr','2010-07-20 09:02:42','ajit kumar'),(45,'SECTION_1',NULL,4,'patientName','2010-07-20 09:02:43','ajit kumar'),(45,'SECTION_1',NULL,5,'patientPhoneNbr','2010-07-20 09:02:43','ajit kumar'),(45,'SECTION_2',NULL,1,'doctorId','2010-07-20 09:02:43','ajit kumar'),(45,'SECTION_2',NULL,2,'doctorName','2010-07-20 09:02:43','ajit kumar'),(45,'SECTION_2',NULL,3,'doctorQualification','2010-07-20 09:02:43','ajit kumar'),(45,'SECTION_2',NULL,4,'doctorWorkExperience','2010-07-20 09:02:43','ajit kumar'),(45,'SECTION_3',NULL,1,'Pulse','2010-07-20 09:02:43','ajit kumar'),(45,'SECTION_4',NULL,1,'investigatorName','2010-07-20 09:02:43','ajit kumar'),(45,'SECTION_4',NULL,2,'testName','2010-07-20 09:02:43','ajit kumar'),(45,'SECTION_5',NULL,1,'approverDateAndTime','2010-07-20 09:02:43','ajit kumar'),(45,'SECTION_5',NULL,2,'approverName','2010-07-20 09:02:43','ajit kumar'),(45,'SECTION_5',NULL,3,'approverSignature','2010-07-20 09:02:43','ajit kumar'),(46,'SECTION_1',NULL,1,'patientEmailId','2010-09-24 13:51:29','ajit kumar'),(46,'SECTION_1',NULL,2,'patientId','2010-09-24 13:51:29','ajit kumar'),(46,'SECTION_1',NULL,3,'patientMobileNbr','2010-09-24 13:51:29','ajit kumar'),(46,'SECTION_1',NULL,4,'patientName','2010-09-24 13:51:29','ajit kumar'),(46,'SECTION_1',NULL,5,'patientPhoneNbr','2010-09-24 13:51:29','ajit kumar'),(46,'SECTION_2',NULL,1,'doctorId','2010-09-24 13:51:29','ajit kumar'),(46,'SECTION_2',NULL,2,'doctorName','2010-09-24 13:51:29','ajit kumar'),(46,'SECTION_2',NULL,3,'doctorQualification','2010-09-24 13:51:29','ajit kumar'),(46,'SECTION_2',NULL,4,'doctorWorkExperience','2010-09-24 13:51:29','ajit kumar'),(46,'SECTION_3',NULL,1,'REMARKS','2010-09-24 13:51:29','ajit kumar'),(46,'SECTION_4',NULL,4,'investigatorName','2010-09-24 13:51:29','ajit kumar'),(46,'SECTION_4',NULL,5,'testName','2010-09-24 13:51:29','ajit kumar'),(46,'SECTION_5',NULL,1,'approverDateAndTime','2010-09-24 13:51:29','ajit kumar'),(46,'SECTION_5',NULL,2,'approverName','2010-09-24 13:51:29','ajit kumar'),(46,'SECTION_5',NULL,3,'approverSignature','2010-09-24 13:51:29','ajit kumar'),(47,'SECTION_1',NULL,1,'patientEmailId','2010-10-14 05:56:51','Alok Ranjan'),(47,'SECTION_1',NULL,2,'patientId','2010-10-14 05:56:51','Alok Ranjan'),(47,'SECTION_1',NULL,3,'patientMobileNbr','2010-10-14 05:56:51','Alok Ranjan'),(47,'SECTION_1',NULL,4,'patientName','2010-10-14 05:56:51','Alok Ranjan'),(47,'SECTION_1',NULL,5,'patientPhoneNbr','2010-10-14 05:56:51','Alok Ranjan'),(47,'SECTION_2',NULL,1,'doctorId','2010-10-14 05:56:51','Alok Ranjan'),(47,'SECTION_2',NULL,2,'doctorName','2010-10-14 05:56:51','Alok Ranjan'),(47,'SECTION_2',NULL,3,'doctorQualification','2010-10-14 05:56:51','Alok Ranjan'),(47,'SECTION_2',NULL,4,'doctorWorkExperience','2010-10-14 05:56:51','Alok Ranjan'),(47,'SECTION_3',NULL,1,'REMARKS','2010-10-14 05:56:51','Alok Ranjan'),(47,'SECTION_4',NULL,4,'investigatorName','2010-10-14 05:56:51','Alok Ranjan'),(47,'SECTION_4',NULL,5,'testName','2010-10-14 05:56:51','Alok Ranjan'),(47,'SECTION_5',NULL,1,'approverDateAndTime','2010-10-14 05:56:51','Alok Ranjan'),(47,'SECTION_5',NULL,2,'approverName','2010-10-14 05:56:51','Alok Ranjan'),(47,'SECTION_5',NULL,3,'approverSignature','2010-10-14 05:56:51','Alok Ranjan');
/*!40000 ALTER TABLE `lab_test_template_detail` ENABLE KEYS */;
UNLOCK TABLES;

--
-- Table structure for table `marital`
--

DROP TABLE IF EXISTS `marital`;
/*!40101 SET @saved_cs_client     = @@character_set_client */;
/*!40101 SET character_set_client = utf8 */;
CREATE TABLE `marital` (
  `MARITAL_CODE` varchar(25) COLLATE utf8_unicode_ci NOT NULL,
  `DESCRIPTION` varchar(45) COLLATE utf8_unicode_ci DEFAULT NULL,
  `ACTIVE` varchar(1) COLLATE utf8_unicode_ci DEFAULT NULL,
  PRIMARY KEY (`MARITAL_CODE`)
) ENGINE=InnoDB DEFAULT CHARSET=utf8 COLLATE=utf8_unicode_ci;
/*!40101 SET character_set_client = @saved_cs_client */;

--
-- Dumping data for table `marital`
--

LOCK TABLES `marital` WRITE;
/*!40000 ALTER TABLE `marital` DISABLE KEYS */;
INSERT INTO `marital` VALUES ('DIVORCED','Divorced','Y'),('MARRIED','Married','Y'),('SEPARATED','Separated','Y'),('SINGLE','Single','Y'),('WIDOWED','Widowed','Y');
/*!40000 ALTER TABLE `marital` ENABLE KEYS */;
UNLOCK TABLES;

--
-- Table structure for table `medicine_type`
--

DROP TABLE IF EXISTS `medicine_type`;
/*!40101 SET @saved_cs_client     = @@character_set_client */;
/*!40101 SET character_set_client = utf8 */;
CREATE TABLE `medicine_type` (
  `MEDICINE_TYPE_CODE` varchar(25) COLLATE utf8_unicode_ci NOT NULL,
  `DESCRIPTION` varchar(45) COLLATE utf8_unicode_ci DEFAULT NULL,
  `ACTIVE` smallint(1) DEFAULT NULL,
  PRIMARY KEY (`MEDICINE_TYPE_CODE`)
) ENGINE=InnoDB DEFAULT CHARSET=utf8 COLLATE=utf8_unicode_ci;
/*!40101 SET character_set_client = @saved_cs_client */;

--
-- Dumping data for table `medicine_type`
--

LOCK TABLES `medicine_type` WRITE;
/*!40000 ALTER TABLE `medicine_type` DISABLE KEYS */;
INSERT INTO `medicine_type` VALUES ('CAPSULE','Capsule',1),('SYRUP','Syrup',1),('TABLET','Tablet',1);
/*!40000 ALTER TABLE `medicine_type` ENABLE KEYS */;
UNLOCK TABLES;

--
-- Table structure for table `medicines`
--

DROP TABLE IF EXISTS `medicines`;
/*!40101 SET @saved_cs_client     = @@character_set_client */;
/*!40101 SET character_set_client = utf8 */;
CREATE TABLE `medicines` (
  `MEDICINE_CODE` varchar(25) COLLATE utf8_unicode_ci NOT NULL,
  `MEDICINE_NAME` varchar(45) COLLATE utf8_unicode_ci DEFAULT NULL,
  `BRAND_CODE` varchar(25) COLLATE utf8_unicode_ci DEFAULT NULL,
  `STRENGTH` varchar(45) COLLATE utf8_unicode_ci DEFAULT NULL,
  `MEDICINE_TYPE_CODE` varchar(25) COLLATE utf8_unicode_ci DEFAULT NULL,
  `MAXIMUM_DOSAGE` varchar(45) COLLATE utf8_unicode_ci DEFAULT NULL,
  `ACTIVE` varchar(1) COLLATE utf8_unicode_ci DEFAULT NULL,
  `VERSION` int(11) NOT NULL,
  PRIMARY KEY (`MEDICINE_CODE`),
  KEY `Medicines_Medicine_Type_Code_FK` (`MEDICINE_TYPE_CODE`),
  KEY `Medicines_Brand_Code_FK` (`BRAND_CODE`),
  CONSTRAINT `medicines_ibfk_1` FOREIGN KEY (`BRAND_CODE`) REFERENCES `brand` (`BRAND_CODE`),
  CONSTRAINT `medicines_ibfk_2` FOREIGN KEY (`MEDICINE_TYPE_CODE`) REFERENCES `medicine_type` (`MEDICINE_TYPE_CODE`)
) ENGINE=InnoDB DEFAULT CHARSET=utf8 COLLATE=utf8_unicode_ci;
/*!40101 SET character_set_client = @saved_cs_client */;

--
-- Dumping data for table `medicines`
--

LOCK TABLES `medicines` WRITE;
/*!40000 ALTER TABLE `medicines` DISABLE KEYS */;
INSERT INTO `medicines` VALUES ('Artesunate','Artesunate','NOVA','50 mg','Tablet','2','N',1),('Atenolol','Atenolol','NOVA','200 mg','TABLET','3','Y',0),('Bromhexine','Bromhexine Syrup','AVEN','100 ml','Syrup','2','N',1),('Captopril','Captopril','NOVA','25 mg','TABLET','3','Y',0),('Carbmazepine','Carbmazepine','PFIZ','200 mg','TABLET','1','Y',0),('Kfex','Kofex','ALKE','25 mg','SYRUP','2','Y',0),('Ranitidine','Ranitidine','PFIZ','150 gm','TABLET','3','Y',0),('Zidovudine','Zidovudine','NOVA','100 mg','CAPSULE','2','Y',0);
/*!40000 ALTER TABLE `medicines` ENABLE KEYS */;
UNLOCK TABLES;

--
-- Table structure for table `mother_tongue`
--

DROP TABLE IF EXISTS `mother_tongue`;
/*!40101 SET @saved_cs_client     = @@character_set_client */;
/*!40101 SET character_set_client = utf8 */;
CREATE TABLE `mother_tongue` (
  `MOTHER_TONGUE_CODE` varchar(25) COLLATE utf8_unicode_ci NOT NULL,
  `DESCRIPTION` varchar(45) COLLATE utf8_unicode_ci DEFAULT NULL,
  `ACTIVE` smallint(1) DEFAULT NULL,
  `DEFAULT_CODE` smallint(1) DEFAULT NULL,
  PRIMARY KEY (`MOTHER_TONGUE_CODE`)
) ENGINE=InnoDB DEFAULT CHARSET=utf8 COLLATE=utf8_unicode_ci;
/*!40101 SET character_set_client = @saved_cs_client */;

--
-- Dumping data for table `mother_tongue`
--

LOCK TABLES `mother_tongue` WRITE;
/*!40000 ALTER TABLE `mother_tongue` DISABLE KEYS */;
INSERT INTO `mother_tongue` VALUES ('IN_AS','Assamese',1,0),('IN_BH','Bihari',1,0),('IN_BN','Bengali',1,0),('IN_GU','Gujrati',1,0),('IN_HI','Hindi',1,0),('IN_KS','Kashmiri',1,0),('IN_MR','Marathi',1,0),('IN_NE','Nepali',1,0),('IN_OR','Oriya',1,0),('IN_PA','Punjabi',1,0),('IN_SA','Sanskrit',1,0),('IN_SD','Sindhi',1,0),('IN_SI','Singhalese',1,0),('IN_TA','Tamil',1,0),('IN_TE','Telugu',1,0),('IN_UR','Urdu',1,0);
/*!40000 ALTER TABLE `mother_tongue` ENABLE KEYS */;
UNLOCK TABLES;

--
-- Table structure for table `nationality`
--

DROP TABLE IF EXISTS `nationality`;
/*!40101 SET @saved_cs_client     = @@character_set_client */;
/*!40101 SET character_set_client = utf8 */;
CREATE TABLE `nationality` (
  `NATIONALITY_CODE` varchar(25) COLLATE utf8_unicode_ci NOT NULL,
  `DESCRIPTION` varchar(45) COLLATE utf8_unicode_ci DEFAULT NULL,
  `ACTIVE` smallint(1) DEFAULT NULL,
  `DEFAULT_CODE` smallint(1) DEFAULT NULL,
  PRIMARY KEY (`NATIONALITY_CODE`)
) ENGINE=InnoDB DEFAULT CHARSET=utf8 COLLATE=utf8_unicode_ci;
/*!40101 SET character_set_client = @saved_cs_client */;

--
-- Dumping data for table `nationality`
--

LOCK TABLES `nationality` WRITE;
/*!40000 ALTER TABLE `nationality` DISABLE KEYS */;
INSERT INTO `nationality` VALUES ('IN','Indian',1,1),('MA','Malaysian',1,0),('US','American',1,0);
/*!40000 ALTER TABLE `nationality` ENABLE KEYS */;
UNLOCK TABLES;

--
-- Table structure for table `nursing_unit`
--

DROP TABLE IF EXISTS `nursing_unit`;
/*!40101 SET @saved_cs_client     = @@character_set_client */;
/*!40101 SET character_set_client = utf8 */;
CREATE TABLE `nursing_unit` (
  `UNIT_NAME` varchar(45) NOT NULL,
  `UNIT_DESCRIPTION` varchar(256) DEFAULT NULL,
  `UNIT_COORDINATOR_USER_ID` varchar(20) DEFAULT NULL,
  `UNIT_TYPE_CD` varchar(30) DEFAULT NULL,
  `VERSION` int(11) NOT NULL,
  PRIMARY KEY (`UNIT_NAME`),
  KEY `NU_UNIT_TYPE_CD_FK` (`UNIT_TYPE_CD`),
  CONSTRAINT `NU_UNIT_TYPE_CD_FK` FOREIGN KEY (`UNIT_TYPE_CD`) REFERENCES `nursing_unit_type` (`UNIT_TYPE_CD`) ON DELETE NO ACTION ON UPDATE NO ACTION
) ENGINE=InnoDB DEFAULT CHARSET=latin1;
/*!40101 SET character_set_client = @saved_cs_client */;

--
-- Dumping data for table `nursing_unit`
--

LOCK TABLES `nursing_unit` WRITE;
/*!40000 ALTER TABLE `nursing_unit` DISABLE KEYS */;
INSERT INTO `nursing_unit` VALUES ('NU1','General Unit1',NULL,'GENERAL',0),('NU2','Emergency Unit1',NULL,'EMERGENCY',0);
/*!40000 ALTER TABLE `nursing_unit` ENABLE KEYS */;
UNLOCK TABLES;

--
-- Table structure for table `nursing_unit_type`
--

DROP TABLE IF EXISTS `nursing_unit_type`;
/*!40101 SET @saved_cs_client     = @@character_set_client */;
/*!40101 SET character_set_client = utf8 */;
CREATE TABLE `nursing_unit_type` (
  `UNIT_TYPE_CD` varchar(30) NOT NULL,
  `UNIT_TYPE_DESC` varchar(256) DEFAULT NULL,
  `PARENT_UNIT_TYPE_CD` varchar(20) DEFAULT NULL,
  `TOTAL_BED_COUNT` int(11) NOT NULL,
  `AVAILABLE_BED_COUNT` int(11) NOT NULL,
  `THRESHOLD_FOR_CONFIRMATION` int(11) DEFAULT NULL,
  `THRESHOLD_FOR_WAITLIST` int(11) DEFAULT NULL,
  `MODIFIED_BY` varchar(20) DEFAULT NULL,
  `LAST_MODIFIED_DTM` timestamp NULL DEFAULT NULL,
  `CREATE_DATE` date NOT NULL,
  PRIMARY KEY (`UNIT_TYPE_CD`)
) ENGINE=InnoDB DEFAULT CHARSET=latin1;
/*!40101 SET character_set_client = @saved_cs_client */;

--
-- Dumping data for table `nursing_unit_type`
--

LOCK TABLES `nursing_unit_type` WRITE;
/*!40000 ALTER TABLE `nursing_unit_type` DISABLE KEYS */;
INSERT INTO `nursing_unit_type` VALUES ('DENTISTRY','Dentistry',NULL,0,0,NULL,NULL,NULL,'2009-11-05 16:25:37','2009-08-11'),('EMERGENCY','Emergency Unit','GENERAL',1,1,NULL,NULL,NULL,'2010-10-07 04:33:59','2009-08-11'),('GASTROSURGERY','Gastrosurgery',NULL,0,0,NULL,NULL,NULL,'2009-11-05 16:25:37','2009-08-11'),('GENERAL','General',NULL,4,1,NULL,NULL,NULL,'2010-10-07 09:17:59','2009-08-11'),('GENERAL_SURGERY_WARD','General surgery ward',NULL,0,0,NULL,NULL,NULL,'2009-11-05 16:25:37','2009-08-11'),('HEMATOLOGY','Hematology',NULL,0,0,NULL,NULL,NULL,'2009-11-05 16:25:37','2009-08-11'),('ICU','Intensive Care Units',NULL,0,0,NULL,NULL,NULL,'2009-11-05 16:25:53','2009-08-11'),('LIVER_DIGESTIVE','Liver & Digestive',NULL,0,0,NULL,NULL,NULL,'2009-11-05 16:25:37','2009-08-11'),('NEPHROLOGY_RENAL','Nephrology & Renal',NULL,0,0,NULL,NULL,NULL,'2009-11-05 16:25:37','2009-08-11'),('NEUROLOGY_NEUROSURGERY','Neurology & Neurosurgery',NULL,0,0,NULL,NULL,NULL,'2009-11-05 16:25:37','2009-08-11'),('OBSTETRICS_GYNAECOLOGY_WARD','Obstetrics & Gynaecology ward',NULL,0,0,NULL,NULL,NULL,'2009-11-05 16:25:37','2009-08-11'),('OUTPATIENT','Outpatients Unit','GENERAL',0,0,NULL,NULL,NULL,'2009-11-05 16:25:37','2009-08-11'),('PULMONOLOGY','Pulmonology',NULL,0,0,NULL,NULL,NULL,'2009-11-05 16:25:37','2009-08-11'),('THORIAC_SURGERY','Thoriac surgery',NULL,0,0,NULL,NULL,NULL,'2009-11-05 16:25:37','2009-08-11');
/*!40000 ALTER TABLE `nursing_unit_type` ENABLE KEYS */;
UNLOCK TABLES;

--
-- Table structure for table `observations`
--

DROP TABLE IF EXISTS `observations`;
/*!40101 SET @saved_cs_client     = @@character_set_client */;
/*!40101 SET character_set_client = utf8 */;
CREATE TABLE `observations` (
  `APPOINTMENT_NUMBER` int(11) NOT NULL,
  `OBSERVATION_SEQ_NO` varchar(20) COLLATE utf8_unicode_ci NOT NULL,
  `OBSERVED_BY` int(11) DEFAULT NULL,
  `OBSERVATIONS` varchar(1000) COLLATE utf8_unicode_ci DEFAULT NULL,
  `REMARKS` varchar(1000) COLLATE utf8_unicode_ci DEFAULT NULL,
  `CREATE_DTM` datetime DEFAULT NULL,
  `CREADTED_BY` varchar(45) COLLATE utf8_unicode_ci DEFAULT NULL,
  `LAST_MODIFIED_DTM` datetime DEFAULT NULL,
  `MODIFIED_BY` varchar(45) COLLATE utf8_unicode_ci DEFAULT NULL,
  `VERSION` int(11) NOT NULL,
  PRIMARY KEY (`OBSERVATION_SEQ_NO`,`APPOINTMENT_NUMBER`),
  KEY `Observations_Appointmnet_Number_FK` (`APPOINTMENT_NUMBER`),
  KEY `OBSERVED_BY` (`OBSERVED_BY`),
  CONSTRAINT `observations_ibfk_1` FOREIGN KEY (`APPOINTMENT_NUMBER`) REFERENCES `appointments` (`APPOINTMENT_NUMBER`),
  CONSTRAINT `observations_ibfk_2` FOREIGN KEY (`OBSERVED_BY`) REFERENCES `doctor` (`DOCTOR_ID`)
) ENGINE=InnoDB DEFAULT CHARSET=utf8 COLLATE=utf8_unicode_ci;
/*!40101 SET character_set_client = @saved_cs_client */;

--
-- Dumping data for table `observations`
--

LOCK TABLES `observations` WRITE;
/*!40000 ALTER TABLE `observations` DISABLE KEYS */;
INSERT INTO `observations` VALUES (7,'0',1,'<i><u>Patient had minor pain.</u></i><br><br><u><b>Based on test result further treatment will be planned.</b></u><br>',NULL,NULL,NULL,NULL,NULL,2),(18,'0',1,'Take rest<br>',NULL,NULL,NULL,NULL,NULL,1),(29,'0',2,'',NULL,NULL,NULL,NULL,NULL,0),(43,'0',2,'Having some leg problems. <br>',NULL,NULL,NULL,NULL,NULL,0),(46,'0',8,'<div style=\"background-color: rgb(255, 255, 255);\" align=\"left\"><ul><li><font color=\"#ff0000\" face=\"verdana\">?very week </font></li></ul></div>',NULL,NULL,NULL,NULL,NULL,0),(48,'0',8,'Take liquid food only<br>',NULL,NULL,NULL,NULL,NULL,0),(49,'0',8,'',NULL,NULL,NULL,NULL,NULL,0),(50,'0',8,'no absevation<br>',NULL,NULL,NULL,NULL,NULL,0),(62,'0',8,'',NULL,NULL,NULL,NULL,NULL,0),(73,'0',2,'Take rest<br>',NULL,NULL,NULL,NULL,NULL,0),(1,'1',1,'',NULL,'2010-07-20 06:40:49',NULL,NULL,NULL,0),(2,'1',1,'Need observation for two days.<br>',NULL,'2010-07-20 07:43:44',NULL,NULL,NULL,0),(3,'1',1,'',NULL,'2010-07-20 07:37:08',NULL,NULL,NULL,0),(4,'1',2,'',NULL,'2010-07-20 12:24:00',NULL,NULL,NULL,0),(5,'1',2,'',NULL,'2010-09-13 17:45:55',NULL,NULL,NULL,0),(6,'1',1,'',NULL,'2010-09-14 17:52:08',NULL,NULL,NULL,0),(7,'1',1,'',NULL,'2010-09-15 09:56:21',NULL,NULL,NULL,0),(8,'1',1,'',NULL,'2010-10-05 14:16:43',NULL,NULL,NULL,0),(22,'1',1,'',NULL,'2010-10-05 14:27:05',NULL,NULL,NULL,0),(26,'1',1,'',NULL,'2010-10-05 14:30:17',NULL,NULL,NULL,0),(37,'1',2,'',NULL,'2010-10-14 20:36:33',NULL,NULL,NULL,0),(38,'1',2,'he having some problems..<br>',NULL,'2010-10-18 09:58:47',NULL,NULL,NULL,0),(1,'2',1,'',NULL,'2010-07-20 06:46:08',NULL,NULL,NULL,0),(2,'2',1,'Need observation for two days.<br>',NULL,'2010-07-20 07:50:45',NULL,NULL,NULL,0),(3,'2',1,'No nee to take any abservation<br>',NULL,'2010-07-20 07:38:05',NULL,NULL,NULL,0),(4,'2',2,'ghgh',NULL,'2010-07-23 14:35:25',NULL,NULL,NULL,0),(5,'2',2,'',NULL,'2010-09-14 14:45:11',NULL,NULL,NULL,0),(6,'2',1,'',NULL,'2010-09-15 13:55:47',NULL,NULL,NULL,0),(1,'3',1,'',NULL,'2010-07-20 08:15:42',NULL,NULL,NULL,0),(2,'3',1,'Take two days observation<br>',NULL,'2010-07-20 08:14:24',NULL,NULL,NULL,0),(3,'3',1,'',NULL,'2010-07-20 07:39:52',NULL,NULL,NULL,0),(4,'3',2,'ghgh',NULL,'2010-07-23 14:40:12',NULL,NULL,NULL,0),(1,'4',1,'',NULL,'2010-07-20 08:16:49',NULL,NULL,NULL,0),(2,'4',1,'testing',NULL,'2010-07-23 13:51:10',NULL,NULL,NULL,0),(3,'4',1,'',NULL,'2010-07-20 07:40:46',NULL,NULL,NULL,0),(4,'4',2,'fhghgh',NULL,'2010-07-23 14:48:39',NULL,NULL,NULL,0),(1,'5',1,'testing',NULL,'2010-07-23 14:19:40',NULL,NULL,NULL,0),(3,'5',1,'test',NULL,'2010-07-23 15:01:09',NULL,NULL,NULL,0),(4,'5',2,'test test<br>',NULL,'2010-07-23 15:27:11',NULL,NULL,NULL,0),(1,'6',1,'testing',NULL,'2010-07-23 15:15:31',NULL,NULL,NULL,0),(4,'6',2,'test0',NULL,'2010-07-23 15:32:25',NULL,NULL,NULL,0);
/*!40000 ALTER TABLE `observations` ENABLE KEYS */;
UNLOCK TABLES;

--
-- Table structure for table `order_attribute_value`
--

DROP TABLE IF EXISTS `order_attribute_value`;
/*!40101 SET @saved_cs_client     = @@character_set_client */;
/*!40101 SET character_set_client = utf8 */;
CREATE TABLE `order_attribute_value` (
  `ORDER_NBR` int(11) NOT NULL,
  `ATTRIBUTE_NAME` varchar(35) NOT NULL,
  `ATTRIBUTE_VALUE` longtext,
  `LAST_MODIFIED_DTM` timestamp NULL DEFAULT NULL ON UPDATE CURRENT_TIMESTAMP,
  `VERSION` int(11) NOT NULL,
  PRIMARY KEY (`ORDER_NBR`,`ATTRIBUTE_NAME`),
  KEY `ORDER_ATTRIBUTE_VALUE_ATTRIBUTE_NAME_FK` (`ATTRIBUTE_NAME`),
  KEY `ORDER_ATTRIBUTE_VALUE_ORDER_NBR_KF` (`ORDER_NBR`),
  CONSTRAINT `order_attribute_value_ibfk_1` FOREIGN KEY (`ORDER_NBR`) REFERENCES `doctor_order` (`DOCTOR_ORDER_NBR`),
  CONSTRAINT `order_attribute_value_ibfk_2` FOREIGN KEY (`ATTRIBUTE_NAME`) REFERENCES `attribute` (`NAME`)
) ENGINE=InnoDB DEFAULT CHARSET=latin1;
/*!40101 SET character_set_client = @saved_cs_client */;

--
-- Dumping data for table `order_attribute_value`
--

LOCK TABLES `order_attribute_value` WRITE;
/*!40000 ALTER TABLE `order_attribute_value` DISABLE KEYS */;
INSERT INTO `order_attribute_value` VALUES (15,'agenda','',NULL,0),(15,'entryPoint','OPD',NULL,0),(15,'entryPointReference','',NULL,0),(15,'estimatedCost','',NULL,0),(15,'expectedAdmissionDate','20/07/2010 7:00 pm',NULL,0),(15,'expectedDischargeDate','20/07/2010 7:01 pm',NULL,0),(15,'reasonForAdmission','General Checkup',NULL,0),(15,'unitType','GENERAL',NULL,0),(16,'agenda','',NULL,0),(16,'entryPoint','OPD',NULL,0),(16,'entryPointReference','',NULL,0),(16,'estimatedCost','',NULL,0),(16,'expectedAdmissionDate','20/07/2010 6:59 pm',NULL,0),(16,'expectedDischargeDate','20/07/2010 7:00 pm',NULL,0),(16,'reasonForAdmission','',NULL,0),(16,'unitType','GENERAL',NULL,0),(17,'agenda','',NULL,0),(17,'entryPoint','OPD',NULL,0),(17,'entryPointReference','',NULL,0),(17,'estimatedCost','',NULL,0),(17,'expectedAdmissionDate','21/07/2010 11:50 am',NULL,0),(17,'expectedDischargeDate','21/07/2010 11:51 am',NULL,0),(17,'reasonForAdmission','',NULL,0),(17,'unitType','GENERAL',NULL,0),(20,'agenda','',NULL,0),(20,'entryPoint','OPD',NULL,0),(20,'entryPointReference','',NULL,0),(20,'estimatedCost','',NULL,0),(20,'expectedAdmissionDate','13/09/2010 5:26 pm',NULL,0),(20,'expectedDischargeDate','13/09/2010 5:27 pm',NULL,0),(20,'reasonForAdmission','',NULL,0),(20,'unitType','GENERAL',NULL,0),(25,'agenda','',NULL,0),(25,'entryPoint','OPD',NULL,0),(25,'entryPointReference','',NULL,0),(25,'estimatedCost','',NULL,0),(25,'expectedAdmissionDate','30/09/2010 5:11 pm',NULL,0),(25,'expectedDischargeDate','30/09/2010 5:12 pm',NULL,0),(25,'reasonForAdmission','',NULL,0),(25,'unitType','GENERAL',NULL,0),(26,'agenda','',NULL,0),(26,'entryPoint','OPD',NULL,0),(26,'entryPointReference','',NULL,0),(26,'estimatedCost','',NULL,0),(26,'expectedAdmissionDate','30/09/2010 5:20 pm',NULL,0),(26,'expectedDischargeDate','30/09/2010 5:21 pm',NULL,0),(26,'reasonForAdmission','',NULL,0),(26,'unitType','LIVER_DIGESTIVE',NULL,0),(27,'agenda','',NULL,0),(27,'entryPoint','OPD',NULL,0),(27,'entryPointReference','',NULL,0),(27,'estimatedCost','',NULL,0),(27,'expectedAdmissionDate','30/09/2010 5:21 pm',NULL,0),(27,'expectedDischargeDate','30/09/2010 5:22 pm',NULL,0),(27,'reasonForAdmission','',NULL,0),(27,'unitType','PULMONOLOGY',NULL,0),(28,'agenda','',NULL,0),(28,'entryPoint','OPD',NULL,0),(28,'entryPointReference','',NULL,0),(28,'estimatedCost','',NULL,0),(28,'expectedAdmissionDate','30/09/2010 5:35 pm',NULL,0),(28,'expectedDischargeDate','30/09/2010 5:36 pm',NULL,0),(28,'reasonForAdmission','',NULL,0),(28,'unitType','GENERAL_SURGERY_WARD',NULL,0),(29,'agenda','',NULL,0),(29,'entryPoint','OPD',NULL,0),(29,'entryPointReference','',NULL,0),(29,'estimatedCost','',NULL,0),(29,'expectedAdmissionDate','30/09/2010 5:39 pm',NULL,0),(29,'expectedDischargeDate','30/09/2010 5:40 pm',NULL,0),(29,'reasonForAdmission','',NULL,0),(29,'unitType','PULMONOLOGY',NULL,0),(30,'agenda','',NULL,0),(30,'entryPoint','OPD',NULL,0),(30,'entryPointReference','',NULL,0),(30,'estimatedCost','',NULL,0),(30,'expectedAdmissionDate','30/09/2010 5:54 pm',NULL,0),(30,'expectedDischargeDate','30/09/2010 5:55 pm',NULL,0),(30,'reasonForAdmission','',NULL,0),(30,'unitType','NEPHROLOGY_RENAL',NULL,0),(31,'agenda','',NULL,0),(31,'entryPoint','OPD',NULL,0),(31,'entryPointReference','',NULL,0),(31,'estimatedCost','',NULL,0),(31,'expectedAdmissionDate','30/09/2010 6:04 pm',NULL,0),(31,'expectedDischargeDate','30/09/2010 6:05 pm',NULL,0),(31,'reasonForAdmission','',NULL,0),(31,'unitType','OBSTETRICS_GYNAECOLOGY_WARD',NULL,0),(32,'agenda','',NULL,0),(32,'entryPoint','OPD',NULL,0),(32,'entryPointReference','',NULL,0),(32,'estimatedCost','',NULL,0),(32,'expectedAdmissionDate','30/09/2010 6:06 pm',NULL,0),(32,'expectedDischargeDate','30/09/2010 6:07 pm',NULL,0),(32,'reasonForAdmission','',NULL,0),(32,'unitType','OUTPATIENT',NULL,0),(33,'agenda','',NULL,0),(33,'entryPoint','OPD',NULL,0),(33,'entryPointReference','',NULL,0),(33,'estimatedCost','',NULL,0),(33,'expectedAdmissionDate','30/09/2010 6:08 pm',NULL,0),(33,'expectedDischargeDate','30/09/2010 6:09 pm',NULL,0),(33,'reasonForAdmission','',NULL,0),(33,'unitType','OUTPATIENT',NULL,0),(34,'agenda','',NULL,0),(34,'entryPoint','OPD',NULL,0),(34,'entryPointReference','',NULL,0),(34,'estimatedCost','',NULL,0),(34,'expectedAdmissionDate','30/09/2010 6:12 pm',NULL,0),(34,'expectedDischargeDate','30/09/2010 6:13 pm',NULL,0),(34,'reasonForAdmission','',NULL,0),(34,'unitType','LIVER_DIGESTIVE',NULL,0),(35,'agenda','',NULL,0),(35,'entryPoint','OPD',NULL,0),(35,'entryPointReference','',NULL,0),(35,'estimatedCost','',NULL,0),(35,'expectedAdmissionDate','30/09/2010 6:14 pm',NULL,0),(35,'expectedDischargeDate','30/09/2010 6:15 pm',NULL,0),(35,'reasonForAdmission','',NULL,0),(35,'unitType','NEUROLOGY_NEUROSURGERY',NULL,0),(36,'agenda','',NULL,0),(36,'entryPoint','OPD',NULL,0),(36,'entryPointReference','',NULL,0),(36,'estimatedCost','',NULL,0),(36,'expectedAdmissionDate','30/09/2010 6:21 pm',NULL,0),(36,'expectedDischargeDate','30/09/2010 6:22 pm',NULL,0),(36,'reasonForAdmission','',NULL,0),(36,'unitType','LIVER_DIGESTIVE',NULL,0),(37,'agenda','',NULL,0),(37,'entryPoint','OPD',NULL,0),(37,'entryPointReference','',NULL,0),(37,'estimatedCost','',NULL,0),(37,'expectedAdmissionDate','30/09/2010 6:22 pm',NULL,0),(37,'expectedDischargeDate','30/09/2010 6:23 pm',NULL,0),(37,'reasonForAdmission','',NULL,0),(37,'unitType','NEPHROLOGY_RENAL',NULL,0),(38,'agenda','','2010-10-01 03:55:37',0),(38,'entryPoint','OPD','2010-10-01 03:55:37',0),(38,'entryPointReference','','2010-10-01 03:55:37',0),(38,'estimatedCost','1000','2010-10-01 03:55:37',0),(38,'expectedAdmissionDate','01/10/2010 9:24 am','2010-10-01 03:55:37',0),(38,'expectedDischargeDate','01/10/2010 9:25 am','2010-10-01 03:55:37',0),(38,'reasonForAdmission','','2010-10-01 03:55:37',0),(38,'unitType','LIVER_DIGESTIVE','2010-10-01 03:55:37',0),(39,'dischargeSummary','','2010-10-01 04:23:39',0),(39,'dischargeType','AMA','2010-10-01 04:23:39',0),(39,'expectedDischargeDate','01/10/2010 9:49 am','2010-10-01 04:23:39',0),(40,'dischargeSummary','',NULL,0),(40,'dischargeType','HOME',NULL,0),(40,'expectedDischargeDate','01/10/2010 9:59 am',NULL,0),(41,'dischargeSummary','',NULL,0),(41,'dischargeType','HOME',NULL,0),(41,'expectedDischargeDate','01/10/2010 10:21 am',NULL,0),(44,'dischargeSummary','',NULL,0),(44,'dischargeType','HOME',NULL,0),(44,'expectedDischargeDate','06/10/2010 12:01 pm',NULL,0),(45,'dischargeSummary','',NULL,0),(45,'dischargeType','HOME',NULL,0),(45,'expectedDischargeDate','07/10/2010 12:00 am',NULL,0),(46,'agenda','',NULL,0),(46,'entryPoint','OPD',NULL,0),(46,'entryPointReference','',NULL,0),(46,'estimatedCost','',NULL,0),(46,'expectedAdmissionDate','06/10/2010 6:26 pm',NULL,0),(46,'expectedDischargeDate','06/10/2010 6:27 pm',NULL,0),(46,'reasonForAdmission','',NULL,0),(46,'unitType','GENERAL',NULL,0),(47,'dischargeSummary','',NULL,0),(47,'dischargeType','HOME',NULL,0),(47,'expectedDischargeDate','06/10/2010 6:35 pm',NULL,0),(48,'dischargeSummary','',NULL,0),(48,'dischargeType','HOME',NULL,0),(48,'expectedDischargeDate','06/10/2010 6:37 pm',NULL,0),(49,'dischargeSummary','',NULL,0),(49,'dischargeType','HOME',NULL,0),(49,'expectedDischargeDate','06/10/2010 6:36 pm',NULL,0),(50,'dischargeSummary','',NULL,0),(50,'dischargeType','HOME',NULL,0),(50,'expectedDischargeDate','06/10/2010 6:39 pm',NULL,0),(51,'agenda','',NULL,0),(51,'entryPoint','OPD',NULL,0),(51,'entryPointReference','',NULL,0),(51,'estimatedCost','',NULL,0),(51,'expectedAdmissionDate','06/10/2010 6:39 pm',NULL,0),(51,'expectedDischargeDate','07/10/2010 12:00 am',NULL,0),(51,'reasonForAdmission','',NULL,0),(51,'unitType','GENERAL',NULL,0),(52,'dischargeSummary','',NULL,0),(52,'dischargeType','HOME',NULL,0),(52,'expectedDischargeDate','07/10/2010 12:00 am',NULL,0),(53,'agenda','',NULL,0),(53,'entryPoint','OPD',NULL,0),(53,'entryPointReference','',NULL,0),(53,'estimatedCost','',NULL,0),(53,'expectedAdmissionDate','06/10/2010 11:52 pm',NULL,0),(53,'expectedDischargeDate','06/10/2010 11:53 pm',NULL,0),(53,'reasonForAdmission','',NULL,0),(53,'unitType','GENERAL',NULL,0),(54,'dischargeSummary','',NULL,0),(54,'dischargeType','HOME',NULL,0),(54,'expectedDischargeDate','07/10/2010 9:19 am',NULL,0),(55,'dischargeSummary','',NULL,0),(55,'dischargeType','HOME',NULL,0),(55,'expectedDischargeDate','07/10/2010 9:37 am',NULL,0),(56,'dischargeSummary','',NULL,0),(56,'dischargeType','HOME',NULL,0),(56,'expectedDischargeDate','07/10/2010 9:59 am',NULL,0),(57,'dischargeSummary','',NULL,0),(57,'dischargeType','HOME',NULL,0),(57,'expectedDischargeDate','07/10/2010 10:00 am',NULL,0),(58,'dischargeSummary','',NULL,0),(58,'dischargeType','HOME',NULL,0),(58,'expectedDischargeDate','07/10/2010 10:01 am',NULL,0),(59,'dischargeSummary','',NULL,0),(59,'dischargeType','HOME',NULL,0),(59,'expectedDischargeDate','07/10/2010 10:02 am',NULL,0),(60,'dischargeSummary','',NULL,0),(60,'dischargeType','HOME',NULL,0),(60,'expectedDischargeDate','07/10/2010 10:06 am',NULL,0),(61,'dischargeSummary','',NULL,0),(61,'dischargeType','HOME',NULL,0),(61,'expectedDischargeDate','07/10/2010 10:07 am',NULL,0),(62,'agenda','',NULL,0),(62,'entryPoint','OPD',NULL,0),(62,'entryPointReference','',NULL,0),(62,'estimatedCost','',NULL,0),(62,'expectedAdmissionDate','07/10/2010 10:24 am',NULL,0),(62,'expectedDischargeDate','07/10/2010 10:25 am',NULL,0),(62,'reasonForAdmission','',NULL,0),(62,'unitType','GENERAL',NULL,0),(63,'agenda','',NULL,0),(63,'entryPoint','OPD',NULL,0),(63,'entryPointReference','',NULL,0),(63,'estimatedCost','',NULL,0),(63,'expectedAdmissionDate','07/10/2010 10:28 am',NULL,0),(63,'expectedDischargeDate','07/10/2010 10:29 am',NULL,0),(63,'reasonForAdmission','',NULL,0),(63,'unitType','GENERAL',NULL,0),(64,'agenda','',NULL,0),(64,'entryPoint','OPD',NULL,0),(64,'entryPointReference','',NULL,0),(64,'estimatedCost','',NULL,0),(64,'expectedAdmissionDate','07/10/2010 11:13 am',NULL,0),(64,'expectedDischargeDate','07/10/2010 11:14 am',NULL,0),(64,'reasonForAdmission','',NULL,0),(64,'unitType','GENERAL',NULL,0),(65,'agenda','',NULL,0),(65,'entryPoint','OPD',NULL,0),(65,'entryPointReference','',NULL,0),(65,'estimatedCost','',NULL,0),(65,'expectedAdmissionDate','21/10/2010 5:07 pm',NULL,0),(65,'expectedDischargeDate','21/10/2010 5:08 pm',NULL,0),(65,'reasonForAdmission','',NULL,0),(65,'unitType','GENERAL',NULL,0),(66,'agenda','',NULL,0),(66,'entryPoint','OPD',NULL,0),(66,'entryPointReference','',NULL,0),(66,'estimatedCost','',NULL,0),(66,'expectedAdmissionDate','22/10/2010 3:16 pm',NULL,0),(66,'expectedDischargeDate','22/10/2010 3:17 pm',NULL,0),(66,'reasonForAdmission','',NULL,0),(66,'unitType','ICU',NULL,0);
/*!40000 ALTER TABLE `order_attribute_value` ENABLE KEYS */;
UNLOCK TABLES;

--
-- Table structure for table `order_type_has_attributes`
--

DROP TABLE IF EXISTS `order_type_has_attributes`;
/*!40101 SET @saved_cs_client     = @@character_set_client */;
/*!40101 SET character_set_client = utf8 */;
CREATE TABLE `order_type_has_attributes` (
  `ORDER_TYPE_CD` varchar(30) NOT NULL,
  `ATTRIBUTE_NAME` varchar(30) NOT NULL,
  `IS_MANDATORY` varchar(1) DEFAULT NULL,
  `SEQUENCE_NUMBER` int(5) DEFAULT NULL,
  `VERSION` int(11) NOT NULL,
  PRIMARY KEY (`ORDER_TYPE_CD`,`ATTRIBUTE_NAME`),
  KEY `ORDER_ATTRIBUTE_ORDER_TYPE_FK` (`ORDER_TYPE_CD`),
  KEY `ORDER_ATTRIBUTE_ATTRIBUTE_NAME_FK` (`ATTRIBUTE_NAME`),
  CONSTRAINT `order_type_has_attributes_ibfk_1` FOREIGN KEY (`ORDER_TYPE_CD`) REFERENCES `doctor_order_type` (`ORDER_TYPE_CD`),
  CONSTRAINT `order_type_has_attributes_ibfk_2` FOREIGN KEY (`ATTRIBUTE_NAME`) REFERENCES `attribute` (`NAME`)
) ENGINE=InnoDB DEFAULT CHARSET=latin1;
/*!40101 SET character_set_client = @saved_cs_client */;

--
-- Dumping data for table `order_type_has_attributes`
--

LOCK TABLES `order_type_has_attributes` WRITE;
/*!40000 ALTER TABLE `order_type_has_attributes` DISABLE KEYS */;
INSERT INTO `order_type_has_attributes` VALUES ('DISCHARGE','dischargeSummary','N',3,0),('DISCHARGE','dischargeType','Y',1,0),('DISCHARGE','expectedDischargeDate','N',2,0),('IP_ADMISSION','agenda','N',7,0),('IP_ADMISSION','entryPoint','N',5,0),('IP_ADMISSION','entryPointReference','N',6,0),('IP_ADMISSION','estimatedCost','N',3,0),('IP_ADMISSION','expectedAdmissionDate','Y',1,0),('IP_ADMISSION','expectedDischargeDate','N',2,0),('IP_ADMISSION','reasonForAdmission','N',9,0),('IP_ADMISSION','unitType','Y',4,0);
/*!40000 ALTER TABLE `order_type_has_attributes` ENABLE KEYS */;
UNLOCK TABLES;

--
-- Table structure for table `ot_booking`
--

DROP TABLE IF EXISTS `ot_booking`;
/*!40101 SET @saved_cs_client     = @@character_set_client */;
/*!40101 SET character_set_client = utf8 */;
CREATE TABLE `ot_booking` (
  `OT_BOOKING_NBR` bigint(20) NOT NULL AUTO_INCREMENT,
  `BED_RESERVATION_NBR` int(11) DEFAULT NULL,
  `DOCTOR_ID` int(11) NOT NULL,
  `SURGERY_CODE` varchar(35) CHARACTER SET utf8 COLLATE utf8_unicode_ci NOT NULL,
  `PATIENT_ID` int(11) NOT NULL,
  `REFERENCE_TYPE` varchar(30) DEFAULT NULL,
  `REFERENCE_NUMBER` varchar(30) DEFAULT NULL,
  `DEPOSIT_AMOUNT` double DEFAULT NULL,
  `OT_ID` varchar(30) CHARACTER SET utf8 COLLATE utf8_unicode_ci NOT NULL,
  `BOOKING_FROM_DTM` datetime NOT NULL,
  `BOOKING_TO_DTM` datetime NOT NULL,
  `BOOKING_STATUS` varchar(45) NOT NULL,
  `CREATED_BY` varchar(80) NOT NULL,
  `CRETED_DTM` timestamp NOT NULL DEFAULT CURRENT_TIMESTAMP,
  `MODIFIED_BY` varchar(80) DEFAULT NULL,
  `LAST_MODIFIED_DTM` timestamp NULL DEFAULT NULL,
  `VERSION` int(11) NOT NULL,
  PRIMARY KEY (`OT_BOOKING_NBR`),
  KEY `BED_RESERVATION_NBR` (`BED_RESERVATION_NBR`),
  KEY `OT_ID` (`OT_ID`),
  KEY `SURGERY_CODE` (`SURGERY_CODE`),
  CONSTRAINT `ot_booking_ibfk_1` FOREIGN KEY (`BED_RESERVATION_NBR`) REFERENCES `bed_reservation` (`BED_RESERVATION_NBR`),
  CONSTRAINT `ot_booking_ibfk_2` FOREIGN KEY (`SURGERY_CODE`) REFERENCES `ot_surgery` (`SURGERY_CODE`),
  CONSTRAINT `ot_booking_ibfk_3` FOREIGN KEY (`OT_ID`) REFERENCES `ot_detail` (`OT_ID`)
) ENGINE=InnoDB AUTO_INCREMENT=35 DEFAULT CHARSET=latin1;
/*!40101 SET character_set_client = @saved_cs_client */;

--
-- Dumping data for table `ot_booking`
--

LOCK TABLES `ot_booking` WRITE;
/*!40000 ALTER TABLE `ot_booking` DISABLE KEYS */;
INSERT INTO `ot_booking` VALUES (5,NULL,1,'BY_PASS',45,'PAT','45',NULL,'OT1','2010-08-27 12:11:00','2010-08-27 13:11:00','ADMITTED','ajit kumar','2010-08-27 09:01:23','ajit kumar','2010-09-01 11:42:47',1),(6,NULL,2,'BY_PASS',3,'IPD','7',NULL,'OR101','2010-09-02 14:01:00','2010-09-02 14:01:00','ADMITTED','ajit kumar','2010-09-02 08:31:14','ajit kumar','2010-09-02 08:40:24',1),(11,NULL,1,'BY_PASS',6,'PAT','6',NULL,'OT1','2010-09-02 14:20:00','2010-09-02 14:20:00','ADMITTED','ajit kumar','2010-09-02 08:51:10','ajit kumar','2010-09-02 08:51:54',1),(12,NULL,1,'BY_PASS',8,'PAT','8',NULL,'OT1','2010-09-02 14:35:00','2010-09-02 14:35:00','ADMITTED','ajit kumar','2010-09-02 09:05:16','ajit kumar','2010-09-02 09:06:01',1),(13,NULL,1,'BY_PASS',9,'PAT','9',NULL,'OT1','2010-09-02 16:55:00','2010-09-02 16:55:00','ADMITTED','ajit kumar','2010-09-02 11:25:32','ajit kumar','2010-09-02 11:43:57',1),(14,NULL,1,'BY_PASS',10,'PAT','10',NULL,'OT1','2010-09-09 10:16:00','2010-09-09 10:16:00','ADMITTED','ajit kumar','2010-09-09 04:46:21','ajit kumar','2010-09-09 05:18:17',1),(15,NULL,1,'BY_PASS',64,'PAT','64',NULL,'OT1','2010-10-01 11:30:00','2010-10-01 12:00:00','CREATED','ajit kumar','2010-10-01 06:32:08',NULL,NULL,0),(24,NULL,1,'BY_PASS',59,'PAT','59',NULL,'OR101','2010-10-02 12:00:00','2010-10-02 12:30:00','CREATED','ajit kumar','2010-10-01 11:26:33',NULL,NULL,0),(25,NULL,2,'BY_PASS',48,'PAT','48',NULL,'OT1','2010-10-07 00:45:00','2010-10-30 01:15:00','CREATED','Bhavesh ','2010-10-06 15:41:22',NULL,NULL,0),(31,NULL,1,'BY_PASS',67,'PAT','67',NULL,'OT1','2010-10-06 04:00:00','2010-10-06 06:00:00','CREATED','ajit kumar','2010-10-06 16:18:58',NULL,NULL,0),(32,NULL,1,'BY_PASS',68,'PAT','68',NULL,'OT1','2010-10-06 06:30:00','2010-10-06 07:15:00','CREATED','ajit kumar','2010-10-06 16:27:30',NULL,NULL,0),(33,NULL,1,'BY_PASS',69,'PAT','69',NULL,'OT1','2010-10-06 08:00:00','2010-10-06 08:30:00','CREATED','ajit kumar','2010-10-06 16:30:22',NULL,NULL,0),(34,NULL,8,'BY_PASS',5,'OPD','28',NULL,'OT1','2010-12-01 02:00:00','2010-12-01 00:30:00','CREATED','Bhavesh ','2010-12-01 13:29:50',NULL,NULL,0);
/*!40000 ALTER TABLE `ot_booking` ENABLE KEYS */;
UNLOCK TABLES;

--
-- Table structure for table `ot_booking_activity`
--

DROP TABLE IF EXISTS `ot_booking_activity`;
/*!40101 SET @saved_cs_client     = @@character_set_client */;
/*!40101 SET character_set_client = utf8 */;
CREATE TABLE `ot_booking_activity` (
  `OT_BOOKING_NBR` bigint(20) NOT NULL,
  `BOOKING_STATUS` varchar(45) NOT NULL,
  `REMARKS` varchar(512) DEFAULT NULL,
  `CREATED_BY` varchar(80) NOT NULL,
  `CREATED_DTM` timestamp NOT NULL DEFAULT CURRENT_TIMESTAMP,
  PRIMARY KEY (`OT_BOOKING_NBR`,`CREATED_DTM`),
  CONSTRAINT `ot_booking_activity_ibfk_1` FOREIGN KEY (`OT_BOOKING_NBR`) REFERENCES `ot_booking` (`OT_BOOKING_NBR`)
) ENGINE=InnoDB DEFAULT CHARSET=latin1;
/*!40101 SET character_set_client = @saved_cs_client */;

--
-- Dumping data for table `ot_booking_activity`
--

LOCK TABLES `ot_booking_activity` WRITE;
/*!40000 ALTER TABLE `ot_booking_activity` DISABLE KEYS */;
INSERT INTO `ot_booking_activity` VALUES (5,'ADMITTED','','ajit kumar','2010-09-01 11:42:47'),(6,'CREATED',NULL,'ajit kumar','2010-09-02 08:31:14'),(6,'ADMITTED','','ajit kumar','2010-09-02 08:40:24'),(11,'CREATED',NULL,'ajit kumar','2010-09-02 08:51:10'),(11,'ADMITTED','','ajit kumar','2010-09-02 08:51:54'),(12,'CREATED',NULL,'ajit kumar','2010-09-02 09:05:16'),(12,'ADMITTED','','ajit kumar','2010-09-02 09:06:01'),(13,'CREATED',NULL,'ajit kumar','2010-09-02 11:25:32'),(13,'ADMITTED','','ajit kumar','2010-09-02 11:43:57'),(14,'CREATED',NULL,'ajit kumar','2010-09-09 04:46:21'),(14,'ADMITTED','Admitted','ajit kumar','2010-09-09 05:18:17'),(15,'CREATED',NULL,'ajit kumar','2010-10-01 06:32:08'),(24,'CREATED',NULL,'ajit kumar','2010-10-01 11:26:33'),(25,'CREATED',NULL,'Bhavesh ','2010-10-06 15:41:22'),(31,'CREATED',NULL,'ajit kumar','2010-10-06 16:18:58'),(32,'CREATED',NULL,'ajit kumar','2010-10-06 16:27:30'),(33,'CREATED',NULL,'ajit kumar','2010-10-06 16:30:22'),(34,'CREATED',NULL,'Bhavesh ','2010-12-01 13:29:50');
/*!40000 ALTER TABLE `ot_booking_activity` ENABLE KEYS */;
UNLOCK TABLES;

--
-- Table structure for table `ot_detail`
--

DROP TABLE IF EXISTS `ot_detail`;
/*!40101 SET @saved_cs_client     = @@character_set_client */;
/*!40101 SET character_set_client = utf8 */;
CREATE TABLE `ot_detail` (
  `OT_ID` varchar(30) CHARACTER SET utf8 COLLATE utf8_unicode_ci NOT NULL,
  `NAME` varchar(45) NOT NULL,
  `BED_NUMBER` varchar(30) NOT NULL,
  `COORDINATOR_ID` varchar(40) DEFAULT NULL,
  `CREATED_BY` varchar(80) NOT NULL,
  `CREATED_DTM` timestamp NOT NULL DEFAULT CURRENT_TIMESTAMP,
  `MODIFIED_BY` varchar(45) DEFAULT NULL,
  `LAST_MODIFIED_DTM` timestamp NULL DEFAULT NULL,
  `VERSION` int(11) NOT NULL,
  PRIMARY KEY (`OT_ID`),
  KEY `BED_NUMBER` (`BED_NUMBER`),
  CONSTRAINT `ot_detail_ibfk_1` FOREIGN KEY (`BED_NUMBER`) REFERENCES `bed_master` (`BED_NUMBER`)
) ENGINE=InnoDB DEFAULT CHARSET=latin1;
/*!40101 SET character_set_client = @saved_cs_client */;

--
-- Dumping data for table `ot_detail`
--

LOCK TABLES `ot_detail` WRITE;
/*!40000 ALTER TABLE `ot_detail` DISABLE KEYS */;
INSERT INTO `ot_detail` VALUES ('OR101','Orthopedic ','O101','6','Bhavesh ','2010-08-26 03:14:39',NULL,NULL,0),('OT1','Operation theatre 1','O1','6','Bhavesh ','2010-08-25 14:30:39',NULL,NULL,0);
/*!40000 ALTER TABLE `ot_detail` ENABLE KEYS */;
UNLOCK TABLES;

--
-- Table structure for table `ot_notes_configuration`
--

DROP TABLE IF EXISTS `ot_notes_configuration`;
/*!40101 SET @saved_cs_client     = @@character_set_client */;
/*!40101 SET character_set_client = utf8 */;
CREATE TABLE `ot_notes_configuration` (
  `FIELD_CODE` varchar(45) CHARACTER SET utf8 COLLATE utf8_unicode_ci NOT NULL,
  `FIELD_NAME` varchar(100) NOT NULL,
  `FIELD_TYPE` int(45) NOT NULL,
  `DESCRIPTION` varchar(256) DEFAULT NULL,
  `SEQ_NBR` int(4) NOT NULL,
  `ACTIVE` varchar(1) NOT NULL,
  `CREATED_BY` varchar(80) NOT NULL,
  `CREATED_DTM` timestamp NOT NULL DEFAULT CURRENT_TIMESTAMP,
  PRIMARY KEY (`FIELD_CODE`)
) ENGINE=InnoDB DEFAULT CHARSET=latin1;
/*!40101 SET character_set_client = @saved_cs_client */;

--
-- Dumping data for table `ot_notes_configuration`
--

LOCK TABLES `ot_notes_configuration` WRITE;
/*!40000 ALTER TABLE `ot_notes_configuration` DISABLE KEYS */;
INSERT INTO `ot_notes_configuration` VALUES ('NAME','NAME',0,NULL,1,'Y','Manish','2010-09-01 11:05:11'),('NURSE','Nurse',0,NULL,1,'Y','Manish','2010-09-01 11:08:47'),('SURGEON','surgeon',0,NULL,3,'Y','Manish','2010-09-01 11:08:47'),('SURGERY','SURGERY',0,NULL,2,'Y','Manish','2010-09-01 11:05:11');
/*!40000 ALTER TABLE `ot_notes_configuration` ENABLE KEYS */;
UNLOCK TABLES;

--
-- Table structure for table `ot_patient_surgery`
--

DROP TABLE IF EXISTS `ot_patient_surgery`;
/*!40101 SET @saved_cs_client     = @@character_set_client */;
/*!40101 SET character_set_client = utf8 */;
CREATE TABLE `ot_patient_surgery` (
  `PATIENT_SURGERY_ID` bigint(20) NOT NULL COMMENT 'SERVICE_UID',
  `SURGERY_CODE` varchar(45) CHARACTER SET utf8 COLLATE utf8_unicode_ci NOT NULL,
  `PATIENT_ID` int(11) NOT NULL,
  `DOCTOR_ID` int(11) NOT NULL,
  `ANESTHETIST_ID` int(11) DEFAULT NULL COMMENT 'Doctor id ',
  `STATUS_CODE` varchar(45) NOT NULL,
  `OT_ID` varchar(45) CHARACTER SET utf8 COLLATE utf8_unicode_ci NOT NULL,
  `COORDINATOR_ID` int(11) DEFAULT NULL,
  `OT_BOOKING_NBR` bigint(20) NOT NULL,
  `SURGERY_DATE` datetime DEFAULT NULL,
  `REMARKS` varchar(512) DEFAULT NULL,
  `CREATED_BY` varchar(80) NOT NULL,
  `CRATED_DTM` timestamp NOT NULL DEFAULT CURRENT_TIMESTAMP,
  `MODIFIED_BY` varchar(80) DEFAULT NULL,
  `LAST_MODIFIED_DTM` timestamp NULL DEFAULT NULL,
  `VERSION` int(11) NOT NULL,
  PRIMARY KEY (`PATIENT_SURGERY_ID`),
  KEY `SURGERY_CODE` (`SURGERY_CODE`),
  KEY `STATUS_CODE` (`STATUS_CODE`),
  KEY `OT_ID` (`OT_ID`),
  KEY `OT_BOOKING_NBR` (`OT_BOOKING_NBR`),
  CONSTRAINT `ot_patient_surgery_ibfk_1` FOREIGN KEY (`SURGERY_CODE`) REFERENCES `ot_surgery` (`SURGERY_CODE`),
  CONSTRAINT `ot_patient_surgery_ibfk_2` FOREIGN KEY (`OT_ID`) REFERENCES `ot_detail` (`OT_ID`),
  CONSTRAINT `ot_patient_surgery_ibfk_3` FOREIGN KEY (`OT_BOOKING_NBR`) REFERENCES `ot_booking` (`OT_BOOKING_NBR`)
) ENGINE=InnoDB DEFAULT CHARSET=latin1;
/*!40101 SET character_set_client = @saved_cs_client */;

--
-- Dumping data for table `ot_patient_surgery`
--

LOCK TABLES `ot_patient_surgery` WRITE;
/*!40000 ALTER TABLE `ot_patient_surgery` DISABLE KEYS */;
INSERT INTO `ot_patient_surgery` VALUES (1,'BY_PASS',45,1,NULL,'SURGERY_COMPLETED','OT1',6,5,'2010-08-27 12:11:00',NULL,'ajit kumar','2010-08-27 09:01:31',NULL,NULL,5),(2,'BY_PASS',3,2,NULL,'SURGERY_STARTED','OR101',6,6,'2010-09-02 14:01:00',NULL,'ajit kumar','2010-09-02 08:31:14',NULL,NULL,4),(3,'BY_PASS',6,1,NULL,'CHECKED_ID','OT1',6,11,'2010-09-02 14:20:00',NULL,'ajit kumar','2010-09-02 08:51:10',NULL,NULL,1),(4,'BY_PASS',8,1,NULL,'ANESTHESIA_GIVEN','OT1',6,12,'2010-09-02 14:35:00',NULL,'ajit kumar','2010-09-02 09:05:16',NULL,NULL,3),(5,'BY_PASS',9,1,NULL,'ANESTHESIA_GIVEN','OT1',6,13,'2010-09-02 16:55:00',NULL,'ajit kumar','2010-09-02 11:25:32',NULL,NULL,3),(6,'BY_PASS',10,1,NULL,'ANESTHESIA_GIVEN','OT1',6,14,'2010-09-09 10:16:00',NULL,'ajit kumar','2010-09-09 04:46:21',NULL,NULL,3),(10,'BY_PASS',48,2,NULL,'CREATED','OT1',6,25,'2010-10-07 00:45:00',NULL,'Bhavesh ','2010-10-06 15:41:22',NULL,NULL,0),(54,'BY_PASS',59,1,NULL,'CREATED','OR101',6,24,'2010-10-02 12:00:00',NULL,'ajit kumar','2010-10-01 11:26:39',NULL,NULL,0),(62,'BY_PASS',64,1,NULL,'CREATED','OT1',6,15,'2010-10-01 11:30:00',NULL,'ajit kumar','2010-10-01 06:32:08',NULL,NULL,0),(75,'BY_PASS',67,1,NULL,'CREATED','OT1',6,31,'2010-10-06 04:00:00',NULL,'ajit kumar','2010-10-06 16:18:58',NULL,NULL,0),(76,'BY_PASS',68,1,NULL,'CREATED','OT1',6,32,'2010-10-06 06:30:00',NULL,'ajit kumar','2010-10-06 16:27:30',NULL,NULL,0),(77,'BY_PASS',69,1,NULL,'CREATED','OT1',6,33,'2010-10-06 08:00:00',NULL,'ajit kumar','2010-10-06 16:30:22',NULL,NULL,0),(316,'BY_PASS',5,8,NULL,'CREATED','OT1',6,34,'2010-12-01 02:00:00',NULL,'Bhavesh ','2010-12-01 13:29:50',NULL,NULL,0);
/*!40000 ALTER TABLE `ot_patient_surgery` ENABLE KEYS */;
UNLOCK TABLES;

--
-- Table structure for table `ot_patient_surgery_activity`
--

DROP TABLE IF EXISTS `ot_patient_surgery_activity`;
/*!40101 SET @saved_cs_client     = @@character_set_client */;
/*!40101 SET character_set_client = utf8 */;
CREATE TABLE `ot_patient_surgery_activity` (
  `PATIENT_SURGERY_ID` bigint(20) NOT NULL,
  `SURGERY_STATUS` varchar(45) CHARACTER SET utf8 COLLATE utf8_unicode_ci NOT NULL,
  `ACTIVITY_TIME` datetime NOT NULL,
  `REMARKS` varchar(512) DEFAULT NULL,
  `CREATED_DTM` timestamp NOT NULL DEFAULT CURRENT_TIMESTAMP,
  `CREATED_BY` varchar(80) NOT NULL,
  PRIMARY KEY (`PATIENT_SURGERY_ID`,`SURGERY_STATUS`),
  KEY `SURGERY_STATUS` (`SURGERY_STATUS`),
  CONSTRAINT `ot_patient_surgery_activity_ibfk_1` FOREIGN KEY (`PATIENT_SURGERY_ID`) REFERENCES `ot_patient_surgery` (`PATIENT_SURGERY_ID`),
  CONSTRAINT `ot_patient_surgery_activity_ibfk_2` FOREIGN KEY (`SURGERY_STATUS`) REFERENCES `ot_surgery_status` (`STATUS_CODE`)
) ENGINE=InnoDB DEFAULT CHARSET=latin1;
/*!40101 SET character_set_client = @saved_cs_client */;

--
-- Dumping data for table `ot_patient_surgery_activity`
--

LOCK TABLES `ot_patient_surgery_activity` WRITE;
/*!40000 ALTER TABLE `ot_patient_surgery_activity` DISABLE KEYS */;
INSERT INTO `ot_patient_surgery_activity` VALUES (1,'ANESTHESIA_GIVEN','2010-09-02 11:30:25','anaesthia given','2010-09-02 06:00:25','ajit kumar'),(1,'CHECKED_ID','2010-09-02 11:06:44','Testing','2010-09-02 05:36:44','ajit kumar'),(1,'MOVED_TO_ANASTHETIC_ROOM','2010-09-02 11:22:22','test','2010-09-02 05:52:22','ajit kumar'),(1,'SURGERY_COMPLETED','2010-09-02 12:23:14','completed','2010-09-02 06:53:14','ajit kumar'),(1,'SURGERY_STARTED','2010-09-02 11:57:39','Started','2010-09-02 06:27:39','ajit kumar'),(2,'ANESTHESIA_GIVEN','2010-09-08 18:57:11','Test','2010-09-08 13:27:11','ajit kumar'),(2,'CHECKED_ID','2010-09-02 14:36:16','','2010-09-02 09:06:16','ajit kumar'),(2,'MOVED_TO_ANASTHETIC_ROOM','2010-09-02 16:39:57','','2010-09-02 11:09:57','ajit kumar'),(2,'SURGERY_STARTED','2010-09-09 12:43:25','','2010-09-09 07:13:25','ajit kumar'),(3,'CHECKED_ID','2010-09-02 17:13:48','','2010-09-02 11:43:48','ajit kumar'),(4,'ANESTHESIA_GIVEN','2010-09-09 17:05:49','','2010-09-09 11:35:49','ajit kumar'),(4,'CHECKED_ID','2010-09-09 17:03:03','Cheked in<br>','2010-09-09 11:33:03','ajit kumar'),(4,'MOVED_TO_ANASTHETIC_ROOM','2010-09-09 17:03:08','','2010-09-09 11:33:08','ajit kumar'),(5,'ANESTHESIA_GIVEN','2010-09-09 16:58:17','','2010-09-09 11:28:17','ajit kumar'),(5,'CHECKED_ID','2010-09-09 10:46:51','','2010-09-09 05:16:51','ajit kumar'),(5,'MOVED_TO_ANASTHETIC_ROOM','2010-09-09 11:22:55','','2010-09-09 05:52:55','ajit kumar'),(6,'ANESTHESIA_GIVEN','2010-09-09 16:55:38','Test','2010-09-09 11:25:38','ajit kumar'),(6,'CHECKED_ID','2010-09-09 15:49:33','','2010-09-09 10:19:33','ajit kumar'),(6,'MOVED_TO_ANASTHETIC_ROOM','2010-09-09 15:49:43','','2010-09-09 10:19:43','ajit kumar');
/*!40000 ALTER TABLE `ot_patient_surgery_activity` ENABLE KEYS */;
UNLOCK TABLES;

--
-- Table structure for table `ot_patient_surgery_checklist`
--

DROP TABLE IF EXISTS `ot_patient_surgery_checklist`;
/*!40101 SET @saved_cs_client     = @@character_set_client */;
/*!40101 SET character_set_client = utf8 */;
CREATE TABLE `ot_patient_surgery_checklist` (
  `PATIENT_SURGERY_ID` bigint(20) NOT NULL,
  `CHECKLIST_INSTANCE_ID` bigint(20) NOT NULL,
  `SURGERY_STATUS_CODE` varchar(25) CHARACTER SET utf8 COLLATE utf8_unicode_ci NOT NULL,
  `CREATED_BY` varchar(80) DEFAULT NULL,
  `CREATED_DTM` timestamp NULL DEFAULT NULL,
  `VERSION` int(11) NOT NULL,
  PRIMARY KEY (`PATIENT_SURGERY_ID`,`CHECKLIST_INSTANCE_ID`,`SURGERY_STATUS_CODE`),
  KEY `SURGERY_STATUS_CODE` (`SURGERY_STATUS_CODE`),
  CONSTRAINT `ot_patient_surgery_checklist_ibfk_3` FOREIGN KEY (`PATIENT_SURGERY_ID`) REFERENCES `ot_patient_surgery` (`PATIENT_SURGERY_ID`),
  CONSTRAINT `ot_patient_surgery_checklist_ibfk_4` FOREIGN KEY (`SURGERY_STATUS_CODE`) REFERENCES `ot_surgery_status` (`STATUS_CODE`)
) ENGINE=InnoDB DEFAULT CHARSET=latin1;
/*!40101 SET character_set_client = @saved_cs_client */;

--
-- Dumping data for table `ot_patient_surgery_checklist`
--

LOCK TABLES `ot_patient_surgery_checklist` WRITE;
/*!40000 ALTER TABLE `ot_patient_surgery_checklist` DISABLE KEYS */;
INSERT INTO `ot_patient_surgery_checklist` VALUES (2,1,'ANESTHESIA_GIVEN','Bhavesh ','2010-09-08 13:27:13',0),(2,2,'ANESTHESIA_GIVEN','Bhavesh ','2010-09-08 13:27:13',0),(2,3,'SURGERY_STARTED','Bhavesh ','2010-09-09 07:13:25',0),(4,9,'ANESTHESIA_GIVEN','Bhavesh ','2010-09-09 11:35:49',0),(4,10,'ANESTHESIA_GIVEN','Bhavesh ','2010-09-09 11:35:49',0),(5,7,'ANESTHESIA_GIVEN','Bhavesh ','2010-09-09 11:28:17',0),(5,8,'ANESTHESIA_GIVEN','Bhavesh ','2010-09-09 11:28:17',0),(6,5,'ANESTHESIA_GIVEN','Bhavesh ','2010-09-09 11:25:38',0),(6,6,'ANESTHESIA_GIVEN','Bhavesh ','2010-09-09 11:25:38',0);
/*!40000 ALTER TABLE `ot_patient_surgery_checklist` ENABLE KEYS */;
UNLOCK TABLES;

--
-- Table structure for table `ot_patient_surgery_notes`
--

DROP TABLE IF EXISTS `ot_patient_surgery_notes`;
/*!40101 SET @saved_cs_client     = @@character_set_client */;
/*!40101 SET character_set_client = utf8 */;
CREATE TABLE `ot_patient_surgery_notes` (
  `PATIENT_SURGERY_ID` bigint(20) NOT NULL,
  `FIELD_CODE` varchar(45) CHARACTER SET utf8 COLLATE utf8_unicode_ci NOT NULL,
  `VALUE` varchar(256) NOT NULL,
  `CREATED_BY` varchar(80) NOT NULL,
  `CREATED_DTM` timestamp NOT NULL DEFAULT CURRENT_TIMESTAMP,
  `MODIFIED_BY` varchar(80) DEFAULT NULL,
  `MODIFIED_DTM` timestamp NULL DEFAULT NULL,
  `VERSION` int(11) NOT NULL,
  PRIMARY KEY (`PATIENT_SURGERY_ID`,`FIELD_CODE`),
  KEY `FIELD_CODE` (`FIELD_CODE`),
  CONSTRAINT `ot_patient_surgery_notes_ibfk_1` FOREIGN KEY (`PATIENT_SURGERY_ID`) REFERENCES `ot_patient_surgery` (`PATIENT_SURGERY_ID`),
  CONSTRAINT `ot_patient_surgery_notes_ibfk_2` FOREIGN KEY (`FIELD_CODE`) REFERENCES `ot_notes_configuration` (`FIELD_CODE`)
) ENGINE=InnoDB DEFAULT CHARSET=latin1;
/*!40101 SET character_set_client = @saved_cs_client */;

--
-- Dumping data for table `ot_patient_surgery_notes`
--

LOCK TABLES `ot_patient_surgery_notes` WRITE;
/*!40000 ALTER TABLE `ot_patient_surgery_notes` DISABLE KEYS */;
INSERT INTO `ot_patient_surgery_notes` VALUES (1,'NAME','A','ajit kumar','2010-09-02 04:01:47',NULL,NULL,0),(1,'NURSE','B23233','ajit kumar','2010-09-02 04:01:50',NULL,NULL,0),(1,'SURGEON','','ajit kumar','2010-09-02 04:01:50',NULL,NULL,0),(1,'SURGERY','ABC','ajit kumar','2010-09-02 04:01:50',NULL,NULL,0),(2,'NAME','A','ajit kumar','2010-09-02 13:08:33',NULL,NULL,0),(2,'NURSE','Z','ajit kumar','2010-09-02 13:08:33',NULL,NULL,1),(2,'SURGEON','C','ajit kumar','2010-09-02 13:08:33',NULL,NULL,0),(2,'SURGERY','ABC','ajit kumar','2010-09-02 13:08:33',NULL,NULL,0),(3,'NAME','A','ajit kumar','2010-09-08 10:32:53',NULL,NULL,0),(3,'NURSE','B','ajit kumar','2010-09-08 10:32:53',NULL,NULL,0),(3,'SURGEON','C','ajit kumar','2010-09-08 10:32:53',NULL,NULL,0),(3,'SURGERY','ABC','ajit kumar','2010-09-08 10:32:53',NULL,NULL,0);
/*!40000 ALTER TABLE `ot_patient_surgery_notes` ENABLE KEYS */;
UNLOCK TABLES;

--
-- Table structure for table `ot_status_checklist_asso`
--

DROP TABLE IF EXISTS `ot_status_checklist_asso`;
/*!40101 SET @saved_cs_client     = @@character_set_client */;
/*!40101 SET character_set_client = utf8 */;
CREATE TABLE `ot_status_checklist_asso` (
  `STATUS_CODE` varchar(25) CHARACTER SET utf8 COLLATE utf8_unicode_ci NOT NULL COMMENT 'OT/Surgery status code',
  `CHECK_LIST_ID` int(11) NOT NULL,
  `APPLY_WHEN` varchar(1) NOT NULL COMMENT 'B for Befor or A for After',
  `CREATED_BY` varchar(80) NOT NULL,
  `CREATED_DTM` timestamp NOT NULL DEFAULT CURRENT_TIMESTAMP,
  PRIMARY KEY (`STATUS_CODE`,`CHECK_LIST_ID`),
  KEY `CHECK_LIST_ID` (`CHECK_LIST_ID`),
  CONSTRAINT `ot_status_checklist_asso_ibfk_1` FOREIGN KEY (`STATUS_CODE`) REFERENCES `ot_surgery_status` (`STATUS_CODE`)
) ENGINE=InnoDB DEFAULT CHARSET=latin1;
/*!40101 SET character_set_client = @saved_cs_client */;

--
-- Dumping data for table `ot_status_checklist_asso`
--

LOCK TABLES `ot_status_checklist_asso` WRITE;
/*!40000 ALTER TABLE `ot_status_checklist_asso` DISABLE KEYS */;
INSERT INTO `ot_status_checklist_asso` VALUES ('ANESTHESIA_GIVEN',1,'B','Manish','2010-09-04 15:34:06'),('ANESTHESIA_GIVEN',4,'B','Manish','2010-09-04 15:34:06'),('SURGERY_STARTED',1,'B','Bhavesh','2010-09-02 08:55:36');
/*!40000 ALTER TABLE `ot_status_checklist_asso` ENABLE KEYS */;
UNLOCK TABLES;

--
-- Table structure for table `ot_surgery`
--

DROP TABLE IF EXISTS `ot_surgery`;
/*!40101 SET @saved_cs_client     = @@character_set_client */;
/*!40101 SET character_set_client = utf8 */;
CREATE TABLE `ot_surgery` (
  `SURGERY_CODE` varchar(15) CHARACTER SET utf8 COLLATE utf8_unicode_ci NOT NULL,
  `SURGERY_NAME` varchar(100) NOT NULL,
  `TYPE_CODE` varchar(45) NOT NULL,
  `SPECIALTY_CODE` varchar(25) CHARACTER SET utf8 COLLATE utf8_unicode_ci NOT NULL,
  `DOCTOR_REFRESHMENT_TIME` int(5) DEFAULT NULL COMMENT 'In minutes ',
  `TOTAL_TIME_REQUIRED` int(5) DEFAULT NULL COMMENT 'In minute',
  `CREATED_BY` varchar(80) NOT NULL,
  `CREATED_DTM` timestamp NOT NULL DEFAULT CURRENT_TIMESTAMP,
  `MODIFIED_BY` varchar(80) DEFAULT NULL,
  `LAST_MODIFIED_DTM` timestamp NULL DEFAULT NULL,
  `VERSION` int(11) NOT NULL,
  PRIMARY KEY (`SURGERY_CODE`),
  KEY `TYPE_CODE` (`TYPE_CODE`),
  KEY `SPECIALTY_CODE` (`SPECIALTY_CODE`)
) ENGINE=InnoDB DEFAULT CHARSET=latin1;
/*!40101 SET character_set_client = @saved_cs_client */;

--
-- Dumping data for table `ot_surgery`
--

LOCK TABLES `ot_surgery` WRITE;
/*!40000 ALTER TABLE `ot_surgery` DISABLE KEYS */;
INSERT INTO `ot_surgery` VALUES ('BY_PASS','By Pass','TRANSPLANT_PROCEDURE','NEUROLOGISTS',60,150,'Bhavesh ','2010-08-25 13:21:23','Bhavesh ',NULL,2);
/*!40000 ALTER TABLE `ot_surgery` ENABLE KEYS */;
UNLOCK TABLES;

--
-- Table structure for table `ot_surgery_association`
--

DROP TABLE IF EXISTS `ot_surgery_association`;
/*!40101 SET @saved_cs_client     = @@character_set_client */;
/*!40101 SET character_set_client = utf8 */;
CREATE TABLE `ot_surgery_association` (
  `SURGERY_CODE` varchar(40) CHARACTER SET utf8 COLLATE utf8_unicode_ci NOT NULL,
  `OT_ID` varchar(40) CHARACTER SET utf8 COLLATE utf8_unicode_ci NOT NULL,
  `CREATED_BY` varchar(80) NOT NULL,
  `CREATED_DTM` timestamp NOT NULL DEFAULT CURRENT_TIMESTAMP,
  PRIMARY KEY (`SURGERY_CODE`,`OT_ID`),
  KEY `OT_ID` (`OT_ID`),
  CONSTRAINT `ot_surgery_association_ibfk_2` FOREIGN KEY (`OT_ID`) REFERENCES `ot_detail` (`OT_ID`),
  CONSTRAINT `ot_surgery_association_ibfk_3` FOREIGN KEY (`SURGERY_CODE`) REFERENCES `ot_surgery` (`SURGERY_CODE`)
) ENGINE=InnoDB DEFAULT CHARSET=latin1;
/*!40101 SET character_set_client = @saved_cs_client */;

--
-- Dumping data for table `ot_surgery_association`
--

LOCK TABLES `ot_surgery_association` WRITE;
/*!40000 ALTER TABLE `ot_surgery_association` DISABLE KEYS */;
INSERT INTO `ot_surgery_association` VALUES ('BY_PASS','OR101','Bhavesh ','2010-08-26 03:14:39'),('BY_PASS','OT1','Bhavesh ','2010-08-25 14:30:39');
/*!40000 ALTER TABLE `ot_surgery_association` ENABLE KEYS */;
UNLOCK TABLES;

--
-- Table structure for table `ot_surgery_status`
--

DROP TABLE IF EXISTS `ot_surgery_status`;
/*!40101 SET @saved_cs_client     = @@character_set_client */;
/*!40101 SET character_set_client = utf8 */;
CREATE TABLE `ot_surgery_status` (
  `STATUS_CODE` varchar(25) CHARACTER SET utf8 COLLATE utf8_unicode_ci NOT NULL,
  `DESCRIPTION` varchar(120) NOT NULL,
  `SEQ_NO` int(11) NOT NULL,
  `CAPTURE_TIME` varchar(1) NOT NULL COMMENT 'Y or N',
  `CONTRIBUTE_TO_SCHEDULING` varchar(1) NOT NULL COMMENT 'Y or N',
  `CREATED_BY` varchar(80) NOT NULL,
  `CREATED_DTM` timestamp NOT NULL DEFAULT CURRENT_TIMESTAMP,
  PRIMARY KEY (`STATUS_CODE`)
) ENGINE=InnoDB DEFAULT CHARSET=latin1;
/*!40101 SET character_set_client = @saved_cs_client */;

--
-- Dumping data for table `ot_surgery_status`
--

LOCK TABLES `ot_surgery_status` WRITE;
/*!40000 ALTER TABLE `ot_surgery_status` DISABLE KEYS */;
INSERT INTO `ot_surgery_status` VALUES ('ANESTHESIA_GIVEN','Anesthesia Given',4,'Y','Y','Bhavesh','2010-08-03 00:25:01'),('CHECKED_ID','Patient Checked in to theatre',2,'Y','N','Bhavesh','2010-08-03 00:26:42'),('CREATED','Created',0,'N','N','Manish','2010-10-01 13:28:30'),('MOVED_TO_ANASTHETIC_ROOM','Patient taken to anasthetic room',3,'Y','Y','Bhavesh','2010-08-03 01:01:58'),('MOVED_TO_REC_AREA','Patient Taken to Recovery Area',8,'Y','Y','Bhavesh','2010-08-03 00:34:16'),('MOVED_TO_WARD','Patient taken to ward',10,'N','N','Bhavesh','2010-08-03 01:15:31'),('PATIENT_IN_POST_OP','Patient in post op',9,'Y','N','Bhavesh','2010-08-03 01:11:25'),('POSITIONED','Patient Positioned on to theatre table',5,'Y','Y','Bhavesh','2010-08-03 00:27:51'),('SURGERY_COMPLETED','Surgery Completed',7,'Y','Y','Bhavesh','2010-08-03 00:30:37'),('SURGERY_STARTED','Surgery Started',6,'Y','Y','Bhavesh','2010-08-03 00:29:54'),('TRANSPORTED_FROM_WARD','Patient transported from ward',1,'Y','N','Bhavesh','2010-08-03 01:01:58');
/*!40000 ALTER TABLE `ot_surgery_status` ENABLE KEYS */;
UNLOCK TABLES;

--
-- Table structure for table `ot_surgery_status_time`
--

DROP TABLE IF EXISTS `ot_surgery_status_time`;
/*!40101 SET @saved_cs_client     = @@character_set_client */;
/*!40101 SET character_set_client = utf8 */;
CREATE TABLE `ot_surgery_status_time` (
  `SURGERY_CODE` varchar(15) CHARACTER SET utf8 COLLATE utf8_unicode_ci NOT NULL,
  `SURGERY_STATUS_CODE` varchar(25) CHARACTER SET utf8 COLLATE utf8_unicode_ci NOT NULL,
  `TIME` int(11) DEFAULT NULL COMMENT 'Time (in minutes) required to move up to this status form previouse status',
  `SURGEON_REQUIRED` varchar(1) NOT NULL,
  `CREATED_BY` varchar(80) NOT NULL,
  `CREATED_DTM` timestamp NOT NULL DEFAULT CURRENT_TIMESTAMP,
  `MODIFIED_BY` varchar(80) DEFAULT NULL,
  `LAST_MODIFIED_DTM` timestamp NULL DEFAULT NULL,
  `VERSION` int(11) NOT NULL,
  PRIMARY KEY (`SURGERY_CODE`,`SURGERY_STATUS_CODE`),
  KEY `SURGERY_STATUS_CODE` (`SURGERY_STATUS_CODE`),
  CONSTRAINT `ot_surgery_status_time_ibfk_1` FOREIGN KEY (`SURGERY_CODE`) REFERENCES `ot_surgery` (`SURGERY_CODE`),
  CONSTRAINT `ot_surgery_status_time_ibfk_2` FOREIGN KEY (`SURGERY_STATUS_CODE`) REFERENCES `ot_surgery_status` (`STATUS_CODE`)
) ENGINE=InnoDB DEFAULT CHARSET=latin1;
/*!40101 SET character_set_client = @saved_cs_client */;

--
-- Dumping data for table `ot_surgery_status_time`
--

LOCK TABLES `ot_surgery_status_time` WRITE;
/*!40000 ALTER TABLE `ot_surgery_status_time` DISABLE KEYS */;
INSERT INTO `ot_surgery_status_time` VALUES ('BY_PASS','ANESTHESIA_GIVEN',10,'Y','Bhavesh ','2010-08-25 13:26:34',NULL,NULL,0),('BY_PASS','CHECKED_ID',NULL,'N','Bhavesh ','2010-08-25 13:26:34',NULL,NULL,0),('BY_PASS','MOVED_TO_ANASTHETIC_ROOM',NULL,'N','Bhavesh ','2010-08-25 13:26:34',NULL,NULL,0),('BY_PASS','MOVED_TO_REC_AREA',10,'N','Bhavesh ','2010-08-25 13:26:34',NULL,NULL,0),('BY_PASS','PATIENT_IN_POST_OP',NULL,'N','Bhavesh ','2010-08-25 13:26:34',NULL,NULL,0),('BY_PASS','POSITIONED',5,'N','Bhavesh ','2010-08-25 13:26:34',NULL,NULL,0),('BY_PASS','SURGERY_COMPLETED',120,'Y','Bhavesh ','2010-08-25 13:26:34',NULL,NULL,0),('BY_PASS','SURGERY_STARTED',5,'Y','Bhavesh ','2010-08-25 13:26:34',NULL,NULL,0),('BY_PASS','TRANSPORTED_FROM_WARD',NULL,'N','Bhavesh ','2010-08-25 13:26:34',NULL,NULL,0);
/*!40000 ALTER TABLE `ot_surgery_status_time` ENABLE KEYS */;
UNLOCK TABLES;

--
-- Table structure for table `package_has_service`
--

DROP TABLE IF EXISTS `package_has_service`;
/*!40101 SET @saved_cs_client     = @@character_set_client */;
/*!40101 SET character_set_client = utf8 */;
CREATE TABLE `package_has_service` (
  `PACKAGE_ID` varchar(25) COLLATE utf8_unicode_ci NOT NULL,
  `SERVICE_CODE` varchar(15) COLLATE utf8_unicode_ci NOT NULL DEFAULT '',
  `NUMBER_OF_UNITS` int(11) NOT NULL DEFAULT '1',
  `SERVICE_CHARGE` double NOT NULL DEFAULT '0',
  `DISCOUNT_TYPE` varchar(1) COLLATE utf8_unicode_ci NOT NULL DEFAULT 'A',
  `DISCOUNT_AMT_PCT` double NOT NULL DEFAULT '0',
  `EFFECTIVE_CHARGE` double NOT NULL,
  `VERSION` int(11) NOT NULL,
  PRIMARY KEY (`PACKAGE_ID`,`SERVICE_CODE`),
  KEY `package_has_service_ibfk_2` (`SERVICE_CODE`),
  CONSTRAINT `package_has_service_ibfk_2` FOREIGN KEY (`SERVICE_CODE`) REFERENCES `service` (`SERVICE_CODE`),
  CONSTRAINT `package_has_service_ibfk_3` FOREIGN KEY (`PACKAGE_ID`) REFERENCES `service_package` (`PACKAGE_ID`)
) ENGINE=InnoDB DEFAULT CHARSET=utf8 COLLATE=utf8_unicode_ci;
/*!40101 SET character_set_client = @saved_cs_client */;

--
-- Dumping data for table `package_has_service`
--

LOCK TABLES `package_has_service` WRITE;
/*!40000 ALTER TABLE `package_has_service` DISABLE KEYS */;
INSERT INTO `package_has_service` VALUES ('Pack1','CBP',1,1200,'A',0,0,0),('Pack2','BY_PASS',1,25000,'A',0,0,0);
/*!40000 ALTER TABLE `package_has_service` ENABLE KEYS */;
UNLOCK TABLES;

--
-- Table structure for table `patient`
--

DROP TABLE IF EXISTS `patient`;
/*!40101 SET @saved_cs_client     = @@character_set_client */;
/*!40101 SET character_set_client = utf8 */;
CREATE TABLE `patient` (
  `PATIENT_ID` int(11) NOT NULL AUTO_INCREMENT,
  `REGISTRATION_DATE` datetime NOT NULL,
  `REGISTRATION_TYPE_CODE` varchar(25) COLLATE utf8_unicode_ci DEFAULT NULL,
  `REGISTRATION_STATUS` varchar(25) COLLATE utf8_unicode_ci DEFAULT NULL,
  `SALUATION_CODE` varchar(6) COLLATE utf8_unicode_ci DEFAULT NULL,
  `FIRST_NAME` varchar(45) COLLATE utf8_unicode_ci DEFAULT NULL,
  `MIDDLE_NAME` varchar(45) COLLATE utf8_unicode_ci DEFAULT NULL,
  `LAST_NAME` varchar(45) COLLATE utf8_unicode_ci DEFAULT NULL,
  `FULL_NAME` varchar(256) COLLATE utf8_unicode_ci NOT NULL,
  `DATE_OF_BIRTH` date DEFAULT NULL,
  `GENDER_CODE` varchar(6) COLLATE utf8_unicode_ci DEFAULT NULL,
  `NATIONALITY_CODE` varchar(25) COLLATE utf8_unicode_ci DEFAULT NULL,
  `MARITAL_CODE` varchar(25) COLLATE utf8_unicode_ci DEFAULT NULL,
  `RELIGION_CODE` varchar(25) COLLATE utf8_unicode_ci DEFAULT NULL,
  `BLOOD_GROUP_CODE` varchar(5) COLLATE utf8_unicode_ci DEFAULT NULL,
  `MOTHER_TONGUE_CODE` varchar(25) COLLATE utf8_unicode_ci DEFAULT NULL,
  `MONTHLY_INCOME` varchar(20) COLLATE utf8_unicode_ci DEFAULT NULL,
  `OCCUPATION` varchar(45) COLLATE utf8_unicode_ci DEFAULT NULL,
  `CATEGORY_CODE` varchar(25) COLLATE utf8_unicode_ci DEFAULT NULL,
  `RATING_CODE` varchar(10) COLLATE utf8_unicode_ci DEFAULT NULL,
  `HEIGHT` varchar(10) COLLATE utf8_unicode_ci DEFAULT NULL,
  `HEIGHT_IND` varchar(25) COLLATE utf8_unicode_ci DEFAULT NULL,
  `WEIGHT` varchar(10) COLLATE utf8_unicode_ci DEFAULT NULL,
  `WEIGHT_IND` varchar(25) COLLATE utf8_unicode_ci DEFAULT NULL,
  `FATHER_HUSBAND` varchar(45) COLLATE utf8_unicode_ci DEFAULT NULL,
  `IMAGE` blob,
  `CURRENT_CONTACT_DETAIL_ID` int(11) NOT NULL,
  `PERMANENT_CONTACT_DETAIL_ID` int(11) DEFAULT NULL,
  `CREATE_DTM` datetime DEFAULT NULL,
  `CREATED_BY` varchar(45) COLLATE utf8_unicode_ci DEFAULT NULL,
  `LAST_MODIFIED_DTM` datetime DEFAULT NULL,
  `MODIFIED_BY` varchar(45) COLLATE utf8_unicode_ci DEFAULT NULL,
  `REFERRAL_CODE` int(11) DEFAULT NULL,
  `VERSION` int(11) NOT NULL,
  PRIMARY KEY (`PATIENT_ID`),
  KEY `Patient_Rating_Code_FK` (`RATING_CODE`),
  KEY `Patient_Category_Code_FK` (`CATEGORY_CODE`),
  KEY `Patient_Marital_Code_FK` (`MARITAL_CODE`),
  KEY `Patient_Gender_Code_FK` (`GENDER_CODE`),
  KEY `Patient_Nationality_Code_FK` (`NATIONALITY_CODE`),
  KEY `Patient_Blood_Group_Code_FK` (`BLOOD_GROUP_CODE`),
  KEY `Patient_Religion_Code_FK` (`RELIGION_CODE`),
  KEY `Patient_Mother_Tongue_Code_FK` (`MOTHER_TONGUE_CODE`),
  KEY `Patient_Registration_type_Code_FK` (`REGISTRATION_TYPE_CODE`),
  KEY `Patient_Registration_Status_Code_FK` (`REGISTRATION_STATUS`),
  KEY `Patient_Saluation_Code_FK` (`SALUATION_CODE`),
  KEY `REFERRAL_CODE` (`REFERRAL_CODE`),
  CONSTRAINT `patient_ibfk_1` FOREIGN KEY (`REGISTRATION_TYPE_CODE`) REFERENCES `registration_type` (`REGISTRATION_TYPE_CODE`),
  CONSTRAINT `patient_ibfk_10` FOREIGN KEY (`CATEGORY_CODE`) REFERENCES `patient_category` (`CATEGORY_CODE`),
  CONSTRAINT `patient_ibfk_11` FOREIGN KEY (`RATING_CODE`) REFERENCES `patient_rating` (`RATING_CODE`),
  CONSTRAINT `patient_ibfk_12` FOREIGN KEY (`REFERRAL_CODE`) REFERENCES `referral` (`REFERRAL_CODE`),
  CONSTRAINT `patient_ibfk_2` FOREIGN KEY (`REGISTRATION_STATUS`) REFERENCES `registration_status` (`REGISTRATION_STATUS_CODE`),
  CONSTRAINT `patient_ibfk_3` FOREIGN KEY (`SALUATION_CODE`) REFERENCES `saluation` (`SALUATION_CODE`),
  CONSTRAINT `patient_ibfk_4` FOREIGN KEY (`GENDER_CODE`) REFERENCES `gender` (`GENDER_CODE`),
  CONSTRAINT `patient_ibfk_5` FOREIGN KEY (`NATIONALITY_CODE`) REFERENCES `nationality` (`NATIONALITY_CODE`),
  CONSTRAINT `patient_ibfk_6` FOREIGN KEY (`MARITAL_CODE`) REFERENCES `marital` (`MARITAL_CODE`),
  CONSTRAINT `patient_ibfk_7` FOREIGN KEY (`RELIGION_CODE`) REFERENCES `religion` (`RELIGION_CODE`),
  CONSTRAINT `patient_ibfk_8` FOREIGN KEY (`BLOOD_GROUP_CODE`) REFERENCES `blood_group` (`BLOOD_GROUP_CODE`),
  CONSTRAINT `patient_ibfk_9` FOREIGN KEY (`MOTHER_TONGUE_CODE`) REFERENCES `mother_tongue` (`MOTHER_TONGUE_CODE`)
) ENGINE=InnoDB AUTO_INCREMENT=105 DEFAULT CHARSET=utf8 COLLATE=utf8_unicode_ci PACK_KEYS=0;
/*!40101 SET character_set_client = @saved_cs_client */;

--
-- Dumping data for table `patient`
--

LOCK TABLES `patient` WRITE;
/*!40000 ALTER TABLE `patient` DISABLE KEYS */;
INSERT INTO `patient` VALUES (1,'2010-07-21 22:00:00','NORMAL','ACTIVE','MR','Srinivasa','Rao','Yenuganti','Srinivasa Rao Yenuganti','1972-06-28','MALE','IN','MARRIED','HINDU','ONEG','IN_HI','','','1000003',NULL,'172','CMS','74','KGS','','/9j/2wBDAAgGBgcGBQgHBwcJCQgKDBQNDAsLDBkSEw8UHRofHh0aHBwgJC4nICIsIxwcKDcpLDAx\nNDQ0Hyc5PTgyPC4zNDL/2wBDAQkJCQwLDBgNDRgyIRwhMjIyMjIyMjIyMjIyMjIyMjIyMjIyMjIy\nMjIyMjIyMjIyMjIyMjIyMjIyMjIyMjIyMjL/wAAUCADIAMgEASIAAhEBAxEBBCIA/8QAHwAAAQUB\nAQEBAQEAAAAAAAAAAAECAwQFBgcICQoL/8QAtRAAAgEDAwIEAwUFBAQAAAF9AQIDAAQRBRIhMUEG\nE1FhByJxFDKBkaEII0KxwRVS0fAkM2JyggkKFhcYGRolJicoKSo0NTY3ODk6Q0RFRkdISUpTVFVW\nV1hZWmNkZWZnaGlqc3R1dnd4eXqDhIWGh4iJipKTlJWWl5iZmqKjpKWmp6ipqrKztLW2t7i5usLD\nxMXGx8jJytLT1NXW19jZ2uHi4+Tl5ufo6erx8vP09fb3+Pn6/8QAHwEAAwEBAQEBAQEBAQAAAAAA\nAAECAwQFBgcICQoL/8QAtREAAgECBAQDBAcFBAQAAQJ3AAECAxEEBSExBhJBUQdhcRMiMoEIFEKR\nobHBCSMzUvAVYnLRChYkNOEl8RcYGRomJygpKjU2Nzg5OkNERUZHSElKU1RVVldYWVpjZGVmZ2hp\nanN0dXZ3eHl6goOEhYaHiImKkpOUlZaXmJmaoqOkpaanqKmqsrO0tba3uLm6wsPExcbHyMnK0tPU\n1dbX2Nna4uPk5ebn6Onq8vP09fb3+Pn6/9oADgQBAAIRAxEEAAA/APecUuKdijFMR7/RRRTaKdij\nFABRRRTaQ0+kNMAooopuKMUtHfFIAooophFHanHg4NMZgMZ700OwUUUUh603NMluYYv9ZIq/7xxV\nf+0rPOPtUX/fYp2Ywoooq3TTTFnicfJIrfQ5p4+YHFKwBRRRSUhFKOT9KD0B9aaAKKKKbimEVIRj\nrTTVoYUUUVHikxTzTcUxBRRRTcUYp2KMUAFFFFIRTcU+kxSBhRRRWTrA/cx/U0U/WR+4jPuaKgkK\nKKK6iiiipAKKKKKDRSHpQAUUUUUhz2oJIxx1qlqWpQ6batcTMAoH50x2CiiirRmxwcio3uEBALce\nua8q1r4myO7raoFQcBs81ydx481OQ5+0Ec8GtFSkwQUUUV7/ACXUSKSzrj3Nef8Ai/x+mnf6Np7h\n5RwcHoa8tu/GWp3KFJLtip7ZrGe687LPIWPqa0jTsVYKKKK6DUPFGq6hJ/pF6xB/gB6VnrqdwrZ8\n849QaxmuxnGefWmC6YnHGK05ES5JBRRRXZ6f4qv7ORGhu5CFOcFuK7rRfiVHPKsF4ME/xV4qsgLB\ngMH61MtwytkGocELmQUUUV9Pw6lb3EatDKrKw7GrKkOOD0r5/wDDniq4027TzXLw4wQTXsGla5b3\ndqk0Um4OOnpWcoNFrVBRRRXQZOc5pCajjYFckn1pwIbpn8qSAKKKKWiiimIKKKKKKMUuKACiiim0\nHpS4oI4pAwooorM1kf6NH9TRTtX+a3jHuaKkkKKKK6SiiioAKKKKKQjIopCcUAFFFFMkfYC3pXjH\nxF8Tvc6gba2c+VH1A7mvU/EV/wD2bo11cE/MqEqa+b9UuWmnkkLHLMSa2hG5cUFFFFUri6LR/Nj6\nCs2S45606TnJqhIQD+NdcUKSCiiip2lz3p6v8vWqTtjGKUkgcNWnKiPeCiiinM/7zrT1l5qBYWkO\nQaljgYnrWblFC9lJhRRRVlZad53NRG1kAyCaYY2XrmpUo3E6UkFFFFX1nYJx1roNB8RXNhJGqSfK\nx6HtXICUg9akjm+fPeqkkyYSadmFFFFfSGgeIYbuARyTKHAHJPWunikGzggg96+aNJ1WS3mVmkO1\nffpXrPhbxSLgJHJIXUkAZNc0oWOm6aCiiivQFGBS0xTkZB4NPFSSFFFFLRSZ5pRQAUUUUUHpRRQD\nCiiis7VR+4j+pop2pDMKfU0VBIUUUV0NFJRUAFFFFFGcDNFJ2P0oAKKKK4D4mah5GiCLP+sJBHti\nvB7mXcxr1T4q3e6+itg3QAmvJriMq+c5FdlJaXNYahRRRVcnINVJYie1bWnaeb2cBRxXYQeE4GRd\n6ZNTPEKDOqOHuFFFFeYtCSRgZqWGzkkkwUbb64r1RfCdhGMlBTm0O0jUBVHFYzxysbQwoUUUVwEO\nmFVGFJ/CrkWk45wa64afCnQU2S2VVIxXJLEX2OlUEgooorl2sAAeM1RuLMY6V08sQQNgVkXeaqFV\ntkVKUbBRRRXPSWnJ4qrJG0Z6GtplJOKpXq4Wu6nUex5teikroKKKKrQTEZ5rodC1aS0uEZGIIOcG\nuajxtYntVuyY71fPIPArokk0cVNu4UUUV9P6FdNeaRBOwIZlBOa06xPCsjS+HbRmXB8sfyrcFcrW\npu9woooopwoooEFFFFFKOtFFIGFFFFUdS/1KfU0Uan/qY/qaKgkKKKK3sUUtFQAUUUUlNYEjinU1\njgUAFFFFeFfE6CRddcvnBTKmvPX+ZiPWvZfi1Zj7PBcqvzE7T+VeOBSZuRXXGXunRSWoUUUV0vha\nzJm+UDANd9sWNOcD3rK8GaZt03zmHLcirGoJcTytFGQF9c15lR3nZnpwVlcKKKKsCa2LYaRfzqtc\nyWYJ/eCuavtJvUJxcuPoM1nrZ3IOPOZiO7cUezg0aKbCiiiupAikPyMDTJIQ3PQVkW8c8eNxJ+lX\nLm7eOLkY4rF01fQrmbCiiiobyS3RSpYA1zt5cwKcbgah1Gaa4lKq2M8cVR/sl35aVvyrqpU7GMpB\nRRRUwljY8GqmoJmPcOlSNZtEMKSfwqeOAyQFG610RdpHPVV4hRRRXPIGYkD8c11PgrSU1bX4YXGV\nDbiPaufa3IuCgOMV6r8JNGl+0S6lJFtX7qkjrkV1N6HmqNmFFFFet21ultbpDGMIgwBVgCmjHY06\nsCnuFFFFLRSd6cKBBRRRRRRRSBhRRRVHUuYY/qaKNR/1SfU0VBIUUUVv0UUVAwooopKQ5xwM0tIf\nrigAoooriPiXbefoIIQsyEnj6V4XKuyYbhjBr6hvraG7t5IpVDqy45ryHXvCdo8hmjGCr8qO/NX7\nVRVjqoQcnoFFFFaWg/am0CA2wVcR5BYZzVicLa2RmkUNIRkketamm2n2XTIYlGFVcYrOuQ8TPv5U\nnqK8+bTlc9OK0sFFFFczq0tydPNxE6qPQjmuajvpdiyyMCWPQiuxv3gkjKqUJ9zXOSaeLmRtq5IN\naxlGwuWVwoooq9DcI0caqQJGrM1uEwxBt8nPqa3dN0Zp7pJGUhUApPEtoNjBlwB0qFJKWho4+6FF\nFFefify+WGWzwakmedwDEx96Q27iVlYfL2qSJHTA7Gu1TSRzKDbCiiigPIkir94d81aEYCmUcnsB\nQkJJBPWrCIGwF+UA80nNX0CUHYKKKKwVtZJ9WVAvLsBivpDw/p8Wn6LawRrt2pg+9eQ+H9OSfxRb\nkqCp/pXuUYGMDoBmtue6OCpGwUUUUuB6UtGcjNFBgFFFFFFFFABRRRS0UUUgYUUUVS1D/VJ9TRRq\nH+qT6mioJCiiit6iiioGFFFFFITilpCM0AFFFFRyDJ4rkfECm1VnWMHcw7e9dicAVmapapPDhxxn\nNROHMjpoVOVhRRRWHCrNCmeKJ7aN0IYDmrCnqAOB0prcmuS1nY9OMr6hRRRXNXWlRs5IUflUMOnJ\nE+Aqit65AXtWOXP2vjBGaxbaZ0xs0FFFFaNvahVwq/lWFr0CYYnJ+taE15qEco8gxqvuKx9f1ENa\nMAuX74rRboSe4UUUVxt1Dht4AwDU0Vj56hgKqG5kmQLtOSa2tPfbGB3FbybsRCwUUUVTktfIIyKh\n6Nir19KGbrWduHmAE8ninB3Jq6BRRRXa+BbD7RqgusZEQr05Rhs9ia4P4dyKsE6k/Oeorv8Atn0r\nsitDyaz1CiiikPJP1pKdjFFWc4UUUU2inUUAFFFFNpR1paKQMKKKKo6h/qk+poo1D/VJ9TRUEhRR\nRW/RSZpazGFFFFJRRSE4FMAooopGqvcx+ZCV7mpyajbBwfSnbQqLswooorAlQxOI+9REgNitLUYS\nx81RgisgkZzmuKrGzuepRnzKwUUUVDdDIrKQETuBySfyrXnwUzXO3jXJmZLYhSTyxGax6nYtgooo\nqa+Uqn72RR7ZrlLrylkdjIWX0rZOlzPl7qZmPqCRWHdWEUbtnfg9t1bRGlcKKKKxJpYC5ZG2nPFT\n2Nzgnnd9KpXmmoXO3fj/AHqWyU2Z45+tb2ujF6MKKKKs3MxZjkEDNMVCWQn61K5EwyR71oaHp0mo\nalFAoypI3HH3RThGxnVqaBRRRXo/gvRVs9NW5zlpetdZn5DioLWFba3SFBgKoFToNoIPOa6keXN3\nYUUUUinIpaKKZmFFFFJRS4oxQAUUUUUDrRRSBhRRRVLUf9Un1NFJqH+qT6mioJCiiit6iikPpULU\nYUUUUE00mkLbTzTXkRU3FsCnYaQUUUU6mN9Kia5XGV5FVZb5tpI+UVaRXK29Aoooq067mKMeCK5e\n+Jt5nXpzW/aM88xkY5AqvrenCVDNGMvjpWNWN0dNCfJOzCiiiue87etQtHggr95qrmR4SV646+1I\nLvoSc1wyi0epGaaCiiiln3iFkY1zF1uDHcM10E99FghhXN3l6vmHb0ojcTnYKKKKzrkd8YFUJGXP\nFT3tyWOBWZJKVb1rqhF2M5SQUUUVaV+RXrPgfSobXT1vdoMkg/SvJbCFrq6SNeR1Nep6JraaXapB\nIucD5cdq1Ukjkqu+wUUUV25oFZdvr1hMo/elWPqMVoxyxyDMcgcfWtlNM4nFphRRRTz1ooJwemaA\nQ3A4NUSFFFFFFGMcUUAFFFFFFFA60gYUUUVR1D/VJ9TRRqP+qT6mioJCiiit401uh5qrLeIGAzTH\nnUrhepqUi+UKKKKlnmWKMkkVzt7qLM+zJxmrOpzMQq4FY80ciyh8dqUnY3hFBRRRW7YyBowvXNOv\nV3QkAdKo6czE4rSZcHDdDWkHoS1ZhRRRTdCk3pOp6q2P0rVfBXBHtWbZwi2ujs6Pya1G+7Uvczm7\nO4UUUVzOseHRMTcWzYbqV9a5O4jeFikibWHUYr0h2Kms3UNPtdQjPmKFk7N3rKdO510KzW4UUUV5\njdnk1hzkck112uaTdacS6p58Hc9xXGTSPdSgRQsWPQAVgqdmdymmgoooqnO4OeKhitpLuQLEp9zi\nt+LQ3dVkuvkX+7WnDbxW0eIl4rW9kYzkFFFFV9M0xLSMH+PHJrRmKoiyK3K+tNXld3em3fzQKtQ2\nYvUKKKKsgrLEOcEc5FS2OoXVnMPLlYr6GqkXyRKKkDGnGTFyoKKKK7zSdZW6QCTAbOK1GdS4K8/S\nvOrSUqMjrmta21me3cc5FbKoZSphRRRXY5yaKxbfX0kYCRcE96145kmXcG3D0rZTTOdwYUUUU+gd\naVcY4prN8wpiYUUUVS1H/VJ9TRRqH+qT6mioJCiiimou+POeadD8uS/UVBaOTwaluHEaH1xU30Ou\n1wooorN1CfdcrgcZqWYBolYCqNwSZlJrUKBrIEVi5NmkUkFFFFQ2LlZK1mzIoz2rJtVxLWoGxget\nbU3oZzWtwoooqNbnyXwTyDxWrDMsqgg9awr2PPKmpdJuNrmFzyORVPclxugooorZkRWzVJowz7s9\nDj6VeRw6H1rmPGWtpoWiTT7gsj/Kg9TTjroZxvcKKKK5Xxv4igRZbSOdE8sZdgQT+VeeQ+LGt598\nCJsB71j6hNJcXLTOC7uSx3H1rHdishRI8Z5rf6smaKs4hRRRXrVrqEWq2guo3zk5dfQ1bz+7GAOa\n838Kam1jqSRM2YpfkI9K9HAAxjoeRXHXpqD0Nqc+cKKKKTbwfXNDqWZRUy4Y9PelEZLl+1c1y0FF\nFFCJuOPSn+WAcU9F+T3q5aW+/wC91poQUUUVDEpRMYppJSQY5q/cQeWOlVJF+YGjUE7hRRRU6zEA\nAqM1etr94OVJ+lZyjPNTKKrmYmkFFFFdVZ38VxjDc+9XjgYJzXFTytBErRZVq2dK1jz0ENw2GHSt\n41L7nPKmFFFFXtQ/1KfU0Uanj7NGwPc0VV0Y2YUUUVXhXyn5qveXJeYIAKtX7CIkisq2zPcgn1rF\nvQ7IK4UUUUt1H+8Qeta8cP8AoQAJqheJ/pEYrYgUeWFPpSpq4pOwUUUVThgw+cmpncKOe1EjhCaz\n5rgu2BVt2EtQooopJ7gu2M4qDzTBcpJknPFO2FjmpobQSnJ6j1pRldjCiiitJtQ8qWMEDBHJ9K8q\n+JupnUr/AMqI7o7foB0J9a9A1xzDHHDCPmcYY1x+raNHsxjLEfeNaU52kSo3CiiivK7rdPAGfAXo\ncdRWPKQG27m47966DVbT7DdzWxPzAbwe3Nc5M5LsQPmzjPavXjJWOScXcKKKKfavtuQy5LA5Fesa\nbeLPaQyE8KoDflXmOiW5l1IfLkgZNeh6XavGpjA+R+vtXl4x6nXh1oFFFFdCpU2jyDGO1XbSETWK\nnuayzbtawCLdkMRW3pRCxbT2rhSNwooopkVqwl5zg1ci+SYKK0PLRhwKqyQ+XMGq0hBRRRU91B5s\nYzkcVkTR4OPSulEYkhB9qyL2EITVSWhmnqFFFFUEPQVajTNVU61diHFZo0YUUUVV1QsqRqDUKts2\ny/xLU+psGljWmRx9cjIFPYW4UUUVswah9qtVRuMUVRt3ycKuKKs5ZbhRRRWfqPj3Rp/uyn86q2nj\nfR4XB3kn0z1ooplKTCiiiprjx1pc0qsFfj3rSj8f6YsQAikdvQMM0UVSByYUUUVBN4ytrjPlWk/P\n+0KgTxB8xP2Cds/7QoooZaCiiirseuMy8abcf99LVy31xkHOl3B99y0UUo7k9Qoooqhe6hd3U4ca\nfPgdMsKr373l1aBItNmD4xkkYooqo/ELmYUUUVwep+DNc1CdpGj25GOfSs8fDXWnP3OB14oors5n\nYykFFFFX9I8B6xZ3hmeMlR2Fdba6TfQdbWTH1FFFctXXc0pthRRRV6W1uHiCixk3A9cinwRXsX/L\nlJ+YoorGOxpzMKKKKvJc3q/8uUn5inSXN4xGbGQ/iKKKoXMwoooqePUbxE2fYH/MVWuXvp/+XNh9\ncUUUEuTCiiiqYttQzkQY9qmSHUR/yxoopD5mFFFFRXVnqEkqttTj2p5tb8x4UIvqcUUVVgbYUUUV\nZs7e5TmQqfoKKKKDMKKKK//Z',321,322,'2010-07-19 15:47:41','ajit kumar','2010-07-20 08:57:52','ajit kumar',NULL,1),(2,'2010-07-20 18:53:00','NORMAL','ACTIVE','MR','Venkata','Rao','Pulikam','Venkata Rao Pulikam','1986-10-29','MALE','IN','SINGLE','HINDU','BPOS','IN_TE','10000.00','Business','1000003',NULL,'170','CMS','68','KGS','Narasimha',NULL,325,326,'2010-07-19 15:55:30','ajit kumar','2010-07-19 16:07:44','ajit kumar',NULL,1),(3,'2010-07-20 18:57:00','NORMAL',NULL,NULL,'Uma','','','Uma',NULL,NULL,NULL,NULL,NULL,NULL,NULL,'','','1000003',NULL,'',NULL,'',NULL,'','/9j/2wBDAAgGBgcGBQgHBwcJCQgKDBQNDAsLDBkSEw8UHRofHh0aHBwgJC4nICIsIxwcKDcpLDAx\nNDQ0Hyc5PTgyPC4zNDL/2wBDAQkJCQwLDBgNDRgyIRwhMjIyMjIyMjIyMjIyMjIyMjIyMjIyMjIy\nMjIyMjIyMjIyMjIyMjIyMjIyMjIyMjIyMjL/wAAUCADIAMgEASIAAhEBAxEBBCIA/8QAHwAAAQUB\nAQEBAQEAAAAAAAAAAAECAwQFBgcICQoL/8QAtRAAAgEDAwIEAwUFBAQAAAF9AQIDAAQRBRIhMUEG\nE1FhByJxFDKBkaEII0KxwRVS0fAkM2JyggkKFhcYGRolJicoKSo0NTY3ODk6Q0RFRkdISUpTVFVW\nV1hZWmNkZWZnaGlqc3R1dnd4eXqDhIWGh4iJipKTlJWWl5iZmqKjpKWmp6ipqrKztLW2t7i5usLD\nxMXGx8jJytLT1NXW19jZ2uHi4+Tl5ufo6erx8vP09fb3+Pn6/8QAHwEAAwEBAQEBAQEBAQAAAAAA\nAAECAwQFBgcICQoL/8QAtREAAgECBAQDBAcFBAQAAQJ3AAECAxEEBSExBhJBUQdhcRMiMoEIFEKR\nobHBCSMzUvAVYnLRChYkNOEl8RcYGRomJygpKjU2Nzg5OkNERUZHSElKU1RVVldYWVpjZGVmZ2hp\nanN0dXZ3eHl6goOEhYaHiImKkpOUlZaXmJmaoqOkpaanqKmqsrO0tba3uLm6wsPExcbHyMnK0tPU\n1dbX2Nna4uPk5ebn6Onq8vP09fb3+Pn6/9oADgQBAAIRAxEEAAA/APC9K0q+1zVLfTNMtpLm8uH2\nRRJ1Y/yAAySTwACTgCvetI+HnhLwRBEdSgh8QeINn71ZjutLd8MCAmMP94D5sn5cjYeKh+HFjb+D\nvh7Dqiwbdf11XYSuhSS3tg2FAyc4bbvBAG7cOuwVLvyaAPBbS0uL+7jtbWJpZ5DtRF7/AP1vftXu\n3gP4HQXKR3utEyJlWGQQrdDhV/iHX5m4OR8vWo/gX4FW8gfW7yP905GAyfeUHhRkdyNx5ORt9c19\nDgADAGAK15tf1GWJII7g21tGnlx29sPKjjToFCrjgDgZ7Vnb/eod9G+gDE0nwhoGi2ywWWl2yIMH\nmMHn1x0B+gFbdFFTbqN1Q76N9ABRRRU26jdUO+jfQAUUUVNuo3VDvo30AFFFFTbqN1Q76N9ABRRR\nU26jdUO+jfQAUUUVNuo3VDvo30AFFFFTbqN1Q76N9ABRRRU26jdUO+jfQAUUUVNuoDkHIODUO+jf\nQAUhAIIIBB6g0tFbUHiPUY4pIJp/tdtKpSW3ux5qSKQQVIbsQSCB1qne/DvwT48gkisLRPD2uuVc\nSW6kxMFGCFi3BcFRnACnPOThs0d9KkzxSLJGzI6kMrKcEEdCDQBh6r4Q0LWLZoLnToAjDB8tAv5j\nGD07g14x47+C1tbQy3mnqsIz8skQwgPGA6fwjgjK+uTzgV9B010SWNo5EV0YFWVhkEHqCK8R8T+G\nNU8I65NpGrweVcR8qy8pKh6Oh7qcH8iCAQQCvf8Ax5psHxD+Gl3fzkLrXh+J7hJNxVWjwGfIAIO5\nUOB/eUcgE5KAPg3U9NutIvpLO8j2Sp6chh2IPcUV7h8Z/A0Vtbtd20eFjRpoGLc7B99D7DqM+wz1\noqhqDRRXCWdtO01nYxJZ2ztIH3RRKEU5HHIG7jjJNVd1ULBv+Jfbf9cl/kKsbqAPYfAOlro/gTRb\nQKQ4tI3kLJtYsVBOR6jgfhXR0UVPuo3VBuo3UAFFFFdjo/gi61jSob+O8hjSXdhWUkjDEf0q/wD8\nK1vf+ghb/wDfJrpvApz4NsP+2n/oxq6KgAooorzf/hWt7/0ELf8A75NH/Ctb3/oIW/8A3ya9IooA\nKKKK83/4Vre/9BC3/wC+TR/wrW9/6CFv/wB8mvSKKACiiivN/wDhWt7/ANBC3/75NH/Ctb3/AKCF\nv/3ya9IooAKKKK83/wCFa3v/AEELf/vk0f8ACtb3/oIW/wD3ya9IooAKKKK83/4Vre/9BC3/AO+T\nR/wrW9/6CFv/AN8mvSKKACiiivN/+Fa3v/QQt/8Avk0f8K1vf+ghb/8AfJr0iigAooorzf8A4Vre\n/wDQQt/++TR/wrW9/wCghb/98mvSKKACiiivLNT8CXemabPevewusK7iqqcmuR3V7P4tOPCmo/8A\nXL+orxHdQAUUUVPuo3VBuo3UAFFFFdL4N1I2Hie0OTsnPkOAAc7uB1/2tp/CisKyuGt7+2njOHjl\nV1PuCCKKAOf8a6amp+FbyN0RzEvnAOePl+99fl3DB9aK19SiWfS7uF/uyQup+hUiisqxb/iX23/X\nJf5Cp91UbJv9At/+uS/yFT7qALNFFFT7qN1QbqN1ABRRRXuXgI58F6f/ANtP/RjV0dc14AOfBGnf\n9tP/AEY1dLQAUUUV43/wsXxB/wA94f8AvyKP+Fi+IP8AnvD/AN+RXHbq9L0T4dabqeiWd9Ld3ayT\nxB2VSuAT6cUAFFFFYv8AwsXxB/z3h/78ij/hYviD/nvD/wB+RXU/8Ks0n/n+vfzT/wCJrkvG3he0\n8MfYfss88v2jzN3mkcbduMYA/vUAFFFFSf8ACxfEH/PeH/vyKP8AhYviD/nvD/35Fcduo3UAFFFF\ndj/wsXxB/wA94f8AvyKP+Fi+IP8AnvD/AN+RXHbqN1ABRRRXY/8ACxfEH/PeH/vyKP8AhYviD/nv\nD/35FcdursvBXhKz8TWt3Lc3E8RhdVAiI5yPcGgAooopP+Fi+IP+e8P/AH5FH/CxfEH/AD3h/wC/\nIrqf+FWaT/z/AF7+af8AxNVNV+G2mWGkXt5HeXbPbwSSqGK4JVSRnj2oAKKKKwf+Fi+IP+e8P/fk\nV65YzNcafbTvjfJErtj1IBr5y3V9E6T/AMgax/694/8A0EUAFFFFUPGHHhLUv+uP9RXhm6vcvGXH\nhDU/+uP9RXg26gAoooqfdRuqDdRuoAKKKKtQt+/j/wB4fzoqGFv38f8AvD+dFAEN5/x5T/8AXNv5\nUUl5/wAeNx/1zb+VFZ1m3+g2/wD1zX+VT76pWjf6FB/1zX+VTbqAJ6KKKn30b6g3UbqACiiive/h\n6c+BtOP/AF1/9GvXT1y/w6OfAem/9tf/AEa9dRQAUUUV8yb6+gfCHPhHSv8Ar3WvnfdX0P4O58H6\nT/17L/KgAooorbrzL4vHH9jf9t//AGnXpteXfGI4/sX/ALb/APtOgAooorzXfRvqDdRuoAKKKKn3\n0b6g3UbqACiiip99eq/CQ507Uv8Arqn8jXke6vWvhAc6dqf/AF2T+RoAKKKK9IrM8Sf8itq//XlN\n/wCgGtOsvxL/AMirrH/XlN/6AaACiiivnjfX0dpH/IFsP+veP/0EV81bq+ldH/5Alh/17R/+gigA\nooorO8aHHg7VP+uP9RXgW+vfPG3HgzVf+uP9RXz5uoAKKKKn30b6g3UbqACiiirUL/v4/wDeH86K\nhhb9/H/vD+dFAEF7/wAeNx/1yb+VFF7/AMeFx/1yb+RorPtG/wBDg/65r/Kpt9U7Vv8ARIf+ua/y\nqXdQBPRRRU++jfUG6jdQAUUUV9C/Dc58A6Yf+uv/AKNeuqrk/hoc/D7S/wDtr/6NeusoAKKKK+V9\n9fRng3nwbpH/AF7L/KvmzdX0j4L58F6P/wBeyfyoAKKKK3q8r+Mxx/Yn/bf/ANp16pXlHxqOP7D/\nAO2//tOgAooory7fRvqDdRuoAKKKKn30b6g3UbqACiiip99eu/B0503VP+uyfyNeN7q9h+DJzpmq\n/wDXZP5GgAooor06srxP/wAinrP/AF4z/wDos1q1k+KP+RR1r/rwn/8ARbUAFFFFfNu+vprRv+QH\np/8A17R/+givl7dX1Dov/IB07/r2j/8AQRQAUUUVm+ODjwTq3/XD+or53319D+O+PA+rf9cP6ivn\nHdQAUUUVPvo31Buo3UAFFFFWoX/fx/7w/nRUMLfv4/8AeH86KAIL7/jwuf8Ark38jRSX3/IPuf8A\nrk38jRVC2b/RYf8AcX+VS76z7G7hntY/KlVyqAEA8j6irO+gCxRRRU++jfUG+jfQAUUUV9H/AAyO\nfh5pZ/66/wDo1662uQ+F5z8OtKP/AF2/9HPXX0AFFFFfJW+vpbwTz4J0f/r1T+VfMW+vpzwPz4H0\nb/r1T+VABRRRXQV5L8bTj+wv+3j/ANp161TJIYpsebGj46blBoAKKKK+Td9G+vqw6fZHrZ25/wC2\nQ/wpp0rTj1sLU/WFf8KACiiivlXfRvr6nOi6U3XTLM/WBf8ACmnQdHPXSbA/W2T/AAoAKKKK+Wt9\neyfBU50zVf8Arsn/AKCa74+HNDPXRdOP/bqn+FWrPTrHTldbGyt7VXOWEESpuPvgc0AFFFFWayPF\nX/Ioa3/14T/+i2rXrI8V8eDtc/7B8/8A6LagAooor5h319TaJ/yANO/69Yv/AEEV8pb6+rdD/wCR\nf03/AK9Yv/QBQAUUUVl+PePAur/9cP6ivm3fX0j4/OPAesf9cP6ivmffQAUUUVPvo31Bvo30AFFF\nFWoX/fR/7w/nRVNryC1KyzyrGgOck/y9aKAK9/8A8g65/wCuT/yNFJqJC6Zdseghcn8jRXn6syMG\nRirDkEHBFadtr15BgSETIMcP1x9f8c1l0UAWaKKK6m38QWsoAl3RN7jI/MVoxzxyrujdXXplTkVw\ntOSR42DRuyMOhU4NABRRRX2Z8LDn4b6Sf+u3/o567GuC+C0jy/CTQ3kYsx8/JPU/v5K72gAooor4\n9319Q+BefAui/wDXqn8q+TI9Ws5SAJgpIzhgRj8elfWPgFlfwDobKQym0Qgg5B4oAKKKK6OiiuM8\ne+Pf+EI/s/8A4lv237Z5n/Lfy9mzb/snOd36UAFFFFdnRXjX/C+v+pb/APJ7/wC10f8AC+v+pb/8\nnv8A7XQAUUUV7LRXjX/C+v8AqW//ACe/+10f8L6/6lv/AMnv/tdABRRRXstFeNf8L6/6lv8A8nv/\nALXXceBPG/8Awm1peT/2f9j+zOqbfO8zdkZz90YoAKKKK62sfxb/AMiZrv8A2D7j/wBFtWxWN4u/\n5EvXf+wdcf8AotqACiiivlbfX1loX/Ivab/16xf+gCvkCS/tod2+dAV6jdk/lX194fYP4b0tlOQb\nOIj/AL4FABRRRWX8QePAOs/9e/8AUV8xF8DJOBX0p8UZXh+GWvyRnDrbEg49xXxnNcz3BzNK785w\nTwPwoAKKKK6mfWrODjzfMb0j5/XpWTceIbmTiBVhHr94/wCH6Vj0UAFFFFOkkeVy8js7HuxyaKbR\nQBU1X/kD3v8A17yf+gmijVf+QPe/9e8n/oJooooooAt0UUUUUUUAFFFFfX/wS/5JDoX/AG8f+lEl\negV5/wDBL/kkOhf9vH/pRJXoFABRRRXwBX2p8Mv+SZ+Hf+vGP+VfFdfanwy/5Jn4d/68Y/5UAFFF\nFdXXg37SV3NaHwwYWxu+1ZGAc/6mvea+f/2mv+ZW/wC3v/2jQAUUUV4n/bl1/ci/I/40q67OPvRx\nn6ZFZdFABRRRWwNebvbj/vv/AOtSHXn/AIYFH1bNZFFABRRRWn/blz2SL8j/AI19Bfs63sl5o2uN\nIFBW4jA2j/ZNfNVfRv7NX/IE17/r5i/9BNABRRRXuVc/47/5J54l/wCwVdf+imroK5/x3/yTzxL/\nANgq6/8ARTUAFFFFfEFfdXhn/kVNH/68Yf8A0AV8K191eGf+RU0f/rxh/wDQBQAUUUVh/FX/AJJd\n4h/69T/MV8Y19nfFX/kl3iH/AK9T/MV8Y0AFFFFFFFFABRRRRRRRQBU1X/kD3v8A17yf+gmijVf+\nQPe/9e8n/oJooooooAt0UUUUUUUAFFFFfX/wS/5JDoX/AG8f+lElegV5/wDBL/kkOhf9vH/pRJXo\nFABRRRXwBX2p8Mv+SZ+Hf+vGP+VfFdfanwy/5Jn4d/68Y/5UAFFFFdXXz/8AtNf8yt/29/8AtGvo\nCvn/APaa/wCZW/7e/wD2jQAUUUV4BRRRQAUUUUUUUUAFFFFFfRv7NX/IE17/AK+Yv/QTXzlX0b+z\nV/yBNe/6+Yv/AEE0AFFFFe5Vz/jv/knniX/sFXX/AKKaugrn/Hf/ACTzxL/2Crr/ANFNQAUUUV8Q\nV91eGf8AkVNH/wCvGH/0AV8K191eGf8AkVNH/wCvGH/0AUAFFFFYfxV/5Jd4h/69T/MV8Y19nfFX\n/kl3iH/r1P8AMV8Y0AFFFFFFFFABRRRRRRRQBU1X/kD3v/XvJ/6CaKNV/wCQPe/9e8n/AKCaKKKK\nKALdFFFFFFFABRRRX1/8Ev8AkkOhf9vH/pRJXoFef/BL/kkOhf8Abx/6USV6BQAUUUV8AV9m/DW9\ntI/hr4eR7qFWFlGCDIARxXxlRQAUUUV97/2hZf8AP3b/APfwf414H+0rcQz/APCMeTNHJt+1Z2MD\nj/U+leCUUAFFFFFFFFABRRRRRRRQAUUUUV9G/s1f8gTXv+vmL/0E185UUAFFFFff9c/47/5J54l/\n7BV1/wCimr4gooAKKKKK+6vDP/IqaP8A9eMP/oAr4Vr7q8M/8ipo/wD14w/+gCgAooorD+Kv/JLv\nEP8A16n+Yr4xr7O+Kv8AyS7xD/16n+Yr4xoAKKKKKKKKACiiiiiiigCpqv8AyB73/r3k/wDQTRRq\nv/IHvf8Ar3k/9BNFFFFFAFuigEEAg5B70UUUUUAFFFFfX/wS/wCSQ6F/28f+lElegV5/8Ev+SQ6F\n/wBvH/pRJXoFABRRRXj/APwzj4P/AOglrn/f+H/41R/wzj4P/wCglrn/AH/h/wDjVewUUAFFFFeP\n/wDDOPg//oJa5/3/AIf/AI1R/wAM4+D/APoJa5/3/h/+NV7BRQAUUUV4/wD8M4+D/wDoJa5/3/h/\n+NUf8M4+D/8AoJa5/wB/4f8A41XsFFABRRRXj/8Awzj4P/6CWuf9/wCH/wCNUf8ADOPg/wD6CWuf\n9/4f/jVewUUAFFFFeP8A/DOPg/8A6CWuf9/4f/jVH/DOPg//AKCWuf8Af+H/AONV7BRQAUUUV4//\nAMM4+D/+glrn/f8Ah/8AjVH/AAzj4P8A+glrn/f+H/41XsFFABRRRXj/APwzj4P/AOglrn/f+H/4\n1XrFjZx6fp9tZRFmjt4liQuckhQAM+/FWKKACiiiuO+Kv/JLvEP/AF6n+Yr4xr7O+Kv/ACS7xD/1\n6n+Yr4xoAKKKKKKKKACiiiiiiigCpqv/ACB73/r3k/8AQTRVfxHdpYeGNWvJc+XBZTStj0VCT/Ki\niiiigDnvhRr8XiL4baPOhHm20Is5137yHiAXJPqyhXx/tDr1rtK+R/hD8Rl8Da9JBqLynRL7CzhP\nm8l/4ZQuMnAyCByQc8lQK+tIJ4bq3juLeVJoZUDxyRsGV1IyCCOCCO9FFFFAElFFFbFj4s8SaZZx\n2dh4g1W0tY87IYL2SNFySThQcDJJP41Y/wCE78Yf9DXrn/gxm/8Aiq5+igAoooroP+E78Yf9DXrn\n/gxm/wDiqP8AhO/GH/Q165/4MZv/AIqufooAKKKK6D/hO/GH/Q165/4MZv8A4qj/AITvxh/0Neuf\n+DGb/wCKrn6KACiiiug/4Tvxh/0Neuf+DGb/AOKo/wCE78Yf9DXrn/gxm/8Aiq5+igAoooroP+E7\n8Yf9DXrn/gxm/wDiqP8AhO/GH/Q165/4MZv/AIqufooAKKKK6D/hO/GH/Q165/4MZv8A4qj/AITv\nxh/0Neuf+DGb/wCKrn6KACiiiug/4Tvxh/0Neuf+DGb/AOKo/wCE78Yf9DXrn/gxm/8Aiq5+igAo\nooroP+E78Yf9DXrn/gxm/wDiqP8AhO/GH/Q165/4MZv/AIqufooAKKKK2rvxh4nv7WS1vPEer3Fv\nKNskU19I6OPQgtg1i0UUAFFFFFFFFABRRUc88Nrby3FxLHDBEheSSRgqooGSSTwABzmiiiigDg/j\nR4hGgfDPUQrgXGoAWMQK7gd+d/0/dh+fXFFfPnxX8fN468Ul7dv+JTZborIbSCwON0hzzliB6YAU\nYznJRRRRQBwdeh/D74va14FiWwaNdR0fcW+yyuVaMnOfLfnaCcEggjrgAkmiiiiiigD6B0D4w+CP\nEEQK6xHp820s0Oo4gKgHH3idhJ4OAxOD9cddaaxpd/AJ7PUrO4hbpJDOrqfxBoooooooAn+2Wv8A\nz8w/99ij7Za/8/MP/fYoooooooAPtlr/AM/MP/fYo+2Wv/PzD/32KKKKKKKAD7Za/wDPzD/32KPt\nlr/z8w/99iiiiiiigA+2Wv8Az8w/99ij7Za/8/MP/fYoooooooAPtlr/AM/MP/fYo+2Wv/PzD/32\nKKKKKKKAD7Za/wDPzD/32KPtlr/z8w/99iiiiiiigA+2Wv8Az8w/99ij7Za/8/MP/fYoooooooAP\ntlr/AM/MP/fYo+2Wv/PzD/32KKKKKKKAD7Za/wDPzD/32KrXmt6Tp0JmvtUsraIdXnuERfzJoooo\noooA4/xB8ZvBOgKy/wBqjUZwARDpwE2Qf9vITjuN2favnvx98V9d8dO1u5+waTxiwhfIYg5zI2AX\nOcdgBgcZ5JRRRRRQBwdFFFf/2Q==',327,328,'2010-07-19 15:59:17','Bhavesh ','2010-07-19 16:37:42','ajit kumar',NULL,1),(4,'2010-07-20 19:11:00','NORMAL',NULL,NULL,'Ramesh','','','Ramesh',NULL,NULL,NULL,NULL,NULL,NULL,NULL,'','','1000003',NULL,'',NULL,'',NULL,'',NULL,333,334,'2010-07-20 19:11:46','Bhavesh ',NULL,NULL,NULL,0),(5,'2010-07-20 20:11:00','NORMAL',NULL,'MASTER','Siva','','','Siva',NULL,NULL,NULL,NULL,NULL,NULL,NULL,'','','1000003',NULL,'',NULL,'',NULL,'',NULL,338,339,'2010-07-19 17:13:45','Bhavesh ','2010-07-20 09:32:01','ajit kumar',NULL,2),(6,'2010-07-22 12:55:44','DIRECTSERVICEREGISTRATION',NULL,'MASTER','chetana','','','chetana',NULL,NULL,NULL,NULL,NULL,NULL,NULL,NULL,NULL,'1000003',NULL,NULL,NULL,NULL,NULL,NULL,NULL,340,341,'2010-07-22 12:55:44','Bhavesh ',NULL,NULL,NULL,0),(7,'2010-07-22 12:59:57','DIRECTSERVICEREGISTRATION',NULL,'MASTER','chetana','','','chetana',NULL,NULL,NULL,NULL,NULL,NULL,NULL,NULL,NULL,'1000003',NULL,NULL,NULL,NULL,NULL,NULL,NULL,342,343,'2010-07-22 12:59:57','Bhavesh ',NULL,NULL,NULL,0),(8,'2010-07-22 13:16:16','DIRECTSERVICEREGISTRATION',NULL,NULL,'harita','','','harita',NULL,NULL,NULL,NULL,NULL,NULL,NULL,NULL,NULL,'1000003',NULL,NULL,NULL,NULL,NULL,NULL,NULL,344,345,'2010-07-22 13:16:53','Bhavesh ',NULL,NULL,NULL,0),(9,'2010-07-22 13:46:00','NORMAL',NULL,NULL,'Madhavi','','','Madhavi',NULL,NULL,NULL,NULL,NULL,NULL,NULL,'','','1000003',NULL,'',NULL,'',NULL,'',NULL,346,347,'2010-07-22 13:47:37','Bhavesh ',NULL,NULL,NULL,0),(10,'2010-07-22 13:46:00','NORMAL',NULL,NULL,'Mahima','','','Mahima',NULL,NULL,NULL,NULL,NULL,NULL,NULL,'','','1000003',NULL,'',NULL,'',NULL,'',NULL,348,349,'2010-07-22 13:50:33','Bhavesh ',NULL,NULL,NULL,0),(11,'2010-07-22 13:57:00','NORMAL',NULL,NULL,'kavitha','','','kavitha',NULL,NULL,NULL,NULL,NULL,NULL,NULL,'','','1000003',NULL,'',NULL,'',NULL,'',NULL,350,351,'2010-07-22 13:57:32','Bhavesh ',NULL,NULL,NULL,0),(12,'2010-07-22 13:57:00','NORMAL',NULL,NULL,'mahima','','','mahima',NULL,NULL,NULL,NULL,NULL,NULL,NULL,'','','1000003',NULL,'',NULL,'',NULL,'',NULL,352,353,'2010-07-22 14:00:26','Bhavesh ',NULL,NULL,NULL,0),(13,'2010-07-22 14:02:00','NORMAL',NULL,NULL,'purnima','','','purnima',NULL,NULL,NULL,NULL,NULL,NULL,NULL,'','','1000003',NULL,'',NULL,'',NULL,'',NULL,354,355,'2010-07-22 14:02:33','Bhavesh ',NULL,NULL,NULL,0),(14,'2010-07-22 15:13:00','NORMAL',NULL,NULL,'sreedhar','','','sreedhar',NULL,NULL,NULL,NULL,NULL,NULL,NULL,'','','1000003',NULL,'',NULL,'',NULL,'',NULL,356,357,'2010-07-22 15:14:02','Bhavesh ',NULL,NULL,NULL,0),(15,'2010-07-22 15:18:00','NORMAL',NULL,NULL,'Ravi','','','Ravi',NULL,NULL,NULL,NULL,NULL,NULL,NULL,'','','1000003',NULL,'',NULL,'',NULL,'',NULL,358,359,'2010-07-22 15:18:50','Bhavesh ',NULL,NULL,NULL,0),(16,'2010-07-22 15:39:00','NORMAL',NULL,NULL,'radha','','','radha',NULL,NULL,NULL,NULL,NULL,NULL,NULL,'','','1000003',NULL,'',NULL,'',NULL,'',NULL,360,361,'2010-07-22 15:40:38','Bhavesh ',NULL,NULL,NULL,0),(18,'2010-08-21 23:28:00','NORMAL',NULL,'MR','Phani','','','Phani',NULL,NULL,NULL,NULL,NULL,NULL,NULL,'','','1000003',NULL,'',NULL,'',NULL,'',NULL,364,365,'2010-08-21 11:34:19','Bhavesh ',NULL,NULL,NULL,0),(19,'2010-08-21 23:39:00','NORMAL',NULL,'MR','Manohar','','','Manohar',NULL,NULL,NULL,NULL,NULL,NULL,NULL,'','','1000003',NULL,'',NULL,'',NULL,'',NULL,366,367,'2010-08-21 11:39:43','Bhavesh ',NULL,NULL,NULL,0),(20,'2010-08-21 23:39:00','NORMAL',NULL,NULL,'Siva ','','','Siva ',NULL,NULL,NULL,NULL,NULL,NULL,NULL,'','','1000003',NULL,'',NULL,'',NULL,'',NULL,368,369,'2010-08-21 11:41:57','Bhavesh ',NULL,NULL,NULL,0),(21,'2010-08-21 23:39:00','NORMAL',NULL,NULL,'Rakesh','','','Rakesh',NULL,NULL,NULL,NULL,NULL,NULL,NULL,'','','1000003',NULL,'',NULL,'',NULL,'',NULL,370,371,'2010-08-21 11:43:14','Bhavesh ',NULL,NULL,NULL,0),(22,'2010-08-21 23:45:00','NORMAL',NULL,NULL,'Rohan','','','Rohan',NULL,NULL,NULL,NULL,NULL,NULL,NULL,'','','1000003',NULL,'',NULL,'',NULL,'',NULL,372,373,'2010-08-21 11:45:19','Bhavesh ',NULL,NULL,NULL,0),(23,'2010-08-21 23:45:00','NORMAL',NULL,NULL,'Sameer','','','Sameer',NULL,NULL,NULL,NULL,NULL,NULL,NULL,'','','1000003',NULL,'',NULL,'',NULL,'',NULL,374,375,'2010-08-21 11:46:10','Bhavesh ',NULL,NULL,NULL,0),(24,'2010-08-21 23:52:00','NORMAL',NULL,NULL,'Rajesh ','','','Rajesh ',NULL,NULL,NULL,NULL,NULL,NULL,NULL,'','','1000003',NULL,'',NULL,'',NULL,'',NULL,376,377,'2010-08-21 11:52:27','Bhavesh ',NULL,NULL,NULL,0),(25,'2010-08-21 23:55:00','NORMAL',NULL,NULL,'Rehana','','','Rehana',NULL,NULL,NULL,NULL,NULL,NULL,NULL,'','','1000003',NULL,'',NULL,'',NULL,'',NULL,378,379,'2010-08-21 11:55:50','Bhavesh ',NULL,NULL,NULL,0),(26,'2010-08-21 23:55:00','NORMAL',NULL,'MR','Sunil','','','Sunil',NULL,NULL,NULL,NULL,NULL,NULL,NULL,'','','1000003',NULL,'',NULL,'',NULL,'',NULL,380,381,'2010-08-21 12:23:22','Bhavesh ',NULL,NULL,NULL,0),(27,'2010-08-21 12:26:00','NORMAL',NULL,NULL,'Ravinder','','','Ravinder',NULL,NULL,NULL,NULL,NULL,NULL,NULL,'','','1000003',NULL,'',NULL,'',NULL,'',NULL,382,383,'2010-08-21 12:26:36','Bhavesh ',NULL,NULL,NULL,0),(28,'2010-08-21 12:37:00','NORMAL',NULL,NULL,'Madhu','','','Madhu',NULL,NULL,NULL,NULL,NULL,NULL,NULL,'','','1000003',NULL,'',NULL,'',NULL,'',NULL,384,385,'2010-08-21 12:37:29','Bhavesh ',NULL,NULL,NULL,0),(29,'2010-08-21 12:41:00','NORMAL',NULL,NULL,'Manmohan','','','Manmohan',NULL,NULL,NULL,NULL,NULL,NULL,NULL,'','','1000003',NULL,'',NULL,'',NULL,'',NULL,386,387,'2010-08-21 12:41:55','Bhavesh ',NULL,NULL,NULL,0),(30,'2010-08-21 12:43:00','NORMAL',NULL,NULL,'Madhusudan','','','Madhusudan',NULL,NULL,NULL,NULL,NULL,NULL,NULL,'','','1000003',NULL,'',NULL,'',NULL,'',NULL,388,389,'2010-08-21 12:43:41','Bhavesh ',NULL,NULL,NULL,0),(31,'2010-08-21 12:44:00','NORMAL',NULL,NULL,'Ujjwal','','','Ujjwal',NULL,NULL,NULL,NULL,NULL,NULL,NULL,'','','1000003',NULL,'',NULL,'',NULL,'',NULL,390,391,'2010-08-21 12:44:40','Bhavesh ',NULL,NULL,NULL,0),(32,'2010-08-21 12:50:00','NORMAL',NULL,NULL,'Suman','','','Suman',NULL,NULL,NULL,NULL,NULL,NULL,NULL,'','','1000003',NULL,'',NULL,'',NULL,'',NULL,392,393,'2010-08-21 12:51:11','Bhavesh ',NULL,NULL,NULL,0),(33,'2010-08-21 12:55:00','NORMAL',NULL,NULL,'Rajesh','','','Rajesh',NULL,NULL,NULL,NULL,NULL,NULL,NULL,'','','1000003',NULL,'',NULL,'',NULL,'',NULL,394,395,'2010-08-21 12:55:35','Bhavesh ',NULL,NULL,NULL,0),(34,'2010-08-21 12:58:00','NORMAL',NULL,NULL,'Suresh','','','Suresh',NULL,NULL,NULL,NULL,NULL,NULL,NULL,'','','1000003',NULL,'',NULL,'',NULL,'',NULL,396,397,'2010-08-21 12:58:15','Bhavesh ',NULL,NULL,NULL,0),(35,'2010-08-21 13:00:00','NORMAL',NULL,NULL,'erewrwer','','','erewrwer',NULL,NULL,NULL,NULL,NULL,NULL,NULL,'','','1000003',NULL,'',NULL,'',NULL,'',NULL,398,399,'2010-08-21 13:00:28','Bhavesh ',NULL,NULL,NULL,0),(36,'2010-08-21 13:03:00','NORMAL',NULL,NULL,'Sandeep','','','Sandeep',NULL,NULL,NULL,NULL,NULL,NULL,NULL,'','','1000003',NULL,'',NULL,'',NULL,'',NULL,400,401,'2010-08-21 13:03:22','Bhavesh ',NULL,NULL,NULL,0),(37,'2010-08-21 13:50:00','NORMAL',NULL,NULL,'Rohan','','','Rohan',NULL,NULL,NULL,NULL,NULL,NULL,NULL,'','','1000003',NULL,'',NULL,'',NULL,'',NULL,402,403,'2010-08-21 13:51:27','Bhavesh ',NULL,NULL,NULL,0),(38,'2010-08-21 14:03:00','NORMAL',NULL,NULL,'Syam','','','Syam',NULL,NULL,NULL,NULL,NULL,NULL,NULL,'','','1000003',NULL,'',NULL,'',NULL,'',NULL,404,405,'2010-08-21 14:03:41','Bhavesh ',NULL,NULL,NULL,0),(39,'2010-08-21 14:05:00','NORMAL',NULL,NULL,'Siva','','','Siva',NULL,NULL,NULL,NULL,NULL,NULL,NULL,'','','1000003',NULL,'',NULL,'',NULL,'',NULL,406,407,'2010-08-21 14:05:42','Bhavesh ',NULL,NULL,NULL,0),(40,'2010-08-21 14:15:00','NORMAL',NULL,NULL,'Rashmi','','','Rashmi',NULL,NULL,NULL,NULL,NULL,NULL,NULL,'','','1000003',NULL,'',NULL,'',NULL,'',NULL,408,409,'2010-08-21 14:16:02','Bhavesh ',NULL,NULL,NULL,0),(41,'2010-08-21 14:16:00','NORMAL',NULL,NULL,'Mahima','','','Mahima',NULL,NULL,NULL,NULL,NULL,NULL,NULL,'','','1000003',NULL,'',NULL,'',NULL,'',NULL,410,411,'2010-08-21 14:16:50','Bhavesh ',NULL,NULL,NULL,0),(42,'2010-08-21 14:22:00','NORMAL',NULL,NULL,'Rohan','','','Rohan',NULL,NULL,NULL,NULL,NULL,NULL,NULL,'','','1000003',NULL,'',NULL,'',NULL,'',NULL,412,413,'2010-08-21 14:23:04','Bhavesh ',NULL,NULL,NULL,0),(43,'2010-08-21 14:22:00','NORMAL',NULL,NULL,'Sahtish','','','Sahtish',NULL,NULL,NULL,NULL,NULL,NULL,NULL,'','','1000003',NULL,'',NULL,'',NULL,'',NULL,414,415,'2010-08-21 14:24:09','Bhavesh ',NULL,NULL,NULL,0),(44,'2010-08-21 14:22:00','NORMAL',NULL,NULL,'Sameer','','','Sameer',NULL,NULL,NULL,NULL,NULL,NULL,NULL,'','','1000003',NULL,'',NULL,'',NULL,'',NULL,416,417,'2010-08-21 14:31:59','Bhavesh ',NULL,NULL,NULL,0),(45,'2010-08-26 11:09:04','DIRECTSERVICEREGISTRATION',NULL,'MR','Rajesh','Kumar','','Rajesh Kumar',NULL,NULL,NULL,NULL,NULL,NULL,NULL,NULL,NULL,'1000003',NULL,NULL,NULL,NULL,NULL,NULL,NULL,422,423,'2010-08-26 11:09:04','Bhavesh ',NULL,NULL,NULL,0),(46,'2010-09-13 17:27:53','DIRECTSERVICEREGISTRATION',NULL,'MRS','Rajesh','','','Rajesh',NULL,NULL,NULL,NULL,NULL,NULL,NULL,NULL,NULL,'1000003',NULL,NULL,NULL,NULL,NULL,NULL,NULL,427,428,'2010-09-13 17:27:53','Bhavesh ',NULL,NULL,NULL,0),(47,'2010-09-13 17:30:42','DIRECTSERVICEREGISTRATION',NULL,'MR','Shankar','','','Shankar',NULL,NULL,NULL,NULL,NULL,NULL,NULL,NULL,NULL,'1000003',NULL,NULL,NULL,NULL,NULL,NULL,NULL,429,430,'2010-09-13 17:30:42','Bhavesh ',NULL,NULL,NULL,0),(48,'2010-09-13 17:42:15','DIRECTSERVICEREGISTRATION',NULL,'MASTER','Rajesh','','','Rajesh',NULL,NULL,NULL,NULL,NULL,NULL,NULL,NULL,NULL,'1000003',NULL,NULL,NULL,NULL,NULL,NULL,NULL,431,432,'2010-09-13 17:42:15','Bhavesh ',NULL,NULL,NULL,0),(51,'2010-09-14 21:37:00','NORMAL',NULL,'MR','Ankit','','','Ankit',NULL,NULL,NULL,NULL,NULL,NULL,NULL,'','','1000003',NULL,'',NULL,'',NULL,'',NULL,437,438,'2010-09-14 09:45:22','ajit kumar',NULL,NULL,NULL,0),(52,'2010-09-14 22:30:00','NORMAL',NULL,NULL,'Ranjeet','','','Ranjeet',NULL,NULL,NULL,NULL,NULL,NULL,NULL,'','','1000003',NULL,'',NULL,'',NULL,'',NULL,439,440,'2010-09-14 10:30:46','ajit kumar',NULL,NULL,NULL,0),(53,'2010-09-14 22:34:00','NORMAL',NULL,NULL,'Deepak','','','Deepak',NULL,NULL,NULL,NULL,NULL,NULL,NULL,'','','1000003',NULL,'',NULL,'',NULL,'',NULL,441,442,'2010-09-14 10:34:22','ajit kumar',NULL,NULL,NULL,0),(54,'2010-09-14 22:37:00','NORMAL',NULL,NULL,'Suresh','','','Suresh',NULL,NULL,NULL,NULL,NULL,NULL,NULL,'','','1000003',NULL,'',NULL,'',NULL,'',NULL,443,444,'2010-09-14 10:37:15','ajit kumar',NULL,NULL,NULL,0),(55,'2010-09-14 23:00:00','NORMAL',NULL,NULL,'Satish','','','Satish',NULL,NULL,NULL,NULL,NULL,NULL,NULL,'','','1000003',NULL,'',NULL,'',NULL,'',NULL,445,446,'2010-09-14 11:01:12','ajit kumar',NULL,NULL,NULL,0),(56,'2010-09-14 12:13:00','NORMAL',NULL,NULL,'Siva','','','Siva',NULL,NULL,NULL,NULL,NULL,NULL,NULL,'','','1000003',NULL,'',NULL,'',NULL,'',NULL,447,448,'2010-09-14 12:13:55','ajit kumar',NULL,NULL,NULL,0),(57,'2010-09-16 12:08:02','DIRECTSERVICEREGISTRATION',NULL,NULL,'Shailendra','','','Shailendra',NULL,NULL,NULL,NULL,NULL,NULL,NULL,NULL,NULL,'1000003',NULL,NULL,NULL,NULL,NULL,NULL,NULL,449,450,'2010-09-16 12:08:03','ajit kumar',NULL,NULL,NULL,0),(58,'2010-09-30 18:11:00','NORMAL',NULL,NULL,'Emil','','','Emil',NULL,NULL,NULL,NULL,NULL,NULL,NULL,'','','1000003',NULL,'',NULL,'',NULL,'',NULL,457,458,'2010-09-30 18:11:47','Bhavesh ',NULL,NULL,NULL,0),(59,'2010-09-30 19:00:18','DIRECTSERVICEREGISTRATION',NULL,NULL,'Jai','','','Jai',NULL,NULL,NULL,NULL,NULL,NULL,NULL,NULL,NULL,'1000003',NULL,NULL,NULL,NULL,NULL,NULL,NULL,459,460,'2010-09-30 19:00:19','ajit kumar',NULL,NULL,NULL,0),(60,'2010-09-30 19:01:00','NORMAL',NULL,NULL,'Shailesh','','','Shailesh',NULL,NULL,NULL,NULL,NULL,NULL,NULL,'','','1000003',NULL,'',NULL,'',NULL,'',NULL,461,462,'2010-09-30 19:01:17','ajit kumar',NULL,NULL,NULL,0),(61,'2010-10-01 09:19:41','DIRECTSERVICEREGISTRATION',NULL,NULL,'Manohar','','','Manohar',NULL,NULL,NULL,NULL,NULL,NULL,NULL,NULL,NULL,'1000003',NULL,NULL,NULL,NULL,NULL,NULL,NULL,463,464,'2010-10-01 09:19:41','Bhavesh ',NULL,NULL,NULL,0),(62,'2010-10-01 09:22:26','DIRECTSERVICEREGISTRATION',NULL,'MR','Banti','','','Banti',NULL,'MALE',NULL,NULL,NULL,NULL,NULL,NULL,NULL,'1000003',NULL,NULL,NULL,NULL,NULL,NULL,NULL,465,466,'2010-10-01 09:22:26','Bhavesh ',NULL,NULL,NULL,0),(63,'2010-10-01 09:34:22','DIRECTSERVICEREGISTRATION',NULL,NULL,'Gopi','','','Gopi',NULL,NULL,NULL,NULL,NULL,NULL,NULL,NULL,NULL,'1000003',NULL,NULL,NULL,NULL,NULL,NULL,NULL,467,468,'2010-10-01 09:34:22','Bhavesh ',NULL,NULL,NULL,0),(64,'2010-10-01 09:36:00','DIRECTSERVICEREGISTRATION',NULL,'MS','Deepthi','','','Deepthi',NULL,'FEMALE',NULL,NULL,NULL,NULL,NULL,NULL,NULL,'1000003',NULL,NULL,NULL,NULL,NULL,NULL,NULL,469,470,'2010-10-01 09:36:00','Bhavesh ',NULL,NULL,NULL,0),(65,'2010-10-01 12:06:00','NORMAL',NULL,'MR','Siva','k','Nagaraju','Siva k Nagaraju',NULL,NULL,NULL,NULL,'HINDU',NULL,'IN_HI','','','1000003',NULL,'',NULL,'',NULL,'',NULL,471,472,'2010-10-01 12:08:39','ajit kumar',NULL,NULL,NULL,0),(66,'2010-10-01 18:42:00','NORMAL',NULL,NULL,'Siva','','','Siva',NULL,NULL,NULL,NULL,NULL,NULL,NULL,'','','1000003',NULL,'',NULL,'',NULL,'',NULL,473,474,'2010-10-01 18:43:03','ajit kumar',NULL,NULL,NULL,0),(67,'2010-10-06 21:45:17','DIRECTSERVICEREGISTRATION',NULL,NULL,'Ranu','','','Ranu',NULL,NULL,NULL,NULL,NULL,NULL,NULL,NULL,NULL,'1000003',NULL,NULL,NULL,NULL,NULL,NULL,NULL,475,476,'2010-10-06 21:45:17','ajit kumar',NULL,NULL,NULL,0),(68,'2010-10-06 21:55:39','DIRECTSERVICEREGISTRATION',NULL,NULL,'Bhavesh','','','Bhavesh',NULL,NULL,NULL,NULL,NULL,NULL,NULL,NULL,NULL,'1000003',NULL,NULL,NULL,NULL,NULL,NULL,NULL,477,478,'2010-10-06 21:55:39','ajit kumar',NULL,NULL,NULL,0),(69,'2010-10-06 21:59:06','DIRECTSERVICEREGISTRATION',NULL,NULL,'Sreenu','','','Sreenu',NULL,NULL,NULL,NULL,NULL,NULL,NULL,NULL,NULL,'1000003',NULL,NULL,NULL,NULL,NULL,NULL,NULL,479,480,'2010-10-06 21:59:07','ajit kumar',NULL,NULL,NULL,0),(70,'2010-10-13 16:49:00','NORMAL',NULL,NULL,'naresh','','','naresh','1980-12-12','MALE','IN','SINGLE','HINDU','ONEG','IN_TA','121212.00','no','1000003',NULL,'5.3','INCHES','22','POUNDS','NARAYANA',NULL,481,482,'2010-10-13 17:09:13','Alok Ranjan',NULL,NULL,NULL,0),(71,'2010-10-13 19:31:00','NORMAL',NULL,NULL,'amar.b','','','amar.b',NULL,NULL,NULL,NULL,NULL,NULL,NULL,'','','1000003',NULL,'',NULL,'',NULL,'',NULL,483,484,'2010-10-13 19:32:03','Alok Ranjan',NULL,NULL,NULL,0),(72,'2010-10-14 22:19:00','NORMAL','ACTIVE','MR','ramesh','y','','ramesh y','2000-12-12','MALE',NULL,'SINGLE','HINDU','ABPOS','IN_HI','','','1000001','G','5.6','INCHES','36','KGS','','/9j/2wBDAAgGBgcGBQgHBwcJCQgKDBQNDAsLDBkSEw8UHRofHh0aHBwgJC4nICIsIxwcKDcpLDAx\nNDQ0Hyc5PTgyPC4zNDL/2wBDAQkJCQwLDBgNDRgyIRwhMjIyMjIyMjIyMjIyMjIyMjIyMjIyMjIy\nMjIyMjIyMjIyMjIyMjIyMjIyMjIyMjIyMjL/wAAUCADIAMgEASIAAhEBAxEBBCIA/8QAHwAAAQUB\nAQEBAQEAAAAAAAAAAAECAwQFBgcICQoL/8QAtRAAAgEDAwIEAwUFBAQAAAF9AQIDAAQRBRIhMUEG\nE1FhByJxFDKBkaEII0KxwRVS0fAkM2JyggkKFhcYGRolJicoKSo0NTY3ODk6Q0RFRkdISUpTVFVW\nV1hZWmNkZWZnaGlqc3R1dnd4eXqDhIWGh4iJipKTlJWWl5iZmqKjpKWmp6ipqrKztLW2t7i5usLD\nxMXGx8jJytLT1NXW19jZ2uHi4+Tl5ufo6erx8vP09fb3+Pn6/8QAHwEAAwEBAQEBAQEBAQAAAAAA\nAAECAwQFBgcICQoL/8QAtREAAgECBAQDBAcFBAQAAQJ3AAECAxEEBSExBhJBUQdhcRMiMoEIFEKR\nobHBCSMzUvAVYnLRChYkNOEl8RcYGRomJygpKjU2Nzg5OkNERUZHSElKU1RVVldYWVpjZGVmZ2hp\nanN0dXZ3eHl6goOEhYaHiImKkpOUlZaXmJmaoqOkpaanqKmqsrO0tba3uLm6wsPExcbHyMnK0tPU\n1dbX2Nna4uPk5ebn6Onq8vP09fb3+Pn6/9oADgQBAAIRAxEEAAA/APU803rS0Ac13HGe/wBFFFCr\nUyimqKlVaTY0gooopQKXFKBS4NK4WCiiiqd/dJY2ck7kfKOD7+lcfqU+qTyQzwXDblXLAevYVsa9\nK1zdxWsZRo4zl0Pdu1LPafZo44wuDjc3PeuKq+eR001aIUUUVhReJtWs5Ak8YdAPStW38aWzSBLi\nF0J70wqrudyA8Y6VWl0+0lkO5AD7003EGkwooorpLbWdPuseXcL9GNXgQ2GVlI/2TXAzaAnml4ZG\nXHQA4pkSaxYysYpmZegBOatVpE+zQUUUV6Dgf/rFFcRB4u1K3Yrc229V6nFa9n4xsLnAkBjOSOat\nV09yXTaCiiiugxSYqC31Czu13QTo3sTVrB+o9q0U0zNphRRRTcUmKdj2pO9X6C06hRRRTcUYp2KS\ni4BRRRTcU0ipKQii4WCiiioGWmEVOwqIjmqTJaCiiim4opaKq4gooop+KULzS4pyis7loKKKKeoq\nVRTQKkAqCgooooAoxS9KVdoJZiAgyST2A6mpcrK5Sjd2CiiioprC3BS6aNfN9fasm/kWaRZEPBGK\n2L28S508PFzE0RdW9q5/Ia3t/wDrnXLu7nQ1ZWCiiiuQ8TeNYPC+pw21zbNMkqb9yjpUVj8Q/Dt6\ncecYGP8AC3+NZHxF1CK01e1ikto5VMORuGe9cPIug3v+shaFv9jgVqqTkr3M+dJhRRRXt1tqGn3m\nTb3kT56fvBVpY2zkEMM9q8ETSIl+bT9WkjYdBux/WtKz1TxfpOGguhcRjszZNS6dRbIpNPqFFFFe\ny+UMHzI8jmqr6bayR4ZAPTFed2vxR1WzXZqWnDHdh/8AqresfiboN4As7GB/eo17B8wooorYk0Yx\nqDayshz6077Zr2mqBFJ5oHY+lWbXWNKvwptr2Ns9t1X9hzlSG46jml8x2QUUUVBY+NJAuL61YMOC\nR3rbtfEem3QAWcIx/hbiuL8VLMmmpNbkK0b5YleormrfWopDG1wiqPLBLr/ereEKjV4sxnKCdmFF\nFFe2o0cgyjqw9QaUjFeR2WtNDKv2e7lVj0DH5frXT23i3ULZUE8KyqwBUjuPWqc5R+NC5U/hYUUU\nV2uKQisW08V6fcHa5Mbd89K14bq3uV3QTI6+3erjUjLZicWFFFFDCoyKnKkckVEVrRMhoKKKKjxR\nT8UU7k2CiiipMU5RzS4p6jms7miQUUUU4Cl6UopCR/SpuVYKKKKQnHWmanGqaBes7Y3wsBz7VIim\nWQKBkd65+e6m16K2ZAyR+fNGYh/GBwK5689OVG1COvMwoooq5aKE8K2g7C0xVEE/Z4MAY8oVoXv+\nhaOlswwyQbf/AK1ZajFvbjcf9UKzjsVLcKKKK4XxzDYzapbrdBBJ5fG484zXINoFlKD5cpX6EV0X\nxF0m4vtYt5Yivyw7eTz1riRpmrQAmNXP0Ymu6m7RRyy1YUUUVZl8NS7f3UoOKqtp+p2h3Ju4/umn\nC91S1+8HAHXIqeLxLcKNssasKv3WTawUUUVTOo6hGNs6F1H95aje5sbj/j5sVB7leK2f7fsplVZo\nsH6UMdHuum1SfeiyfUrmaCiiisZLTTmYNa3c1s/14rTtbzxBYHdY6sJlHYnrSvoNpNzBNg9sc1Vk\n0C7gLNDMSR74rOVGL6FRqMKKKK34/iBrEC+TqeniePvgZzU1p4l8K3sji4tntHfuwOM1y5Or2oww\nZx3BGagku0lUpdWUZ98cis/ZOPwsv2ie6CiiivQ49Isb7b/Z2pxyMVICk/NjtVjVLDU4LO0aMkmG\nMLJs5Nc18P7a1k8Rme2VgUTlSeK6rxZcXtpewvaXLQny+VxkN9aFUne24nCFroKKKKwhdagsrQeW\nWK8ncMcVq6VfzPdrAkjRS9gpyDWfF4q1GLIu7GCdSMFkHJH5VsafaWl5bxazBG9oQxYqfSicoyVn\nGxMU7hRRRXaeHZ9TmlZbkgwqOSeua32FZHhi5gu4bg28u9Q65wa2iOB9KqkrIJoKKKKixRUmKK0u\nRYKKKKdinqKTFKKzuXYKKKKUnFOZP9AmlPYcUx+AajFyTcTW7gC2igVy3uetZVJWiaU43YUUUVXb\nUzYWDnbvu3iMiL6gcZql4ZhkWwtGkIEnmyuc9snmkkuk1DxEfKjxBHaBUf8AvAmts2qLeW0YG1TG\nw2g9q5eZydzptyxsFFFFZ+uSxTWbSR8qIjtPrWOjDybf/rmtbmvQpDZvGgAQQ4HtWIMiOAYGBEta\nRMmFFFFecfEHVLiw1yBIeUMAJGO+a5ePxO6D95ACK7fxndWEesRx3ezf5QPIHSubFro1wDny+ffF\ndsHaKOaTTbCiiiqkXiKzkGJIStSi40e7Q7gAffinnw3YTLmNip9jmqknhYkZilJx2Iq7i0Ciiiny\naNptwmY5dpPowqtL4ZxzDcE0yTw9fQjKE47YOKgEWr23GJcdeMmi4gooopZNF1G3P7tifxqPz9Wt\nTgq5APpUw1nUbc/vFye+4YqdPEZPE0KkfWmAUUUVAuvzq2J4AR6kVKurWM4xLCAfephqWm3HEsSq\nT7UhstJuRlHVT9cUNggooorpPAyWr6zNJakf6vJArT8ZAi8t/wDrnVHwBp8Vnq8zRSbg0XTrjmtL\nxnkXVucfwGuWD/es2kvcCiiiuVz6jtXZWI2+D2KDkQsce/NceSMjPpXd2ieV4UDjBxAzY/OqrPVE\n01owoooo+Ed3LdaZqXmIVZJUHP0Neh4wBXAfCe8S8sdSKoEZZE3D8DXoRFUmTYKKKKjxRTsUU7hY\nKKKKdSgUYpwFRctIKKKKhc8GsW4vLlLPU5vLDP8AZEVV9ScityQdSegGfyqs1ruu57kgG3mESxr9\nOtYVnfQ2o6XCiiimWFsq6YJNoEgVE3e3HFaC25j1CAlixw7Z+vaomiVopWjfKK+MDp1FXm+W7j9Q\nhxWKRe7uFFFFZXiNsROgH348VisoVIRn/lko/StvXNxtJGcciKsaXZiLj/lmP5VoiWFFFFeceO9D\nbUtaSVZQpEQXH51y0nhpLW1hmubsoZmIAAJxj6Vv+P7+8tfESi1ZgnkrwB3yaks47vU/DlhKsDSN\nvkDbR05rp5rRRhb3mFFFFcxPot/biOS3kaWGRdyOpxnt3p7WGvWojJcr5ib1VmAJWtbVNXl0aa0s\nXh5S2BIJ6EsTV/xOE1GGwnwyyPYR7CG6cmiU2kgSTCiiiuVbV9UtJGhnQ70OCCKkTxM/Hm2yn3ro\nNU1PTY9Tntph80eFJZepAxVMf2LOM5iyfYVonoZ2CiiiqY16ymOJYcD3FL5ujXAbcqAmpn0fS5j+\n7cD/AHTVebwxCwJilbP0qrhYKKKKa2kabOcxzBc+9QSeGwfmhnX86RvDVyg/dS/majbT9XtxlSxA\n9DSuFgooors/h5ptzZ6ldtMdyGHA9ua2/FGm3N5JDJBEXCqQcdqx/h3LfG+u47sOF8n5T+Nd40sc\ncm0yqGI7+lcfM1UbOhK8bBRRRXmMtlcxkCS2cfhXbwRi38MqGBIFuzEfnWuV3LyocE9xVW/CixuA\n4wgiIx6DFDm5WuEY8twoooqh8KLi1uLTUzbLtw0ef1r0IjArzz4TJarb6p9kOQWjz+teikVumZ2C\niiimUUuKKdxWCiiingUtIKXNZ3LSCiiiql67LAY4+JpAQo+uf8KrLdzzXjWBjAisxEC3dmYc/lVx\nIjJcvK/KocIPSq6Iq67f56loSfrtrnbbZstEgooorQ2pFBOBwPMAA/EVJuf+0It391qgl+eOYj/n\nqP51aIzexk9kNJDCiiis/XsCCYnp5fNYUxP7rA48tf5VreJJWWN0UcMmD7ViTHBjG7jy1/lTRLCi\niiuH8WapZ2mtCK5GWManp25ro/CksE2hJJbj5GdgOPpXK+L9CXU9Z85pSp8tRgDtzXR+FLVtN8Px\nWoO4K7HJrol/DRlH4mFFFFYXi2302XXT9pMfm+WvXPqa6rSbSyudHtN0KSIsSIpPoM1wvjfRbrUP\nEJuYSoHkqvX6102j6zp+h6LYWWoXSRTLbgkMfc0p/CrDjuwooorlde8PQT67ez+cQ7SnK+lZj+FS\nOUuMk0/xFb6k/iC/uLfzDDJKWQrnBB6Gs8T6xCBxN+tbLYyCiiinyeHL2P7ko9uTUDabq8A+Vn/A\n1J/bGqxnkMfqtPHiO8X/AFkSk98im2IKKKKrCbWYOokIH0p41u/j4kiJ+oq0vif/AJ6W4xTx4gsn\nB8yHGaVwCiiiup+Hurte313C0WwiHOce9S+PE33NoAxVivUEjvSeBb7T7nUbhbdcSGE54rr7vTbO\n+ZTdQ7yv3T6Vxyfvs6I/CFFFFZfiF5rXwwWgkeOVFQBx26VX0R7i58ImS8naWSSN8u2OlbV/ZRaj\nZNayk7GxnFVvsMdjorWMLfu0iZcnryDUxexdtwoooqr8KLKG0i1XyJN4Yofp1r0Y15r8IrQ2keq5\nfcDs7/WvS66epiFFFFMop1FO4BRRRQKQnFGaYTWbZVgoooqxENyg44ArIAaXxFfP2R4h9flrViLF\nVAPFUY8DXL8f9NIun+7WLepogoooq+ygRye8o/nTmcSXiqMjKEVDO4W2kkd9iiTJ/P0pxS5uZkki\nxFDtyXI5Pt7UldjuFFFFZPiQolpPtfeyxgBB/WsGV1LxjJ/1a/yrrNdtoLXw/qEqIAzx5Zu9cWZM\nypx/yzT+VVsxbhRRRXAeNrq9h1/Fsz+X5S9B3rr/AAbPLN4ZtnuM+bubOfrWJ4k1q0s9X8mcHd5Y\nOcZrpfDlzBeaNFND/q2Jx+dbSfuIyivfYUUUVxXjLW7uy8SvFCMxiNT0+tLqKzajp9nM1uW8y0XJ\n255ya0fEdzpia3IlyI/M2L1X611Wj/Z5NJtTCqmIoNvHbJpydooEveYUUUV5zq/iE2Wq3Vr9nDLE\nwT8hioV8VQkYe34rX1eDSZdYvGm8vzjKd+SM5qkdM0dgMFefRq1T0MmgoooqAeI7Fz80J/IUo1fS\nZCd8SjPqKc2g6YxG18fRqY3huyYnbMf++qLjsFFFFL5+iSn7sY47g1G1po8o4dRTT4WhzhZzUT+F\nmGds44pNgFFFFdZ4I0+yttXlltpVZjCRgGtnxJ4juNClgEEKSh1yd2a53wNpEun66ZGcMrRMK6Lx\nJoVzrE9u8JULGMHPfmuOdufU3i/d0CiiitDUNTNhpH294QxCKxQe9U7bU/7a0Ce7jgMPmI6hD7Cr\nOu2c15osltAmZSqgc+lVLCzl0/wx5DjEyxuSB6nNSraWLCiiioPg/BdQJqq3LZ+5j9a9O715n8Ip\nbqSLVRcjG3YFz+NemE811SepikFFFFJiiiilcLBRRRUeR6j86Y5rOh02dGy7vj/fqxdzJY2TTSk7\nIk5aspOy1KQUUUVowuPJUY5wKpQRyS6zqXl4LK8RH/fNTaLJFqemRXoyscgPHfiq1nqEEPiPV48E\nkSRR8epTIqVq9SrhRRRWzDYKGdpm8ws27B6CrG9VQqcAc96yLvVZfssrwLsMdysJ3emaqyxyN4ut\n0d3KC0bIH3c5p3SAKKKKb4iuLY6Zq9stxuuBArvH/dB6Vxx3eYmG6Rp/Kuk1m2eOfxBOY8RyWsaq\n+OuO34VzBYecvP8AAv8AKk3qNbBRRRXK+JNCTUtZM7TsjbAuAK6XwvaHT9Dit1O4KzHNcT4sur+H\nxC62zyeWEXoDXW+D55ZfDsT3BPml2zmtG/cRlG/MwooornvFWgvqWvy3AmC5RVx6VsWXiC08N6Za\nWF0sjtFDuLqOOprnPFepX0HiWaO2ZvLCKelWmtr7U9JtZPKd2e3AY/8AAjVOzirgr3CiiiqOs+H5\n73W7y8ilUJNIZF69DzVD/hGb0ciQH05NWNY1nULfWr2GMHZG5UDb0A4qoNf1Ifw/+O1onoRysKKK\nKU+H9SXo2f8AgRpDo2qpwGP4Gnf8JFqHeMflSnxHfYz5Qz/u0BYKKKKjGm6wDxvP/AqPsutJ08w/\njUy+J7xePJH/AHzTh4puhx5HWi4WCiiitvwQNSTxHGLkP5fltkmvRLi9tbVgLi5WLIyA1efeEdel\nvfEEVu0QXKtyfpV/xyglurNG6lccfWuSsvfNqekQooortJJoliEjShU4+c+9VLu5jfTrmWGRZAIm\nwV7kCqHiVQPC7xkcKqDHpiqehRi18HbtvBSR8fnWUVovUt9QoooqX4Tam1wuq+eoQgJjjr1r0eO7\nildgpPy+o615x8K7+K7XUisYQrszx9a6a+8SR2t95KSBQg+bA71tVq8rIgtAooorpgwNFctH4rjz\nzLn3oqPbofIFFFFQWviQBys08rf8BFcz4p1LUNUkdIJStpwqKD944zzXO3OvbJTtllH41SOqSXDM\nsU7BySfoa5/auT1KQUUUV7p4PjL+ELBScExngfWpLW3ik8RamGXDLLE59zs4ql8PnkXwVpwbLfIe\nc+9NsdYV/E99EqkukwjlPuBgV0t6go3Ciiiuo+yQ7HXbkNJvP1qQovnbsDOzGe9U31SOKJ3KNhZh\nF9STQ2pwrqAtNreYYS/4Zp6AFFFFVvFP/Iuahjj91ya8+TPmjC5+Rf5V3HiTUbV9J1S2diDBAryn\nHRT3rgYte0tWDbnK7QASuO1S3ZgloFFFFYeu6paWmqvFMCH2qeQK2/DlzFd6V5sOShYgcYrlten8\nN6tqr3MmomNsBSu3OMVf0bxJ4c0PThaR3rSqCWzj1rRyXKieWzuwooopNd1SxtdYlimX95hTyBXS\n6FMlzpFtLDjYy/L/AN9GvP8AWb/w3rGqPeveyLuAXG30rotF8TaNYaRFbwysyQjjIwetEpe7YIx1\nuwooorP1HWNNi1G6SQL5iyMDkd6pnWtMK/cGc+gqldXnhW9v5rl7qfMzlsBTwalubPwxbQmZ5rgr\nxj5epPQVamS6bCiiipzrWlk/dX/vmj+2dKyflX/vmq+lWnhrWb9LK0a5aVgSPw/Cujj8AWRYAJPk\n9ATjP6UnVSF7JhRRRWENY0oEEoOn90UHV9J/55jn/ZFdIngHTCoYwzMO53f/AFq5Wa58IW08kMlp\ndFkYqcH/AOtTVbS4eyCiiitvw1qOnTa5DHAmJWyAcV3TW8M77pYFkZRwSOleY2Ov+FtI1CC4trK6\nM4yVBbOP0rpZPiNaLavcpp821Thh0x+lc9STcrm0IpRCiiiuqljSZCksYdT2NVLwRw2EyBNkaRk7\nQOMVh2fxAs7uVUNq0eVLBn4HAzWY/wASLfUT5UWmy+TM3lMxPHPHXFQrrctoKKKK1/h3fWQW++zs\nI920MMdetaN9oH2mcSrdKcg7+D/hWZ4WksLO5+w6dE1vNeS+WGlXOWA7dK62Lw/r8zObnVI0AJC7\nE/8Ar1FWqpsiMUgooorn08OFT/x9KfwP+FFdGfDGpDn+2D+CH/Gisfd7D5QooorxG80+8MxzPH27\nf/WpbK3jspx9uk2eaeD6j+9XQXXhzX2kJS3QD60ieGLy/njju1ZpYoyVAb7oNbcq5rDUdLhRRRXq\nngPULSLwpY26t8gB2Me/P/16m0uyI8UahOyqY5XDIR3IqDw5pSQeHbO1K4eIfNz05z/Ss2xF/Z+J\n5hDO7RSXKIY+yLg5/Wrk3dGkIrlYUUUV289hHLCycqGmEn45prWBOtRXuRhYDGVxWdb+IkW0M14h\nX/TDbLj1zxW4k0bSlFYFtvIz/StU0YtNBRRRXPavps0v9uOINyXFqqL/ALR9K5LU9HhWZcQoNsaK\nUA6cCvUgfmfPOAK4rUcNqt0p7tTaTdxaoKKKK8f0jwvp+r+INYjvMqsDBkCnrk1y7QLbvcxrao6R\nSsoYk9ATWx4kmuNK8T3yw3Lwu7clT1FR6b4m0DTrB7a/tHubl2Zy/rn8KLXWg35hRRRU3gLRNO1u\n1v5dQRcxkNGN2Mdao2tpEIy4LEruIx0wCRVF76BppJbRngilOQg9K1I/Gdjp+jiwFgZJQpUyn3Of\nSm432DoFFFFW9P0rTG+Hc17IiNqAZgOeQAQKx9bmkeDT4VRtuQzHbxx0qmJ4RjAfHBC9jir+oeM5\ndWWKxezRI0xhgOTjihITewUUUV6Lo9npUXizQv7OEQzA5kK9c7R1ru7qFbzUI4reYpNArb1HuP8A\nGvIPhnKJPGtuFiyTG/OOnFe03MMiX0TWlv8AvZVYySFfQcVM7uOhpBpS0Ciiio9JEBs/s6O0j252\nyMR3rx9ptMgtNftrkJ9rkmbyty8nntXtmnxutikksYSZxmXA6n1r5115rhdcuyFXiUkMPrRy2igk\n7zbQUUUVBYwT6b4ktrjU4NkIIIBAPy1oa67X0N7d2YC2rvgAcVzcerahqd7JJcy+YEGAD2p2pXFw\nkFnGszKjs2QD1ocdSU9AoooroLxzq+nW1nYgRzwwnezcDp60eHblItLttJeHNw12jCTsADXO6lLc\nw2jlZihGAfetHw7ufUNNJmJ3TJx6802vdHf3gooor1W51DS9Pvo55JFWeBy0ZXqD3q1H8Q4OS07K\nMnBIHNeealC8+oXMsbBVd5Tg9flYiud0yO5vdYuYJWcxRplTjjOQKnljYVwooor2pfiHaE4NxRXl\nU2nMh+VWopeyiK4UUUV6c8c0rfLdzAe9WNOsb6zinP2qGTzX3bmPzKp7dK7y40OxmHRa4CfVLHT/\nABa2lxWsr4b94wUspz0bOKjkad2zRTvpYKKKK0L+5votOtxb6rbxSKC7DuSO3StkJOJLKX5Yrl2V\n5h/e47VnXegaVeTpNc2yvj7pAx1qbX9StxZwadJHIZZiEhlTqnPrQVtsFFFFPh8vUdItzcRi1Zb/\nAHYb+JgTT44Jx8S5XUyCH7EAvPy7qyrC4Fxb29jqSOPIuQ8VyejEHnNdHDfXbeNZLLylNp5PmCQD\nv9apakt7hRRRVXTvEr/27r9vcptisADuHcVSupluNRkmj5V8MPoRUsWjl73xHPBKJJbwFQnpiqpi\naKURsMOqqp+uBVJ6ImW+gUUUV41468g+K7oZOeOK4PUUUXZK9Norv/GoU+LbvMZJwOgrjrxALos0\nZBKYAIrSnsTO4UUUVYtiq20OYxyoOKy7wZu3wpA3DA9eK37aGf7NB+6H+rBzWPqMcwvmDAKVAORQ\nmDvZBRRRWwqgYHlDOOn4Vk2kUiarGu3B2tgHvXRzWswkJM8YPbB9qxrKWW71aISNlow4BQZyKE+o\npXugoooq++rahoi/b7GTyZlyquAOh4qCX4jeKZ1IbVZf+AgCt/S9N0/UJlh1AyGDgtxXcaV4N+H9\nyAqTRM+cbZGAz+dNT0CcXcKKKK8aPi/Xp2UPqV1knrvIrTlO+NGafczICcnJJr3mH4c+E9oxp8Tj\nsRg0y7+G/hWbLG3ETYwCCOP0qZSuCVgooor500pE864LFhjtTr0s9/aoVfaOgNetT/Cmz06W4lst\nZhXzBwkjD/GvO/EemTaVrtnHcTQy8/ejcH+VF7sdtAoooqlrIb7FIfKYDcBk1r+HYJf7T0k+UMea\nnP41na5d5spI85DPgVr6Hcqmo6UzEeWGXdx2pPYtL3mFFFFdfYX2lQahf/2kAu15Nu4f7Rqh/aWj\nK4Mc8asRklV/Ss069b61catbJbAvG8jCQdCAeKzrVVSUkxLjHU1CbVybBRRRXSDUtMc/LdZzzjbR\nWONRW1Yf6OhopXqdh8qCiiivZ2lmzxLJ/wB9VXeP7Iy6s6q0bfupmxzk8ipGPzVpadCuoaXf2Dcs\n67kB9cVKTb1KTsFFFFVF1KBosDJ9KzdRkub4CO3MS4OfMb+H3HFR20RtIy9xxDC213/H0rvk07S3\ntQ3loY5F4+lUot7DlKwUUUVysX2BNH+y3N/AzA795POcdqjTVJdAmguXzdaa6hRMPvKPeoNW0Pw1\nY61FHOsYmZTJEXbAx35qew8R6LNdyeGJVjWMqBbuCCrE9s+tVytGfNe4UUUVc8LWrpqupX8Nz9ot\n7hwYsHjb60moL/xNLhhk/PnFUbyy1PwfNE+lp5lkWJmQ8gg/yrm/EHiSS/vkmtbxrVDJteIDduPp\nxTilsxPV3QUUUVxvjNxB4quFBZDtHBANcZqUge6Jc5+TvxW74mumuvEskjFsOo4rIitBfStBCD57\nMEUtwKIyUdy6lrBRRRVtJFFha4X/AJY9nPPWsu9OVmlBAUMoKnkmt6/sbexlghiKOqIY96nqR1/X\nNYotJ31F42hfDMGXAyM4zmojNPUUp6IKKKK2ruUmdiwABwfu47Vi20a2OsxsCcMrnitm4v7m9jHn\ngDC/JxjNY1tDNdXXnAFikRKgdhVQfu6hOT0Ciiip7i7ktwjiZokPVs9aRL6PEUnmsSDkFOKqawd+\nnxgkZHaqdhOZTDaZCFiFDn1rWnFNakVJO4UUUV0f/CfarpsDR21zKMnA3tnFUU8W69eo7SalMM88\nNWDqkLWuozQNIJCjEbh0qS1ybUkZ68mm4pIlN9QooorYs77UbmWZ5bm4dOzFjipV0a+1XUDJDuZY\nRuYuewqlp1+RG9uX+Un5Rjqa1IdRmtWkC3IRirDaTwQRWEnJPQq/uhRRRUN3bme2FsV2u74+bsa3\n7bR5LOwtSWQ3OQAmeh7ZrGWd7/7O8oDCMHJB9uK1PD4OriUOZFdoW3N0wR0IqLy0GpahRRRVmy8P\nLps12Axiu5o2jK9lJpIvDOrpIZFljnQjGB6/lSRR3VpqEsv2iW4dmyWZTzXUafezFQWtXPHYcVrJ\ntDUQooormJPC+ryY/cD86K7dbuTP/HpL+Ropc3mLkYUUUV1DD5quaNcfZtViJ6OdhoorNbl9Aooo\np+u2US6lJaSDEN2uVPo+axdU1lNL1Cy0ORp/OaEybk6AKM46+xooq4/EyZbIKKKK5DxlBL4v8Cxa\ntAJ7e7tpnVI2OGde/Q1zGiQlToMu4+Ysqg5OTnB70UVbejFEKKKK9h8N+L5tRkOg65GiXkpPkEdJ\nVB/nVXxR4MY3bSWUSiNWExAHp1ooqZbDe4UUUV41r+F8Qtn+EAfhU8enhtPFxEzW7KWfce4C/wCN\nFFc027BUCiiioru2kgXThOyKknys6jn8fzp48QwJfmJF2vHtVAQMPxjNFFEFzQ1Il8KCiiiqEmoG\n6Ta4QCP5QV+taQ0+y0/SPNacg/Z92VY5yT0oorSeijYqXQKKKK7eHwDpV9rnh+OSNvKvdLeWRO3m\nbeD/AOPVyGrfB/W9LeaSNDLHGHkVx6DGP50UV1r4SZ7hRRRXnk1lMs5Eisrg4bd1q1a20m1YQ23c\ncc9qKKfQEFFFFdBb+DngxNJexHceAtdTZ+FYdUtBYzqkLZBEpHJ/GiiuOsxhRRRXQab4GsLGJYhL\n5pByxA61sf2NpunlFitzGxOMkYGDRRXN2LsFFFFatlpMFxsupYIQ6ghSBwee46Gr/wBlhXosQHoF\nAoors6FIKKKKUW8PbbRRRUjCiiiv/9k=',491,492,'2010-10-14 10:26:04','Alok Ranjan',NULL,NULL,NULL,0),(73,'2010-10-18 21:43:00','NORMAL','ACTIVE','MR','gangadhar.p','','','gangadhar.p','1987-11-11','MALE','IN',NULL,'HINDU',NULL,'IN_TE','1111.00','vvvvvvv','1000001','G','5.7','INCHES','54',NULL,'',NULL,493,494,'2010-10-18 09:45:17','Alok Ranjan',NULL,NULL,NULL,0),(74,'2010-10-19 21:40:00','NORMAL','ACTIVE','MR','Ramaiah','G','','Ramaiah G','1978-12-11','MALE','IN','MARRIED','HINDU','ONEG','IN_TE','','','1000002','P','120','CMS','40','POUNDS','Rajaiah',NULL,495,496,'2010-10-19 11:04:18','Alok Ranjan','2010-10-26 11:56:07','Alok Ranjan',NULL,1),(76,'2010-10-21 20:54:00','NORMAL',NULL,NULL,'hanu','','','hanu',NULL,NULL,NULL,NULL,NULL,NULL,NULL,'','','1000003',NULL,'',NULL,'',NULL,'',NULL,514,515,'2010-10-21 20:54:50','Bhavesh ',NULL,NULL,NULL,0),(77,'2010-10-22 21:00:00','NORMAL',NULL,'MR','Ramesh','Rathod','','Ramesh Rathod',NULL,NULL,NULL,NULL,NULL,NULL,NULL,'','','1000003',NULL,'',NULL,'',NULL,'',NULL,516,517,'2010-10-22 09:02:54','Alok Ranjan',NULL,NULL,NULL,0),(78,'2010-10-22 21:59:00','NORMAL','ACTIVE','MR','Madhu','sudhan','p','Madhu sudhan p','1978-12-12','MALE','IN','MARRIED','HINDU','BPOS','IN_TE','2000.00','student','1000001','R','6','INCHES','45','POUNDS','',NULL,518,519,'2010-10-22 10:03:14','Bhavesh ',NULL,NULL,NULL,0),(79,'2010-10-22 14:34:00','NORMAL','ACTIVE','MR','Ramana','reddy','O','Ramana reddy O','1977-04-12','MALE',NULL,'MARRIED','BUDDHIST','BPOS','IN_NE','','','1000001','G','5.6','INCHES','45','POUNDS','',NULL,525,526,'2010-10-22 14:47:33','Bhavesh ','2010-10-22 16:53:27','Bhavesh ',NULL,1),(80,'2010-10-22 17:32:00','NORMAL',NULL,NULL,'Rajesh','','','Rajesh',NULL,NULL,NULL,NULL,NULL,NULL,NULL,'','','1000003',NULL,'',NULL,'',NULL,'',NULL,538,539,'2010-10-22 17:33:43','Bhavesh ',NULL,NULL,NULL,0),(81,'2010-10-22 16:55:00','NORMAL',NULL,NULL,'raju','','','raju',NULL,NULL,NULL,NULL,NULL,NULL,NULL,'','','1000003',NULL,'',NULL,'',NULL,'',NULL,540,541,'2010-10-22 19:28:20','Bhavesh ',NULL,NULL,NULL,0),(82,'2010-10-22 19:44:00','NORMAL',NULL,NULL,'rame','','','rame',NULL,NULL,NULL,NULL,NULL,NULL,NULL,'','','1000003',NULL,'',NULL,'',NULL,'',NULL,542,543,'2010-10-22 19:44:44','Bhavesh ',NULL,NULL,NULL,0),(83,'2010-10-22 19:44:00','NORMAL',NULL,NULL,'rajendar','','','rajendar',NULL,NULL,NULL,NULL,NULL,NULL,NULL,'','','1000003',NULL,'',NULL,'',NULL,'',NULL,544,545,'2010-10-22 21:07:16','Bhavesh ',NULL,NULL,NULL,0),(84,'2010-10-25 18:07:00','NORMAL',NULL,NULL,'ramesh nanda','','','ramesh nanda',NULL,NULL,NULL,NULL,NULL,NULL,NULL,'','','1000003',NULL,'',NULL,'',NULL,'',NULL,546,547,'2010-10-25 18:07:28','Alok Ranjan',NULL,NULL,NULL,0),(85,'2010-10-25 18:08:00','NORMAL',NULL,NULL,'Naresh','','','Naresh',NULL,NULL,NULL,NULL,NULL,NULL,NULL,'','','1000003',NULL,'',NULL,'',NULL,'',NULL,548,549,'2010-10-25 18:08:55','Alok Ranjan',NULL,NULL,NULL,0),(86,'2010-10-25 18:23:00','NORMAL',NULL,NULL,'Sandya','Reddy','k','Sandya Reddy k',NULL,NULL,NULL,NULL,NULL,NULL,NULL,'','','1000003',NULL,'',NULL,'',NULL,'',NULL,550,551,'2010-10-25 18:24:16','Alok Ranjan',NULL,NULL,NULL,0),(87,'2010-10-25 18:28:00','NORMAL',NULL,NULL,'Ramesh','gunduu','P','Ramesh gunduu P',NULL,NULL,NULL,NULL,NULL,NULL,NULL,'','','1000003',NULL,'',NULL,'',NULL,'',NULL,552,553,'2010-10-25 18:28:37','Alok Ranjan',NULL,NULL,NULL,0),(88,'2010-10-25 18:31:00','NORMAL',NULL,NULL,'Chinna','Ramesh','y','Chinna Ramesh y',NULL,NULL,NULL,NULL,NULL,NULL,NULL,'','','1000003',NULL,'',NULL,'',NULL,'',NULL,554,555,'2010-10-25 18:31:39','Alok Ranjan',NULL,NULL,NULL,0),(89,'2010-10-26 23:47:00','NORMAL',NULL,NULL,'4655','','','4655',NULL,NULL,NULL,NULL,NULL,NULL,NULL,'','','1000003',NULL,'',NULL,'',NULL,'',NULL,556,557,'2010-10-26 11:48:18','Alok Ranjan',NULL,NULL,NULL,0),(90,'2010-10-27 12:21:00','NORMAL',NULL,NULL,'sandy','','','sandy',NULL,NULL,NULL,NULL,NULL,NULL,NULL,'','','1000003',NULL,'',NULL,'',NULL,'',NULL,558,559,'2010-10-27 12:22:42','Alok Ranjan',NULL,NULL,NULL,0),(91,'2010-11-01 23:53:00','NORMAL',NULL,NULL,'padma','','','padma',NULL,NULL,NULL,NULL,NULL,NULL,NULL,'','','1000003',NULL,'',NULL,'',NULL,'',NULL,560,561,'2010-11-01 11:53:49','Alok Ranjan',NULL,NULL,NULL,0),(92,'2010-11-01 23:59:00','NORMAL',NULL,NULL,'venkatesh','','','venkatesh',NULL,NULL,NULL,NULL,NULL,NULL,NULL,'','','1000003',NULL,'',NULL,'',NULL,'',NULL,562,563,'2010-11-01 11:59:43','Alok Ranjan',NULL,NULL,NULL,0),(93,'2010-11-01 15:01:00','NORMAL',NULL,NULL,'mani','','','mani',NULL,NULL,NULL,NULL,NULL,NULL,NULL,'','','1000003',NULL,'',NULL,'',NULL,'',NULL,564,565,'2010-11-01 15:01:48','Alok Ranjan',NULL,NULL,NULL,0),(94,'2010-11-01 15:54:00','NORMAL',NULL,NULL,'rajesh','','','rajesh',NULL,NULL,NULL,NULL,NULL,NULL,NULL,'','','1000003',NULL,'',NULL,'',NULL,'',NULL,566,567,'2010-11-01 15:54:39','Alok Ranjan',NULL,NULL,NULL,0),(95,'2010-11-01 18:36:00','NORMAL',NULL,NULL,'gangu','','','gangu',NULL,NULL,NULL,NULL,NULL,NULL,NULL,'','','1000003',NULL,'',NULL,'',NULL,'',NULL,568,569,'2010-11-01 18:36:17','Alok Ranjan',NULL,NULL,NULL,0),(96,'2010-11-02 21:29:00','NORMAL','Active',NULL,'Siva','','','Siva',NULL,NULL,NULL,NULL,NULL,NULL,NULL,'','','1000003','R','',NULL,'',NULL,'',NULL,570,571,'2010-11-02 09:29:59','ajit kumar','2010-11-02 10:21:26','Manish ',NULL,1),(97,'2010-11-02 22:02:00','NORMAL','Active','MR','Gangadhar','','Pittala','Gangadhar Pittala','1987-12-01','MALE','IN','SINGLE','HINDU','BNEG','IN_TE','','','1000003','G','70','INCHES','55','KGS','','/9j/2wBDAAgGBgcGBQgHBwcJCQgKDBQNDAsLDBkSEw8UHRofHh0aHBwgJC4nICIsIxwcKDcpLDAx\nNDQ0Hyc5PTgyPC4zNDL/2wBDAQkJCQwLDBgNDRgyIRwhMjIyMjIyMjIyMjIyMjIyMjIyMjIyMjIy\nMjIyMjIyMjIyMjIyMjIyMjIyMjIyMjIyMjL/wAAUCADIAMgEASIAAhEBAxEBBCIA/8QAHwAAAQUB\nAQEBAQEAAAAAAAAAAAECAwQFBgcICQoL/8QAtRAAAgEDAwIEAwUFBAQAAAF9AQIDAAQRBRIhMUEG\nE1FhByJxFDKBkaEII0KxwRVS0fAkM2JyggkKFhcYGRolJicoKSo0NTY3ODk6Q0RFRkdISUpTVFVW\nV1hZWmNkZWZnaGlqc3R1dnd4eXqDhIWGh4iJipKTlJWWl5iZmqKjpKWmp6ipqrKztLW2t7i5usLD\nxMXGx8jJytLT1NXW19jZ2uHi4+Tl5ufo6erx8vP09fb3+Pn6/8QAHwEAAwEBAQEBAQEBAQAAAAAA\nAAECAwQFBgcICQoL/8QAtREAAgECBAQDBAcFBAQAAQJ3AAECAxEEBSExBhJBUQdhcRMiMoEIFEKR\nobHBCSMzUvAVYnLRChYkNOEl8RcYGRomJygpKjU2Nzg5OkNERUZHSElKU1RVVldYWVpjZGVmZ2hp\nanN0dXZ3eHl6goOEhYaHiImKkpOUlZaXmJmaoqOkpaanqKmqsrO0tba3uLm6wsPExcbHyMnK0tPU\n1dbX2Nna4uPk5ebn6Onq8vP09fb3+Pn6/9oADgQBAAIRAxEEAAA/APQk8PIUUnUL7JH/AD1/+tTv\n+EeT/oIX3/f3/wCtWvH/AKtfoKdWlkZ3Z7/RRRWN/wAI8n/QQvv+/v8A9aj/AIR5P+ghff8Af3/6\n1bNFFkF2FFFFY3/CPJ/0EL7/AL+//Wq9F4Tt3iDHUNQyf+m3/wBardatt/x7r+P86mSRUWwooorC\n/wCEQtv+ghqH/f7/AOtR/wAIhbf9BDUP+/3/ANauioqbFBRRRXO/8Ihbf9BDUP8Av9/9aj/hELb/\nAKCGof8Af7/61dFRRYAooornf+EQtv8AoIah/wB/v/rUf8Ihbf8AQQ1D/v8Af/WroqKLAFFFFc7/\nAMIhbf8AQQ1D/v8Af/Wo/wCEQtv+ghqH/f7/AOtXRUUWAKKKK53/AIRC2/6CGof9/v8A61Oj8J28\ncqOL+/JVgcGbg/pXQUo6iiwBRRRU9FFFABRRRRRRRQAUUUUUUUUAFFFFFFFFABRRRRRRRQAUUUV4\n98SfEV5pGmWtrYsVkuVO5hwenA+mal+GXiC41rTLuG4LN9mdQhY5OGB4/T9aveMvDUuvWdnNbKrX\nFqSQjHG4ED9Rj9TUfh+yttDsbq3jC2t08CKx/wCmmGzj15NaVa0KVNcz3/4cKNGdVtRWwUUUV2FF\nZ8ep2xabNyitu3YJ6Kp2nH4qfzq8jrIiujBlYZBHes6dWFT4WOpRnT+JWCiiinVR13xR/wAI4kLS\nQq1uYvNds8gC4hjb8hNn8KvVyXxK0+XUNOsLeIEtdQXloAO7GIzL+tuD+FXIziFFFFdGvilDZAkw\n/bftqQm3DfMIWvPs6vjOenP1rSj8QaPKlu6ajbMtwJDCRIPnEed+PXGDmvGraF2vWuzdL9smtdPl\nig2nzGEk1i5fPTaH3ADrktTHbQSLX+yVkBNpB/Z/3tu8M/2zGf8AYxn3qCwooor2aHxJotxE0sOq\nWrxq6IWWVSAzttUde5BH4VE/iXTYdYvLC4u4ITa/Z0cu4H7yXftXn1Cg/jXjGqaRZWNs1rZvHYW7\nXMYklYM6oAl8qnAyc5C4/wBrbXR/EuLSotS1V7uPDS26tlc5a4+zXKwnjvkED3AoAKKKK9E1zxDZ\n6TaX4FxAb+3spbxbZmAZlRSc4644qvq3jDS7PSrue0vba4uk0+W+t4Q4PmoiscjB5GUI/A1w3xEF\ng/iu9RgDftpj4xnPk/ZL/d+G7Z+OK5zVodNspNWtokVLqGzvY7JRklIlm1UOB7Bdo59qACiiivT9\nA8c22sXuppMI7eC0tLe7R2OC0ckKysT7LuUUx/HUMOgeJdSmMER0q7uLSBXbAmeNMqOT1JyOPSvP\n4o/sV3YKgL+dd2miXGF+9F51xA+fbFuo+lZt7fST+GdV/wCEh0+G0tbiP7fZ4bPnSTW92UkODwSV\nHHsOKACiiivabnxLp3k3yWV7azXtqsuYTIAQ0eNwPPGCwz9afdeIbKPTLy7s5kumtZBAyRHdiUkA\nKcd8sK8oksraHVNXu0iCzyy3wdweuZtRB/SNP++RXXeGTY6EmvXhhUREJdSrn78hmnGee5KqPwFA\nBRRRXpFFFFABRRRRRRRQAUUUUUUUUAFFFFFFFFABRRRRRRRQAUUUVzcf+rX6CqVxpkFxcQu6ktGx\ncP8AjnH45/SobnX9P066W1u5fKIjjcu33QHEuPf/AJYt+Yq1HqlhLcC3ju42mJx5Yznv/gadSnCo\nrSVwpVZ0neDsFFFFNbSLBk2fZ1A27c96toixoERQqgYAHanUUQpQhrFJBOtUmrTk2FFFFFaMcEU0\nUDyRqzQuXjJH3Wwy5H4MR+NZ1att/wAe6/j/ADqpERCiiiq40fTlkSQWUIdI44lbaMhUbcgz6AgH\n8BTI9B0mJIETT7dVgEgiAQfIH+/j65NaFFQWFFFFUX0bTZFZXsoWVmViGUEEqxZT+BJP40650qwv\nZfMurOGZ8xnLqDyhJT8izfmauUUAFFFFY7aFbz6/e6hdW8MqzWkdshZcsFy+8fQhlquvheybxNfa\nhNaQPDPYx26ArkgmS4ab/vrzhn15roKKACiiisG/0IzarpctpFBHaxXTXN3lfmc4cpj/AIHIzfia\nvXOhaVeWy29zYQSwoixqjoCAq52j8MnH1NaFFABRRRVE6NprFybOIlyxbjruLk/mZH/76NPOl2Lx\nyRNaxlJNu8Y+9hiwz+JJ/GrdKOooAKKKKnooooAKKKKKKKKACiiiiiiigAooooooooAKKKKKKKKA\nCiiivL/Evg5/EEr3Mc8ccrQwRoX7CMysfzMi/wDfNT2/hJoPFra2Jk2NGqGNeOigE+/Kj+faulj/\nANWv0FOrQzuFFFFFFFFABRRRRWlBLGkcaM6q7Z2qTyee1Ztcv41eSx1TQ9ZUS+XptveTvt+6QoRs\nN7HbSkOIUUUV3ourcttE8ZbJGM9wQCPzIH408yxhwhdQ5zhSeTjr/MV5FapdWeqOlxlli1G18y62\nbRLi4Zpj9Qzwg+vlg9q29Qcz+MbKzvFuox513G8gGCI51EcZB+uAPoKgsKKKK9CR0kGUYMM4yD3p\n1eRtrGu2+q+HtMsopYrW51qYXUiR43xrKjdfYBlPqKb4k8W+KLFrdbCaRj9iWSXMWcSMFf8AkcUA\nFFFFeuoyyIrowZWGVI6EUblDhCw3EEgdyB1/mPzrzXw9rOsL4bCTSND5ekSSQqsWAjJGoGOf4cDj\n/aqjFr/iSW4tLuVGN3HPc24Pl4/dlrVgv4klaACiiivWNyhwhYbjyB3pa81udR1LzL6+hu3kNtbt\n5E2zkr5IwSP94lh68etVD4k8RReETfvNJ/aUt4sTKVIWNSsnT24/Aj2oAKKKK9VpiTwvKY0lVnBO\nVB5GMZ/mPzrzPxNrniaLxCljYSTraXCW/wA6x/MhfaGwc8H/ABrntG1rXT420iSNHMct9NbTyCHA\n8lngLE89SwxmgAooor3iiiigAooooooooAKKKKKKKKACiiiiiiigAooooooooAKKKK4y61mx0544\nbmUrIYw4AGeDkf0NQf8ACT6T/wA93/75q79pmt5H+zRRSTGKE7ZBwV3sp/8AQhVq516GOWWOKx3m\nOURghR8x3PuA464T9RVORKQUUUVkf8JPpP8Az3f/AL5o/wCEn0n/AJ7v/wB81sy+I9Oh3FoF2qcZ\nwOvz4/8AQP1rXtFE0BeW3RG3uAMDoGIB/EAGjmDlQUUUVx//AAk+k/8APd/++a6I29rrGhPbzAva\nXkDIw6bkccj8Qa1fJi/55J/3yKgQAAgDADN/M0m7jSsFFFFKyqxBZQcHIyOhpaKKQwoooo/AUYHo\nPyoooAKKKKha1ia7S5IPmIjIPTBIJ4/D+dTflRRQAUUUUfgKOPQflRRQAUUUUVWtNPt7KaaSFTum\nbcxY5xyTgegySfxNWaUdRQAUUUVPRRRQAUUUUUUUUAFFFFFFFFABRRRRRRRQAUUUUUUUUAFFFFcq\nth9rc7pHiRoo0Lp94AMWOPxC/nUz+H7JpRKt3co4LFSCOM7vbtkf98iiMkRrz2FPyfU1biQpBRRR\nTP8AhH7EZ23M68krjHy53e3+0P8AvkVo28YjSESXEmYnkwF6MrE7QfoCPxFUcn1NGT6mlyj5gooo\nrb+1Rep/Ko4yGUkdCzH9TWRk+prUtv8AUL+P86TVhp3CiiipaKKKQwooooooooAKKKKKKKKACiii\niiiigAoooopR1FJSjqKACiiip6KKKACiiiiiiigAooooooooAKKKKKKKKACiiiiiiigAooorm4/9\nWv0FOqjPeXFuY0hsJLhSgJdWAAPpyf8AOai/tO9/6BE//fS/41oZ2CiiitOisz+073/oET/99L/j\nR/ad7/0CJ/8Avpf8aAsFFFFadXmkaOyRkODux/Osy3leaBZJIWhc9UY5I5rRl/48U/3v8aTGgooo\nqL7XN/e/Sj7XN/e/SocH0owfSnZCuwoooqb7XN/e/Sj7XN/e/SocH0owfSiyC7Ciiisy28Y2l4lw\nbeRpGt7o2joAM7wMn8AMn3wcc1c0vX11eyW6tmby2JA3DB4NcLF4XvbTX7gRBS10HucplRG6ywmN\nz6kHfn1AYc5wej8Laff6Xpws72FQU6OpyDyQB/3yFP40rDuFFFFdJ9rm/vfpR9rm/vfpUOD6UYPp\nTshXYUUUVN9rm/vfpUttcSSXCKzZBqpg+lT2YP2pOPX+VJpDTYUUUVtUUUVBYUUUUUUUUAFFFFFF\nFFABRRRRRRRQAUUUUUUUUAFFFFcqLu3SaK1aZRcOgYR98YPP/jp/Kp8j+8Pzrl9f0q+u5zc2m7It\n4o1KLlgdzlj+AK/nRplnqI1izuLmCSOMCUyjbwHO/AHsM8H/AGunNaGYUUUV05dA6qWGWBI59MZ/\nmKEkSRco6sMkcHuDg/qK5JtM1ApATHcGNeCgQA48sA9+pHH1GPer1pZXVrNpKJA6RrcXMlxn5tof\ney5PuWH4igAoooroa04NvkIGxySAD3PNZlW3tjcLYMOkM5lPOP4XH8yKUhxCiiinxXlrLGznbHtJ\n4fAOAcA/Q8EfWpRNbGNX3x7W5BJHrj+ZrltW8PajqBtnjjjV4YjAMn7yh1Ck8emW9j9Kll8OXFxb\n2yyRLgTuZFz0jZ1JA/BQagsKKKK37i+s7WURzMikxPNnjG1cZ/8AQqkS4tZHdVaPKMFPTrhT/wCz\nCuG1Pwprdytj5awzPDC0cjyMckeaWx07rgVLaeF9Xi1BZ3iiCeaGYBj2KkHp9Bj/AGBQAUUUV1pv\n7MX0dvs5kXKy4G08Zxn6ZP4VZMlsP44umeorl7zRr68t7e1hRUaJI2kycYIXG36HLD8KpX2iXCXK\nzTG2gZIQiAyfe+XDcY7mu2lQpTinKdmS2+wUUUV2nm2/mGMMhcfwjFOjaKVmCBWCgHcMEc9v8+or\nmI4LeLUS6T2oi2ud2/J3MB7euTWhoZitbEojQh5Z1JWM5Az2/ALj8KyqU6cY3jK443bsFFFFbWxP\n7o/KlVFDAhQD9KWlHUVzjCiiip6KKKACiiiiiiigAooooooooAKKKKKKKKACiiiiiiigAoooribr\nV1srmO3MUj/uBIdo7l1RR+JJpq65EdQuLdoZlEKIW3JypLbTn81P50660WC/u7e8kkkDxKgCg/KQ\nrbuf5VXj8NRpdPctdzPK8nmNnoWyCT/P860MwooorTsb2O/haSNWUK20hhg5wCfyzj8Ks1T03To9\nMtjBExZS27n1wAf1BP41coAKKKKK1bb/AI91/H+dZVatt/x7r+P86UhxCiiisOx0W8vNPtrl9dv1\naaJZCqynAJAOBUqaBcSM6r4g1AlDtb96eDgH+RFcodK1y5fTWtY5ltFjEjMrY3naMZ9sFq6bwpaX\ncM0k86uscltEV3ck9cZPcgYH/wCuoLCiiirH/CN3f/Qe1H/v6aP+Ebu/+g9qP/f010NFABRRRXPf\n8I3d/wDQe1H/AL+msjVbOG0uZFu4/wC0ZIreIK0/zMxaSQAZ+pA/Cu4rlNfhmn1O5SAgSiCBkLDj\nIkkYZ/KhgFFFFZDt4fjkVGgsdzFhjYONq7m/Ic1HbGG11WC2gRIQ+uqfLQYBAswT+pFRXPh66mvY\np0kASOMrtz1by1UH25B/OszUzdp4w077JtE39pTBN4+Xcba3xn9axqy5Y39PzO/LqXtcQoPTSX4R\nbCiiivVqUdRXM48X/wB6w/74P+NAHi/P3tP/AO+D/jVe08mT9T/6eR+//gBRRRXRajffYLYzbN5/\nu5x2pqX5KDfGFfy43ZSehY4x+FZPnahFCE1gwGV1kVfKGBtJjH58tVIw7bW6cvlookjcfSXj9FFc\nNbFThUaXbb5XNIYWDjZvruuuoUUUV1xkQZywGOaFkUqGyBkVyuGm/fbgSbaXPPcAn/2epJXSS1Ox\ntpePzowD0OGYj80xVLHPsQ8Gu4UUUV0fnp56xAgllLZ+mP8A4oU8SIRkMD+NcrZOpuGGR+4kDZB/\nhwTj/wAdH5U2xUx39vFJlxHI8HXrkk5/8eqY45u2m7/y/wCCN4NK+uwUUUV0v2tA8qtgbJBGOeuQ\nvP8A49T4rhZAxJAAYqDnr71yf2mOS6jkLDZMGLD0bAOfz/lTIUE1uiAndCx3gHrjOf0xULMHfRX/\nAK/4Jo8CrauwUUUV2oIPSiqWksz6ZBI2NzgucepOaK9OEuaKl3POnHlk49gooornJ11FjGbR4Fj2\nDIkUk5/P6VH5et/89bP/AL4P+NaEf+rX6CnVsYhRRRWb5et/89bP/vg/40eXrf8Az1s/++D/AI1p\nUUAFFFFR24mECi4KGX+IoMCtm2/491/H+dZVatt/x7r+P86UhxCiiinRQRwQpFHuVEUKoz0A4FOC\nKqhVLADgAGuZ8c+Iz4f0FzBk3twDHAAMkerfh/PFYvw48V3WoW66TqUU3nxrmGdkOHQdifUfrXM6\n0VU9n1PUhlleeDeMS91P526v0QUUUV6DtH95/wA6No/vP+dFFbHnBRRRRtH95/zrnfEPhKPxBdRT\nnU72zaNNh+zuBvGSRnIPTJ/OuiooAKKKK4X/AIVnH/0Mer/9/F/+JqdfCsehQacI7u4uiurJcyS3\nBBb5k8rHAHH3a7OmSxJMoVxkBlb8QQR+oqZRurGtGp7Oal/WugUUUU+lHUUlKOoqjIKKKKdNbQ3G\nPNjD46Z/z7CmmytirqYVw5yw9ec/zqeipcIt3aKU5JWTCiiioFsrZRgQqBgj8CAD+gH5UhsbYqAY\nVwF2/hgjH/jx/OrFFL2cOwc8u4UUUVXWwtVZmWFQX+8fXgj+ppy2lukgdYlDAk596mooVOC2Qc8n\n1Ciiiqv9m2fy/wCjp8oIHtmnCwtVIIhUYOR9c5qxRR7KHZD9pPuwooopscaRRrHGoVFGFA7CinUV\naVtERuFFFFc8kUnlr+7boO1O8qT+435Vv0VXMTyhRRRWB5Un9xvyo8qT+435Vv0UcwcoUUUVgeVJ\n/cb8q07dWECggjr296uUUm7jSsFFFFU5bWGcgzQRyFeAXQHH51S0OCNdE091iQMbaPkLz90Vs1Q0\nP/kAab/16xf+giot7xupP2TV+q/UKKKKsYPoaMH0NT0VRiFFFFQYPoaMH0NT0jMFUsxAA6kmgAoo\noqHB9DRg+hqfNFABRRRUGD6GgA5HBqbcu7buG7GcZ5xRuGQMjJ7UXAKKKKWikJA6kDtzS0AFFFFF\nFFFABRRRRRRRQAUUUUUUUUAFFFFFFFFABRRRRRRRQAUUUUUUUUAFFFFFFFFABRRRRXIad4qW00y0\ntpNKvy8MKRthBjIUA966+iolFt3Tsb0atOCcZx5r2627/wCYUUUVzP8AwmUX/QK1D/v2v+NH/CZR\nf9ArUP8Av2v+NdNRS5Z/zfga+2w3/Pr/AMmYUUUVzP8AwmUX/QK1D/v2v+NWU1hNV02Z1s7iMJLG\npSVQCwLDpzW7Va+hkuLfZGQG3A8moqRnyPW+ge1oNrlhbXe7CiiisU63crOgECMzINi56gn+vy1Z\nOsyfanh2JlXdeT1AJA/kaZbaNcRtAZGjPlqgyOvyyBv5VHPo8tzN9ohZQwlbkntvfI/9B/WuBfWk\nr6m7+rN20Ciiik+2zG+hnKKk81sAFPTqTj8sVGurSK9rMyrkI0RPuQp/mpq7d6VPNcrLGyAxyIyH\nP8IUAj8wKqtoV00dxGWiw7bkOehz9PQmpnDEJtRv/X+bRUZUGk3b+v8AhwoooqW81GSe02Io3ZRg\nR2YSdP0pn/CQTboiYlCSbgDnoecA/pVhNKuBE6lk3POJSR9Sf5/1qBNEucYdoiPPWT6c8/1qpLFX\nUlfb8iYvD2s7BRRRXQUUUV6x5gUUUUUUUUAFFFFFFFFABRRRRRRRQAUUUUUUUUAFFFFFFFFABRRR\nRRRRQAUUUUUUUUAFFFFFFFFABRRRRRRRQAUUUUUgUKMAYGSaKKACiiilooooAKKKKKKKKACiiiii\niigAooooooooAKKKKKKKKACiiiiiiigAooor/9k=',572,573,'2010-11-02 10:08:05','Manish ','2010-11-02 10:32:03','Manish ',NULL,7),(98,'2010-11-08 14:54:00','NORMAL',NULL,NULL,'Ramesh','','','Ramesh',NULL,NULL,NULL,NULL,NULL,NULL,NULL,'','','1000003',NULL,'',NULL,'',NULL,'',NULL,574,575,'2010-11-08 15:01:10','Alok Ranjan',NULL,NULL,NULL,0),(99,'2010-11-08 14:54:00','NORMAL',NULL,NULL,'satyam.k','','','satyam.k',NULL,NULL,NULL,NULL,NULL,NULL,NULL,'','','1000003',NULL,'',NULL,'',NULL,'',NULL,576,577,'2010-11-08 15:02:35','Alok Ranjan',NULL,NULL,NULL,0),(100,'2010-11-08 15:06:00','NORMAL','Active',NULL,'Naresh','Reddy','k','Naresh Reddy k','1988-10-12','MALE','IN','MARRIED','HINDU','OPOS','IN_TE','','mca','1000003','P','160','CMS','50','POUNDS','RajiReddy',NULL,578,579,'2010-11-08 15:10:21','Alok Ranjan',NULL,NULL,NULL,0),(101,'2010-11-08 15:20:00','NORMAL',NULL,NULL,'Ramesh','sharma','','Ramesh sharma',NULL,'FEMALE',NULL,NULL,NULL,NULL,NULL,'','','1000003',NULL,'150','CMS','45','POUNDS','',NULL,580,581,'2010-11-08 15:22:08','Alok Ranjan',NULL,NULL,NULL,0),(102,'2010-11-09 23:17:00','NORMAL','Active','MR','Yad','Giri','','Yad Giri','1986-10-12','MALE','IN','SINGLE','HINDU','OPOS','IN_TA','1000.00','mca','1000003','R','',NULL,'',NULL,'',NULL,582,583,'2010-11-09 11:23:28','Manish ',NULL,NULL,NULL,0),(103,'2010-11-09 12:02:00','NORMAL',NULL,NULL,'Mamatha','Reddy','k','Mamatha Reddy k','1988-11-12','FEMALE','IN','MARRIED','HINDU','BNEG','IN_TA','','','1000003',NULL,'',NULL,'',NULL,'',NULL,584,585,'2010-11-09 12:05:00','Manish ',NULL,NULL,NULL,0),(104,'2010-11-10 12:48:00','NORMAL',NULL,NULL,'Ganga','','','Ganga',NULL,NULL,NULL,NULL,NULL,NULL,NULL,'','','1000003',NULL,'',NULL,'',NULL,'',NULL,586,587,'2010-11-10 12:48:27','ajit kumar',NULL,NULL,NULL,0);
/*!40000 ALTER TABLE `patient` ENABLE KEYS */;
UNLOCK TABLES;

--
-- Table structure for table `patient_allergies`
--

DROP TABLE IF EXISTS `patient_allergies`;
/*!40101 SET @saved_cs_client     = @@character_set_client */;
/*!40101 SET character_set_client = utf8 */;
CREATE TABLE `patient_allergies` (
  `ALLERGY_SEQ_NUM` int(11) NOT NULL AUTO_INCREMENT,
  `PATIENT_ID` int(11) NOT NULL,
  `ALLERGY_CODE` int(5) NOT NULL,
  `START_DATE` date NOT NULL,
  `END_DATE` date DEFAULT NULL,
  `VERSION` int(11) NOT NULL,
  PRIMARY KEY (`ALLERGY_SEQ_NUM`),
  KEY `Patient_Allergies_Allergy_Code` (`ALLERGY_CODE`),
  KEY `Patient_Allergies_Patient_id` (`PATIENT_ID`),
  CONSTRAINT `patient_allergies_ibfk_1` FOREIGN KEY (`PATIENT_ID`) REFERENCES `patient` (`PATIENT_ID`),
  CONSTRAINT `patient_allergies_ibfk_2` FOREIGN KEY (`ALLERGY_CODE`) REFERENCES `allergies` (`ALLERGIES_CODE`)
) ENGINE=InnoDB AUTO_INCREMENT=25 DEFAULT CHARSET=utf8 COLLATE=utf8_unicode_ci;
/*!40101 SET character_set_client = @saved_cs_client */;

--
-- Dumping data for table `patient_allergies`
--

LOCK TABLES `patient_allergies` WRITE;
/*!40000 ALTER TABLE `patient_allergies` DISABLE KEYS */;
INSERT INTO `patient_allergies` VALUES (1,2,26,'2010-05-04','2010-08-21',0),(2,70,2,'2010-10-06','2010-10-13',0),(3,70,3,'2010-09-11','2010-10-13',0),(6,80,4,'1970-01-01','1970-01-01',0),(7,74,4,'2010-10-18','1970-01-01',0),(8,74,15,'2010-10-18','2010-10-19',0),(23,97,6,'2010-11-02','2010-11-10',0),(24,97,4,'2010-11-01','2010-11-02',0);
/*!40000 ALTER TABLE `patient_allergies` ENABLE KEYS */;
UNLOCK TABLES;

--
-- Table structure for table `patient_category`
--

DROP TABLE IF EXISTS `patient_category`;
/*!40101 SET @saved_cs_client     = @@character_set_client */;
/*!40101 SET character_set_client = utf8 */;
CREATE TABLE `patient_category` (
  `CATEGORY_CODE` varchar(25) COLLATE utf8_unicode_ci NOT NULL,
  `DESCRIPTION` varchar(45) COLLATE utf8_unicode_ci DEFAULT NULL,
  `ACTIVE` smallint(1) DEFAULT NULL,
  `DEFAULT_CODE` smallint(1) DEFAULT NULL,
  PRIMARY KEY (`CATEGORY_CODE`)
) ENGINE=InnoDB DEFAULT CHARSET=utf8 COLLATE=utf8_unicode_ci;
/*!40101 SET character_set_client = @saved_cs_client */;

--
-- Dumping data for table `patient_category`
--

LOCK TABLES `patient_category` WRITE;
/*!40000 ALTER TABLE `patient_category` DISABLE KEYS */;
INSERT INTO `patient_category` VALUES ('1000001','Corporate',1,0),('1000002','Management Discount',1,0),('1000003','Self',1,1),('1000004','TPA',1,0);
/*!40000 ALTER TABLE `patient_category` ENABLE KEYS */;
UNLOCK TABLES;

--
-- Table structure for table `patient_details`
--

DROP TABLE IF EXISTS `patient_details`;
/*!40101 SET @saved_cs_client     = @@character_set_client */;
/*!40101 SET character_set_client = utf8 */;
CREATE TABLE `patient_details` (
  `PATIENT_ID` int(11) NOT NULL,
  `BLOOD_DONOR_ID` varchar(45) COLLATE utf8_unicode_ci DEFAULT NULL,
  `ORGAN_DONOR_ID` varchar(45) COLLATE utf8_unicode_ci DEFAULT NULL,
  `ORGAN_DONATED_TO` varchar(45) COLLATE utf8_unicode_ci DEFAULT NULL,
  `ID_PROOF_CODE` varchar(25) COLLATE utf8_unicode_ci DEFAULT NULL,
  `ID_NUMBER` varchar(45) COLLATE utf8_unicode_ci DEFAULT NULL,
  `ID_VALID_UPTO` datetime DEFAULT NULL,
  `VISA_NUMBER` varchar(45) COLLATE utf8_unicode_ci DEFAULT NULL,
  `VISA_VALID_UPTO` datetime DEFAULT NULL,
  `SMOKING` smallint(1) DEFAULT NULL,
  `DRINKING` smallint(1) DEFAULT NULL,
  `FITNESS_ACTIVITY` varchar(225) COLLATE utf8_unicode_ci DEFAULT NULL,
  `CREATED_DTM` datetime DEFAULT NULL,
  `CREATED_BY` varchar(45) COLLATE utf8_unicode_ci DEFAULT NULL,
  `LAST_MODIFIED_DTM` datetime DEFAULT NULL,
  `MODIFIED_BY` varchar(45) COLLATE utf8_unicode_ci DEFAULT NULL,
  `VERSION` int(11) NOT NULL,
  PRIMARY KEY (`PATIENT_ID`),
  KEY `Patient_Details_FKIndex1` (`PATIENT_ID`),
  KEY `Patient_Details_Patient_id_fk` (`PATIENT_ID`),
  KEY `Patient_Details_ID_Proof_Code_fk` (`ID_PROOF_CODE`),
  CONSTRAINT `patient_details_ibfk_1` FOREIGN KEY (`PATIENT_ID`) REFERENCES `patient` (`PATIENT_ID`),
  CONSTRAINT `patient_details_ibfk_2` FOREIGN KEY (`ID_PROOF_CODE`) REFERENCES `id_proofs` (`ID_PROOFS_CODE`)
) ENGINE=InnoDB DEFAULT CHARSET=utf8 COLLATE=utf8_unicode_ci PACK_KEYS=0;
/*!40101 SET character_set_client = @saved_cs_client */;

--
-- Dumping data for table `patient_details`
--

LOCK TABLES `patient_details` WRITE;
/*!40000 ALTER TABLE `patient_details` DISABLE KEYS */;
INSERT INTO `patient_details` VALUES (1,'',NULL,NULL,NULL,'',NULL,NULL,NULL,1,0,NULL,'2010-07-19 15:47:41','ajit kumar','2010-07-20 08:57:52','ajit kumar',1),(2,'100',NULL,NULL,'PANCARD','1234567890','2014-07-10 00:00:00',NULL,NULL,1,0,NULL,'2010-07-19 15:55:30','ajit kumar','2010-07-19 16:07:44','ajit kumar',1),(3,'',NULL,NULL,NULL,'',NULL,NULL,NULL,0,0,NULL,'2010-07-19 15:59:17','Bhavesh ','2010-07-19 16:37:42','ajit kumar',1),(4,'',NULL,NULL,NULL,'',NULL,NULL,NULL,0,0,NULL,'2010-07-20 19:11:46','Bhavesh ',NULL,NULL,0),(5,'',NULL,NULL,NULL,'',NULL,NULL,NULL,0,0,NULL,'2010-07-19 17:13:45','Bhavesh ','2010-07-20 09:32:01','ajit kumar',2),(6,NULL,NULL,NULL,NULL,NULL,NULL,NULL,NULL,NULL,NULL,NULL,'2010-07-22 12:55:44','Bhavesh ',NULL,NULL,0),(7,NULL,NULL,NULL,NULL,NULL,NULL,NULL,NULL,NULL,NULL,NULL,'2010-07-22 12:59:57','Bhavesh ',NULL,NULL,0),(8,NULL,NULL,NULL,NULL,NULL,NULL,NULL,NULL,NULL,NULL,NULL,'2010-07-22 13:16:53','Bhavesh ',NULL,NULL,0),(9,'',NULL,NULL,NULL,'',NULL,NULL,NULL,0,0,NULL,'2010-07-22 13:47:37','Bhavesh ',NULL,NULL,0),(10,'',NULL,NULL,NULL,'',NULL,NULL,NULL,0,0,NULL,'2010-07-22 13:50:33','Bhavesh ',NULL,NULL,0),(11,'',NULL,NULL,NULL,'',NULL,NULL,NULL,0,0,NULL,'2010-07-22 13:57:32','Bhavesh ',NULL,NULL,0),(12,'',NULL,NULL,NULL,'',NULL,NULL,NULL,0,0,NULL,'2010-07-22 14:00:26','Bhavesh ',NULL,NULL,0),(13,'',NULL,NULL,NULL,'',NULL,NULL,NULL,0,0,NULL,'2010-07-22 14:02:33','Bhavesh ',NULL,NULL,0),(14,'',NULL,NULL,NULL,'',NULL,NULL,NULL,0,0,NULL,'2010-07-22 15:14:02','Bhavesh ',NULL,NULL,0),(15,'',NULL,NULL,NULL,'',NULL,NULL,NULL,0,0,NULL,'2010-07-22 15:18:50','Bhavesh ',NULL,NULL,0),(16,'',NULL,NULL,NULL,'',NULL,NULL,NULL,0,0,NULL,'2010-07-22 15:40:38','Bhavesh ',NULL,NULL,0),(18,'',NULL,NULL,NULL,'',NULL,NULL,NULL,0,0,NULL,'2010-08-21 11:34:19','Bhavesh ',NULL,NULL,0),(19,'',NULL,NULL,NULL,'',NULL,NULL,NULL,0,0,NULL,'2010-08-21 11:39:43','Bhavesh ',NULL,NULL,0),(20,'',NULL,NULL,NULL,'',NULL,NULL,NULL,0,0,NULL,'2010-08-21 11:41:57','Bhavesh ',NULL,NULL,0),(21,'',NULL,NULL,NULL,'',NULL,NULL,NULL,0,0,NULL,'2010-08-21 11:43:14','Bhavesh ',NULL,NULL,0),(22,'',NULL,NULL,NULL,'',NULL,NULL,NULL,0,0,NULL,'2010-08-21 11:45:19','Bhavesh ',NULL,NULL,0),(23,'',NULL,NULL,NULL,'',NULL,NULL,NULL,0,0,NULL,'2010-08-21 11:46:10','Bhavesh ',NULL,NULL,0),(24,'',NULL,NULL,NULL,'',NULL,NULL,NULL,0,0,NULL,'2010-08-21 11:52:27','Bhavesh ',NULL,NULL,0),(25,'',NULL,NULL,NULL,'',NULL,NULL,NULL,0,0,NULL,'2010-08-21 11:55:50','Bhavesh ',NULL,NULL,0),(26,'',NULL,NULL,NULL,'',NULL,NULL,NULL,0,0,NULL,'2010-08-21 12:23:22','Bhavesh ',NULL,NULL,0),(27,'',NULL,NULL,NULL,'',NULL,NULL,NULL,0,0,NULL,'2010-08-21 12:26:36','Bhavesh ',NULL,NULL,0),(28,'',NULL,NULL,NULL,'',NULL,NULL,NULL,0,0,NULL,'2010-08-21 12:37:29','Bhavesh ',NULL,NULL,0),(29,'',NULL,NULL,NULL,'',NULL,NULL,NULL,0,0,NULL,'2010-08-21 12:41:55','Bhavesh ',NULL,NULL,0),(30,'',NULL,NULL,NULL,'',NULL,NULL,NULL,0,0,NULL,'2010-08-21 12:43:41','Bhavesh ',NULL,NULL,0),(31,'',NULL,NULL,NULL,'',NULL,NULL,NULL,0,0,NULL,'2010-08-21 12:44:40','Bhavesh ',NULL,NULL,0),(32,'',NULL,NULL,NULL,'',NULL,NULL,NULL,0,0,NULL,'2010-08-21 12:51:11','Bhavesh ',NULL,NULL,0),(33,'',NULL,NULL,NULL,'',NULL,NULL,NULL,0,0,NULL,'2010-08-21 12:55:35','Bhavesh ',NULL,NULL,0),(34,'',NULL,NULL,NULL,'',NULL,NULL,NULL,0,0,NULL,'2010-08-21 12:58:15','Bhavesh ',NULL,NULL,0),(35,'',NULL,NULL,NULL,'',NULL,NULL,NULL,0,0,NULL,'2010-08-21 13:00:28','Bhavesh ',NULL,NULL,0),(36,'',NULL,NULL,NULL,'',NULL,NULL,NULL,0,0,NULL,'2010-08-21 13:03:22','Bhavesh ',NULL,NULL,0),(37,'',NULL,NULL,NULL,'',NULL,NULL,NULL,0,0,NULL,'2010-08-21 13:51:27','Bhavesh ',NULL,NULL,0),(38,'',NULL,NULL,NULL,'',NULL,NULL,NULL,0,0,NULL,'2010-08-21 14:03:41','Bhavesh ',NULL,NULL,0),(39,'',NULL,NULL,NULL,'',NULL,NULL,NULL,0,0,NULL,'2010-08-21 14:05:42','Bhavesh ',NULL,NULL,0),(40,'',NULL,NULL,NULL,'',NULL,NULL,NULL,0,0,NULL,'2010-08-21 14:16:02','Bhavesh ',NULL,NULL,0),(41,'',NULL,NULL,NULL,'',NULL,NULL,NULL,0,0,NULL,'2010-08-21 14:16:50','Bhavesh ',NULL,NULL,0),(42,'',NULL,NULL,NULL,'',NULL,NULL,NULL,0,0,NULL,'2010-08-21 14:23:04','Bhavesh ',NULL,NULL,0),(43,'',NULL,NULL,NULL,'',NULL,NULL,NULL,0,0,NULL,'2010-08-21 14:24:09','Bhavesh ',NULL,NULL,0),(44,'',NULL,NULL,NULL,'',NULL,NULL,NULL,0,0,NULL,'2010-08-21 14:31:59','Bhavesh ',NULL,NULL,0),(45,NULL,NULL,NULL,NULL,NULL,NULL,NULL,NULL,NULL,NULL,NULL,'2010-08-26 11:09:04','Bhavesh ',NULL,NULL,0),(46,NULL,NULL,NULL,NULL,NULL,NULL,NULL,NULL,NULL,NULL,NULL,'2010-09-13 17:27:53','Bhavesh ',NULL,NULL,0),(47,NULL,NULL,NULL,NULL,NULL,NULL,NULL,NULL,NULL,NULL,NULL,'2010-09-13 17:30:42','Bhavesh ',NULL,NULL,0),(48,NULL,NULL,NULL,NULL,NULL,NULL,NULL,NULL,NULL,NULL,NULL,'2010-09-13 17:42:15','Bhavesh ',NULL,NULL,0),(51,'',NULL,NULL,NULL,'',NULL,NULL,NULL,0,0,NULL,'2010-09-14 09:45:22','ajit kumar',NULL,NULL,0),(52,'',NULL,NULL,NULL,'',NULL,NULL,NULL,0,0,NULL,'2010-09-14 10:30:46','ajit kumar',NULL,NULL,0),(53,'',NULL,NULL,NULL,'',NULL,NULL,NULL,0,0,NULL,'2010-09-14 10:34:22','ajit kumar',NULL,NULL,0),(54,'',NULL,NULL,NULL,'',NULL,NULL,NULL,0,0,NULL,'2010-09-14 10:37:15','ajit kumar',NULL,NULL,0),(55,'',NULL,NULL,NULL,'',NULL,NULL,NULL,0,0,NULL,'2010-09-14 11:01:12','ajit kumar',NULL,NULL,0),(56,'',NULL,NULL,NULL,'',NULL,NULL,NULL,0,0,NULL,'2010-09-14 12:13:55','ajit kumar',NULL,NULL,0),(57,NULL,NULL,NULL,NULL,NULL,NULL,NULL,NULL,NULL,NULL,NULL,'2010-09-16 12:08:03','ajit kumar',NULL,NULL,0),(58,'',NULL,NULL,NULL,'',NULL,NULL,NULL,0,0,NULL,'2010-09-30 18:11:47','Bhavesh ',NULL,NULL,0),(59,NULL,NULL,NULL,NULL,NULL,NULL,NULL,NULL,NULL,NULL,NULL,'2010-09-30 19:00:19','ajit kumar',NULL,NULL,0),(60,'',NULL,NULL,NULL,'',NULL,NULL,NULL,0,0,NULL,'2010-09-30 19:01:17','ajit kumar',NULL,NULL,0),(61,NULL,NULL,NULL,NULL,NULL,NULL,NULL,NULL,NULL,NULL,NULL,'2010-10-01 09:19:41','Bhavesh ',NULL,NULL,0),(62,NULL,NULL,NULL,NULL,NULL,NULL,NULL,NULL,NULL,NULL,NULL,'2010-10-01 09:22:26','Bhavesh ',NULL,NULL,0),(63,NULL,NULL,NULL,NULL,NULL,NULL,NULL,NULL,NULL,NULL,NULL,'2010-10-01 09:34:22','Bhavesh ',NULL,NULL,0),(64,NULL,NULL,NULL,NULL,NULL,NULL,NULL,NULL,NULL,NULL,NULL,'2010-10-01 09:36:00','Bhavesh ',NULL,NULL,0),(65,'',NULL,NULL,NULL,'',NULL,NULL,NULL,0,0,NULL,'2010-10-01 12:08:39','ajit kumar',NULL,NULL,0),(66,'',NULL,NULL,NULL,'',NULL,NULL,NULL,0,0,NULL,'2010-10-01 18:43:03','ajit kumar',NULL,NULL,0),(67,NULL,NULL,NULL,NULL,NULL,NULL,NULL,NULL,NULL,NULL,NULL,'2010-10-06 21:45:17','ajit kumar',NULL,NULL,0),(68,NULL,NULL,NULL,NULL,NULL,NULL,NULL,NULL,NULL,NULL,NULL,'2010-10-06 21:55:39','ajit kumar',NULL,NULL,0),(69,NULL,NULL,NULL,NULL,NULL,NULL,NULL,NULL,NULL,NULL,NULL,'2010-10-06 21:59:07','ajit kumar',NULL,NULL,0),(70,'123',NULL,NULL,'PASSPORT','7878','2012-12-12 00:00:00',NULL,NULL,1,1,NULL,'2010-10-13 17:09:13','Alok Ranjan',NULL,NULL,0),(71,'',NULL,NULL,NULL,'',NULL,NULL,NULL,0,0,NULL,'2010-10-13 19:32:03','Alok Ranjan',NULL,NULL,0),(72,'',NULL,NULL,'PANCARD','',NULL,NULL,NULL,0,1,NULL,'2010-10-14 10:26:04','Alok Ranjan',NULL,NULL,0),(73,'',NULL,NULL,'PANCARD','112323','2012-12-12 00:00:00',NULL,NULL,0,1,NULL,'2010-10-18 09:45:17','Alok Ranjan',NULL,NULL,0),(74,'',NULL,NULL,'PANCARD','789456','2012-12-12 00:00:00',NULL,NULL,1,0,NULL,'2010-10-19 11:04:18','Alok Ranjan','2010-10-26 11:56:07','Alok Ranjan',1),(76,'',NULL,NULL,NULL,'',NULL,NULL,NULL,0,0,NULL,'2010-10-21 20:54:50','Bhavesh ',NULL,NULL,0),(77,'',NULL,NULL,NULL,'',NULL,NULL,NULL,0,0,NULL,'2010-10-22 09:02:54','Alok Ranjan',NULL,NULL,0),(78,'',NULL,NULL,'PASSPORT','758412','2018-01-24 00:00:00',NULL,NULL,0,1,NULL,'2010-10-22 10:03:14','Bhavesh ',NULL,NULL,0),(79,'',NULL,NULL,'DRIVING','104111','2012-05-23 00:00:00',NULL,NULL,0,0,NULL,'2010-10-22 14:47:33','Bhavesh ','2010-10-22 16:53:27','Bhavesh ',1),(80,'',NULL,NULL,NULL,'',NULL,NULL,NULL,1,0,NULL,'2010-10-22 17:33:43','Bhavesh ',NULL,NULL,0),(81,'',NULL,NULL,NULL,'',NULL,NULL,NULL,0,0,NULL,'2010-10-22 19:28:20','Bhavesh ',NULL,NULL,0),(82,'',NULL,NULL,NULL,'',NULL,NULL,NULL,0,0,NULL,'2010-10-22 19:44:44','Bhavesh ',NULL,NULL,0),(83,'',NULL,NULL,NULL,'',NULL,NULL,NULL,0,0,NULL,'2010-10-22 21:07:16','Bhavesh ',NULL,NULL,0),(84,'',NULL,NULL,NULL,'',NULL,NULL,NULL,0,0,NULL,'2010-10-25 18:07:28','Alok Ranjan',NULL,NULL,0),(85,'',NULL,NULL,NULL,'',NULL,NULL,NULL,0,0,NULL,'2010-10-25 18:08:55','Alok Ranjan',NULL,NULL,0),(86,'',NULL,NULL,NULL,'',NULL,NULL,NULL,0,0,NULL,'2010-10-25 18:24:16','Alok Ranjan',NULL,NULL,0),(87,'',NULL,NULL,NULL,'',NULL,NULL,NULL,0,0,NULL,'2010-10-25 18:28:37','Alok Ranjan',NULL,NULL,0),(88,'',NULL,NULL,NULL,'',NULL,NULL,NULL,0,0,NULL,'2010-10-25 18:31:39','Alok Ranjan',NULL,NULL,0),(89,'',NULL,NULL,NULL,'',NULL,NULL,NULL,0,0,NULL,'2010-10-26 11:48:18','Alok Ranjan',NULL,NULL,0),(90,'',NULL,NULL,NULL,'',NULL,NULL,NULL,0,0,NULL,'2010-10-27 12:22:42','Alok Ranjan',NULL,NULL,0),(91,'',NULL,NULL,NULL,'',NULL,NULL,NULL,0,0,NULL,'2010-11-01 11:53:49','Alok Ranjan',NULL,NULL,0),(92,'',NULL,NULL,NULL,'',NULL,NULL,NULL,0,0,NULL,'2010-11-01 11:59:43','Alok Ranjan',NULL,NULL,0),(93,'',NULL,NULL,NULL,'',NULL,NULL,NULL,0,0,NULL,'2010-11-01 15:01:48','Alok Ranjan',NULL,NULL,0),(94,'',NULL,NULL,NULL,'',NULL,NULL,NULL,0,0,NULL,'2010-11-01 15:54:39','Alok Ranjan',NULL,NULL,0),(95,'',NULL,NULL,NULL,'',NULL,NULL,NULL,0,0,NULL,'2010-11-01 18:36:17','Alok Ranjan',NULL,NULL,0),(96,'',NULL,NULL,NULL,'',NULL,NULL,NULL,0,0,NULL,'2010-11-02 09:29:59','ajit kumar','2010-11-02 10:21:26','Manish ',1),(97,'',NULL,NULL,'PANCARD','2389293','2020-11-25 00:00:00',NULL,NULL,1,1,NULL,'2010-11-02 10:08:05','Manish ','2010-11-02 10:32:03','Manish ',7),(98,'',NULL,NULL,NULL,'',NULL,NULL,NULL,0,0,NULL,'2010-11-08 15:01:10','Alok Ranjan',NULL,NULL,0),(99,'',NULL,NULL,NULL,'',NULL,NULL,NULL,0,0,NULL,'2010-11-08 15:02:35','Alok Ranjan',NULL,NULL,0),(100,'10',NULL,NULL,'RATION','12-12-167','2020-10-12 00:00:00',NULL,NULL,0,0,NULL,'2010-11-08 15:10:21','Alok Ranjan',NULL,NULL,0),(101,'',NULL,NULL,NULL,'',NULL,NULL,NULL,0,0,NULL,'2010-11-08 15:22:08','Alok Ranjan',NULL,NULL,0),(102,'',NULL,NULL,'RATION','12-23451','2020-11-12 00:00:00',NULL,NULL,0,1,NULL,'2010-11-09 11:23:28','Manish ',NULL,NULL,0),(103,'',NULL,NULL,'PANCARD','718216',NULL,NULL,NULL,0,0,NULL,'2010-11-09 12:05:00','Manish ',NULL,NULL,0),(104,'',NULL,NULL,NULL,'',NULL,NULL,NULL,0,0,NULL,'2010-11-10 12:48:27','ajit kumar',NULL,NULL,0);
/*!40000 ALTER TABLE `patient_details` ENABLE KEYS */;
UNLOCK TABLES;

--
-- Table structure for table `patient_immunization`
--

DROP TABLE IF EXISTS `patient_immunization`;
/*!40101 SET @saved_cs_client     = @@character_set_client */;
/*!40101 SET character_set_client = utf8 */;
CREATE TABLE `patient_immunization` (
  `CODE` int(11) NOT NULL AUTO_INCREMENT,
  `PATIENT_ID` int(11) NOT NULL,
  `IMMUNIZATION_NAME` varchar(128) COLLATE utf8_unicode_ci NOT NULL,
  `IMMUNIZATION_DTM` datetime NOT NULL,
  `CREATE_DT` date NOT NULL,
  `VERSION` int(11) NOT NULL,
  PRIMARY KEY (`CODE`),
  KEY `Patient_Immunization_Immunization_Name` (`IMMUNIZATION_NAME`),
  KEY `Patient_Immunization_Patient_id` (`PATIENT_ID`),
  CONSTRAINT `patient_immunization_ibfk_1` FOREIGN KEY (`PATIENT_ID`) REFERENCES `patient` (`PATIENT_ID`),
  CONSTRAINT `patient_immunization_ibfk_2` FOREIGN KEY (`IMMUNIZATION_NAME`) REFERENCES `immunization` (`NAME`)
) ENGINE=InnoDB AUTO_INCREMENT=26 DEFAULT CHARSET=utf8 COLLATE=utf8_unicode_ci;
/*!40101 SET character_set_client = @saved_cs_client */;

--
-- Dumping data for table `patient_immunization`
--

LOCK TABLES `patient_immunization` WRITE;
/*!40000 ALTER TABLE `patient_immunization` DISABLE KEYS */;
INSERT INTO `patient_immunization` VALUES (1,2,'FLU SHOT','2010-07-22 00:00:00','2010-07-19',0),(2,2,'HEPATITIS B IMMUNE GLOBULIN (HBIG)','2010-06-09 00:00:00','2010-07-19',0),(3,70,'ANTHRAX VACCINE','2010-10-05 00:00:00','2010-10-13',0),(6,80,'DENGUE FEVER VACCINE','1970-01-01 05:30:00','2010-10-22',0),(7,74,'CHOLERA VACCINE','2010-10-17 00:00:00','2010-10-26',0),(8,74,'BCG (TUBERCULOSIS) VACCINE','2010-10-18 00:00:00','2010-10-26',0),(23,97,'BOTULINUM ANTITOXIN','2010-11-01 00:00:00','2010-11-02',0),(24,97,'ANTHRAX VACCINE','2010-11-01 00:00:00','2010-11-02',0),(25,102,'ADENOVIRUS VACCINE, TYPE 4','2010-11-07 00:00:00','2010-11-09',0);
/*!40000 ALTER TABLE `patient_immunization` ENABLE KEYS */;
UNLOCK TABLES;

--
-- Table structure for table `patient_rating`
--

DROP TABLE IF EXISTS `patient_rating`;
/*!40101 SET @saved_cs_client     = @@character_set_client */;
/*!40101 SET character_set_client = utf8 */;
CREATE TABLE `patient_rating` (
  `RATING_CODE` varchar(10) COLLATE utf8_unicode_ci NOT NULL,
  `DESCRIPTION` varchar(45) COLLATE utf8_unicode_ci DEFAULT NULL,
  `ACTIVE` smallint(1) DEFAULT NULL,
  `DEFAULT_CODE` smallint(1) DEFAULT NULL,
  PRIMARY KEY (`RATING_CODE`)
) ENGINE=InnoDB DEFAULT CHARSET=utf8 COLLATE=utf8_unicode_ci;
/*!40101 SET character_set_client = @saved_cs_client */;

--
-- Dumping data for table `patient_rating`
--

LOCK TABLES `patient_rating` WRITE;
/*!40000 ALTER TABLE `patient_rating` DISABLE KEYS */;
INSERT INTO `patient_rating` VALUES ('G','Gold',1,0),('P','Platinum',1,0),('R','Regular',1,1),('S','Silver',1,0);
/*!40000 ALTER TABLE `patient_rating` ENABLE KEYS */;
UNLOCK TABLES;

--
-- Table structure for table `patient_vaccination_schedule`
--

DROP TABLE IF EXISTS `patient_vaccination_schedule`;
/*!40101 SET @saved_cs_client     = @@character_set_client */;
/*!40101 SET character_set_client = utf8 */;
CREATE TABLE `patient_vaccination_schedule` (
  `SEQ_NBR` int(11) NOT NULL AUTO_INCREMENT,
  `PATIENT_ID` int(11) NOT NULL,
  `SCHEDULE_NAME` varchar(50) NOT NULL,
  `ASSIGNED_BY_DOCTOR_ID` int(11) NOT NULL,
  `START_DT` datetime NOT NULL,
  `STATUS_CD` varchar(50) NOT NULL,
  `USER_ID` varchar(50) NOT NULL,
  `LAST_MODIFIED_DT` timestamp NOT NULL DEFAULT CURRENT_TIMESTAMP,
  `VERSION` int(11) NOT NULL,
  PRIMARY KEY (`SEQ_NBR`),
  KEY `ASSIGNED_BY_DOCTOR_ID_FK` (`ASSIGNED_BY_DOCTOR_ID`),
  KEY `PATIENT_ID_FK` (`PATIENT_ID`),
  KEY `SCHEDULE_NAME_FK` (`SCHEDULE_NAME`),
  CONSTRAINT `patient_vaccination_schedule_ibfk_1` FOREIGN KEY (`PATIENT_ID`) REFERENCES `patient` (`PATIENT_ID`),
  CONSTRAINT `patient_vaccination_schedule_ibfk_2` FOREIGN KEY (`SCHEDULE_NAME`) REFERENCES `vaccination_schedule` (`SCHEDULE_NAME`),
  CONSTRAINT `patient_vaccination_schedule_ibfk_3` FOREIGN KEY (`ASSIGNED_BY_DOCTOR_ID`) REFERENCES `doctor` (`DOCTOR_ID`)
) ENGINE=InnoDB AUTO_INCREMENT=2 DEFAULT CHARSET=latin1;
/*!40101 SET character_set_client = @saved_cs_client */;

--
-- Dumping data for table `patient_vaccination_schedule`
--

LOCK TABLES `patient_vaccination_schedule` WRITE;
/*!40000 ALTER TABLE `patient_vaccination_schedule` DISABLE KEYS */;
INSERT INTO `patient_vaccination_schedule` VALUES (1,30,'Child Schedule',2,'2010-09-30 00:00:00','NOT_STARTED','Bhavesh ','2010-09-30 05:54:53',0);
/*!40000 ALTER TABLE `patient_vaccination_schedule` ENABLE KEYS */;
UNLOCK TABLES;

--
-- Table structure for table `patient_vaccination_schedule_details`
--

DROP TABLE IF EXISTS `patient_vaccination_schedule_details`;
/*!40101 SET @saved_cs_client     = @@character_set_client */;
/*!40101 SET character_set_client = utf8 */;
CREATE TABLE `patient_vaccination_schedule_details` (
  `SEQ_NBR` int(11) NOT NULL,
  `SUB_SEQ_NBR` int(11) NOT NULL,
  `SCHEDULE_NAME` varchar(45) NOT NULL,
  `PATIENT_ID` int(11) NOT NULL,
  `GIVEN_BY_DOCTOR_ID` int(11) DEFAULT NULL,
  `PERIOD_IN_DAYS` int(11) NOT NULL,
  `AGE` varchar(50) NOT NULL,
  `VACCIANTION_CD` varchar(25) NOT NULL,
  `VACCINATION_TYPE_CD` varchar(150) DEFAULT NULL,
  `DOSAGE` varchar(50) NOT NULL,
  `DOCTOR_COMMENTS` varchar(500) DEFAULT NULL,
  `USER_ID` varchar(50) NOT NULL,
  `DUE_DATE` datetime DEFAULT NULL,
  `GIVEN_DATE` datetime DEFAULT NULL,
  `VERSION` int(11) NOT NULL,
  PRIMARY KEY (`SEQ_NBR`,`SUB_SEQ_NBR`,`SCHEDULE_NAME`,`PATIENT_ID`),
  KEY `PATIENT_ID_FK1` (`PATIENT_ID`),
  KEY `VACCIANTION_CD` (`VACCIANTION_CD`),
  KEY `SCHEDULE_NAME` (`SCHEDULE_NAME`),
  KEY `GIVEN_BY_DOCTOR_ID` (`GIVEN_BY_DOCTOR_ID`),
  CONSTRAINT `patient_vaccination_schedule_details_ibfk_2` FOREIGN KEY (`SCHEDULE_NAME`) REFERENCES `vaccination_schedule` (`SCHEDULE_NAME`),
  CONSTRAINT `patient_vaccination_schedule_details_ibfk_3` FOREIGN KEY (`PATIENT_ID`) REFERENCES `patient` (`PATIENT_ID`),
  CONSTRAINT `patient_vaccination_schedule_details_ibfk_4` FOREIGN KEY (`VACCIANTION_CD`) REFERENCES `vaccination` (`VACCINATION_CD`),
  CONSTRAINT `patient_vaccination_schedule_details_ibfk_5` FOREIGN KEY (`SEQ_NBR`) REFERENCES `patient_vaccination_schedule` (`SEQ_NBR`),
  CONSTRAINT `patient_vaccination_schedule_details_ibfk_6` FOREIGN KEY (`GIVEN_BY_DOCTOR_ID`) REFERENCES `doctor` (`DOCTOR_ID`)
) ENGINE=InnoDB DEFAULT CHARSET=latin1;
/*!40101 SET character_set_client = @saved_cs_client */;

--
-- Dumping data for table `patient_vaccination_schedule_details`
--

LOCK TABLES `patient_vaccination_schedule_details` WRITE;
/*!40000 ALTER TABLE `patient_vaccination_schedule_details` DISABLE KEYS */;
INSERT INTO `patient_vaccination_schedule_details` VALUES (1,0,'Child Schedule',30,NULL,1,'4 weeks ','HEPATITIS-A','MANDATORY','1',NULL,'Bhavesh ','2010-10-01 00:00:00',NULL,0),(1,1,'Child Schedule',30,NULL,50,'1-5 years','DTAP','MANDATORY','1',NULL,'Bhavesh ','2010-11-19 00:00:00',NULL,0),(1,2,'Child Schedule',30,NULL,200,'> 15 months ','HEPATITIS-B ','OPTIONAL','1',NULL,'Bhavesh ','2011-04-18 00:00:00',NULL,0);
/*!40000 ALTER TABLE `patient_vaccination_schedule_details` ENABLE KEYS */;
UNLOCK TABLES;

--
-- Table structure for table `payment_recpt`
--

DROP TABLE IF EXISTS `payment_recpt`;
/*!40101 SET @saved_cs_client     = @@character_set_client */;
/*!40101 SET character_set_client = utf8 */;
CREATE TABLE `payment_recpt` (
  `TRANSACTION_ID` bigint(20) NOT NULL AUTO_INCREMENT,
  `ACCOUNT_NUMBER` int(11) NOT NULL,
  `TRANSACTION_DTM` timestamp NOT NULL DEFAULT CURRENT_TIMESTAMP,
  `AMOUNT` double NOT NULL,
  `CREATED_BY` varchar(80) NOT NULL,
  `CREATED_DTM` timestamp NOT NULL DEFAULT '0000-00-00 00:00:00',
  `VERSION` int(11) NOT NULL,
  PRIMARY KEY (`TRANSACTION_ID`)
) ENGINE=InnoDB AUTO_INCREMENT=14 DEFAULT CHARSET=latin1;
/*!40101 SET character_set_client = @saved_cs_client */;

--
-- Dumping data for table `payment_recpt`
--

LOCK TABLES `payment_recpt` WRITE;
/*!40000 ALTER TABLE `payment_recpt` DISABLE KEYS */;
INSERT INTO `payment_recpt` VALUES (1,1000258,'2010-11-01 15:35:01',500,'manishkumar','2010-11-01 15:35:01',0),(2,1000258,'2010-11-01 15:56:55',1200,'manishkumar','2010-11-01 15:56:55',0),(3,1000255,'2010-11-01 16:08:25',100,'manishkumar','2010-11-01 16:08:25',0),(4,1000275,'2010-11-01 16:09:45',50,'manishkumar','2010-11-01 16:09:45',0),(5,1000275,'2010-11-01 16:10:44',50,'manishkumar','2010-11-01 16:10:44',0),(6,1000255,'2010-11-01 16:15:45',100,'manishkumar','2010-11-01 16:15:45',0),(7,1000275,'2010-11-01 16:17:06',100,'manishkumar','2010-11-01 16:17:06',0),(8,1000474,'2010-11-01 16:25:25',100,'manishkumar','2010-11-01 16:25:25',0),(9,1000504,'2010-11-02 04:00:46',50,'ajit','2010-11-02 04:00:46',0),(10,1000508,'2010-11-02 04:38:56',50,'manishkumar','2010-11-02 04:38:56',0),(11,1000508,'2010-11-02 04:54:33',60,'manishkumar','2010-11-02 04:54:33',0),(12,1000508,'2010-11-02 04:55:59',60,'manishkumar','2010-11-02 04:55:59',0),(13,1000478,'2010-11-29 10:54:08',250,'manishkumar','2010-11-29 10:54:08',0);
/*!40000 ALTER TABLE `payment_recpt` ENABLE KEYS */;
UNLOCK TABLES;

--
-- Table structure for table `plan_covers_disease`
--

DROP TABLE IF EXISTS `plan_covers_disease`;
/*!40101 SET @saved_cs_client     = @@character_set_client */;
/*!40101 SET character_set_client = utf8 */;
CREATE TABLE `plan_covers_disease` (
  `PLAN_CD` varchar(30) NOT NULL,
  `DISEASE_NAME` varchar(25) NOT NULL,
  `IS_COVERD` varchar(1) NOT NULL,
  `PERCENT_ABS_IND` char(1) DEFAULT NULL,
  `COVERAGE_AMT` double DEFAULT NULL,
  `CREATED_DTM` timestamp NULL DEFAULT NULL,
  `CREATED_BY` varchar(35) NOT NULL,
  `VERSION` int(11) NOT NULL,
  PRIMARY KEY (`PLAN_CD`,`DISEASE_NAME`),
  KEY `PLAN_DISEASE_PLAN_CD_FK` (`PLAN_CD`),
  KEY `PLAN_DISEASE_DISEASE_NAME_FK` (`DISEASE_NAME`)
) ENGINE=InnoDB DEFAULT CHARSET=latin1;
/*!40101 SET character_set_client = @saved_cs_client */;

--
-- Dumping data for table `plan_covers_disease`
--

LOCK TABLES `plan_covers_disease` WRITE;
/*!40000 ALTER TABLE `plan_covers_disease` DISABLE KEYS */;
/*!40000 ALTER TABLE `plan_covers_disease` ENABLE KEYS */;
UNLOCK TABLES;

--
-- Table structure for table `plan_has_services`
--

DROP TABLE IF EXISTS `plan_has_services`;
/*!40101 SET @saved_cs_client     = @@character_set_client */;
/*!40101 SET character_set_client = utf8 */;
CREATE TABLE `plan_has_services` (
  `PLAN_CD` varchar(30) NOT NULL,
  `SERVICE_CODE` varchar(15) NOT NULL,
  `IS_COVERD` char(1) NOT NULL,
  `PERCENT_ABS_IND` varchar(1) DEFAULT NULL,
  `COVERAGE_AMT` double DEFAULT NULL,
  `CREATED_BY` varchar(35) NOT NULL,
  `CREATED_DTM` timestamp NOT NULL DEFAULT CURRENT_TIMESTAMP,
  `VERSION` int(11) NOT NULL,
  PRIMARY KEY (`PLAN_CD`,`SERVICE_CODE`),
  KEY `PLAN_HAS_SERVICE_PLAN_CD_FK` (`PLAN_CD`),
  KEY `PLAN_HAS_SERVICE_SERVICE_CODE_FK` (`SERVICE_CODE`),
  CONSTRAINT `plan_has_services_ibfk_1` FOREIGN KEY (`PLAN_CD`) REFERENCES `insurance_plans` (`PLAN_CD`)
) ENGINE=InnoDB DEFAULT CHARSET=latin1;
/*!40101 SET character_set_client = @saved_cs_client */;

--
-- Dumping data for table `plan_has_services`
--

LOCK TABLES `plan_has_services` WRITE;
/*!40000 ALTER TABLE `plan_has_services` DISABLE KEYS */;
INSERT INTO `plan_has_services` VALUES ('Test1','CBP','Y',NULL,NULL,'Bhavesh ','2010-10-07 04:59:18',0);
/*!40000 ALTER TABLE `plan_has_services` ENABLE KEYS */;
UNLOCK TABLES;

--
-- Table structure for table `prescription`
--

DROP TABLE IF EXISTS `prescription`;
/*!40101 SET @saved_cs_client     = @@character_set_client */;
/*!40101 SET character_set_client = utf8 */;
CREATE TABLE `prescription` (
  `PRESCRIPTION_NUMBER` int(20) NOT NULL AUTO_INCREMENT,
  `SRC_REF_NUMBER` int(11) NOT NULL COMMENT 'For OPD - this will contain the APPOINTMENT_NUMBER and for IPD this will contain the admission number',
  `PRESCRIPTION_DATE` datetime DEFAULT NULL,
  `PRESCRIPTION_TEXT` varchar(4000) COLLATE utf8_unicode_ci DEFAULT NULL,
  `VERSION` int(11) NOT NULL,
  PRIMARY KEY (`PRESCRIPTION_NUMBER`),
  KEY `Prescription_Appointment_Number_FK` (`SRC_REF_NUMBER`)
) ENGINE=InnoDB AUTO_INCREMENT=40 DEFAULT CHARSET=utf8 COLLATE=utf8_unicode_ci;
/*!40101 SET character_set_client = @saved_cs_client */;

--
-- Dumping data for table `prescription`
--

LOCK TABLES `prescription` WRITE;
/*!40000 ALTER TABLE `prescription` DISABLE KEYS */;
INSERT INTO `prescription` VALUES (1,3,'2010-07-20 07:37:08',NULL,0),(2,3,'2010-07-20 07:38:05',NULL,0),(3,3,'2010-07-20 07:39:52',NULL,0),(4,3,'2010-07-20 07:40:46',NULL,0),(5,2,'2010-07-20 07:43:44',NULL,0),(6,2,'2010-07-20 07:50:45',NULL,0),(7,2,'2010-07-20 08:14:24',NULL,0),(8,1,'2010-07-20 08:15:42',NULL,0),(9,1,'2010-07-20 08:16:49',NULL,0),(10,4,'2010-07-20 12:24:00',NULL,0),(11,2,'2010-07-23 13:51:10',NULL,0),(12,1,'2010-07-23 14:19:40',NULL,0),(13,4,'2010-07-23 14:35:25',NULL,0),(14,4,'2010-07-23 14:40:12',NULL,0),(15,4,'2010-07-23 14:48:39',NULL,0),(16,3,'2010-07-23 15:01:09',NULL,0),(17,1,'2010-07-23 15:09:48',NULL,0),(18,4,'2010-07-23 15:20:20',NULL,0),(19,4,'2010-07-23 15:32:09',NULL,0),(20,7,'2010-09-15 09:56:21',NULL,0),(21,6,'2010-09-15 13:55:47',NULL,0),(22,8,'2010-10-05 14:16:43',NULL,0),(23,22,'2010-10-05 14:27:05',NULL,0),(24,37,'2010-10-14 20:36:33',NULL,0),(25,38,'2010-10-18 09:58:47',NULL,0),(26,18,'2010-10-21 15:35:43',NULL,0),(27,18,'2010-10-21 15:36:15',NULL,0),(28,43,'2010-10-22 10:19:13',NULL,0),(29,43,'2010-10-22 13:31:32',NULL,0),(30,46,'2010-10-22 15:01:44',NULL,0),(31,48,'2010-10-22 17:54:21',NULL,0),(32,50,'2010-10-27 12:25:20',NULL,0),(33,7,'2010-11-02 10:57:49',NULL,0),(34,7,'2010-11-02 11:01:40',NULL,0),(35,7,'2010-11-02 11:03:53',NULL,0),(36,62,'2010-11-02 11:57:02',NULL,0),(37,62,'2010-11-02 11:57:57',NULL,0),(38,73,'2010-11-29 16:13:46',NULL,0),(39,29,'2010-12-01 17:58:18',NULL,0);
/*!40000 ALTER TABLE `prescription` ENABLE KEYS */;
UNLOCK TABLES;

--
-- Table structure for table `prescription_medicine_assoc`
--

DROP TABLE IF EXISTS `prescription_medicine_assoc`;
/*!40101 SET @saved_cs_client     = @@character_set_client */;
/*!40101 SET character_set_client = utf8 */;
CREATE TABLE `prescription_medicine_assoc` (
  `PRESCRIPTION_NUMBER` int(20) NOT NULL,
  `MEDICINE_CODE` varchar(25) COLLATE utf8_unicode_ci NOT NULL,
  `DOSAGE` varchar(45) COLLATE utf8_unicode_ci DEFAULT NULL,
  `REPEATS` varchar(45) COLLATE utf8_unicode_ci DEFAULT NULL,
  `REMARKS` varchar(255) COLLATE utf8_unicode_ci DEFAULT NULL,
  `VERSION` int(11) NOT NULL,
  PRIMARY KEY (`PRESCRIPTION_NUMBER`,`MEDICINE_CODE`),
  KEY `Prescription_Medicine_Code_FK` (`MEDICINE_CODE`),
  CONSTRAINT `prescription_medicine_assoc_ibfk_1` FOREIGN KEY (`PRESCRIPTION_NUMBER`) REFERENCES `prescription` (`PRESCRIPTION_NUMBER`),
  CONSTRAINT `prescription_medicine_assoc_ibfk_2` FOREIGN KEY (`MEDICINE_CODE`) REFERENCES `medicines` (`MEDICINE_CODE`)
) ENGINE=InnoDB DEFAULT CHARSET=utf8 COLLATE=utf8_unicode_ci;
/*!40101 SET character_set_client = @saved_cs_client */;

--
-- Dumping data for table `prescription_medicine_assoc`
--

LOCK TABLES `prescription_medicine_assoc` WRITE;
/*!40000 ALTER TABLE `prescription_medicine_assoc` DISABLE KEYS */;
INSERT INTO `prescription_medicine_assoc` VALUES (1,'Atenolol','3','3','Take after meals',0),(2,'Atenolol','3','3','Take after meals',0),(3,'Atenolol','3','4','take',0),(4,'Captopril','3','2','',0),(5,'Kfex','2','3','take before meal',0),(6,'Kfex','2','3','take before meal',0),(7,'Bromhexine','2','2','use after meals',0),(8,'Kfex','2','','',0),(9,'Captopril','3','','',0),(10,'Bromhexine','2','','',0),(11,'Bromhexine','2','twice a day','',0),(12,'Atenolol','3','twice a day','',0),(13,'Atenolol','3','','',0),(14,'Atenolol','3','','',0),(15,'Bromhexine','2','','',0),(16,'Bromhexine','2','','',0),(17,'Captopril','3','','',0),(18,'Zidovudine','2','','',0),(19,'Kfex','2','','fgfg',0),(20,'Captopril','3','3','',0),(21,'Artesunate','2','','',0),(22,'Captopril','3','','',0),(23,'Artesunate','2','','',0),(24,'Atenolol','3','','',0),(24,'Kfex','2','','',0),(24,'Zidovudine','2','','',0),(25,'Atenolol','3','3','no',0),(25,'Kfex','2','3','',0),(26,'Atenolol','3','','',0),(28,'Bromhexine','2','2','',0),(28,'Captopril','3','','',0),(28,'Ranitidine','3','','',0),(29,'Bromhexine','2','','',0),(30,'Carbmazepine','1','','',0),(30,'Ranitidine','3','2','',0),(31,'Artesunate','2','','',0),(31,'Captopril','3','3','After food ',0),(32,'Ranitidine','3','5','',0),(32,'Zidovudine','2','5','',0),(33,'Atenolol','3','8','',0),(36,'Captopril','3','6','',0),(36,'Carbmazepine','1','','',0),(38,'Artesunate','2','','',0),(39,'Captopril','3','','',0);
/*!40000 ALTER TABLE `prescription_medicine_assoc` ENABLE KEYS */;
UNLOCK TABLES;

--
-- Table structure for table `record`
--

DROP TABLE IF EXISTS `record`;
/*!40101 SET @saved_cs_client     = @@character_set_client */;
/*!40101 SET character_set_client = utf8 */;
CREATE TABLE `record` (
  `RECORD_ID` varchar(45) COLLATE utf8_unicode_ci NOT NULL,
  `SERVICE_UID` int(11) DEFAULT NULL,
  `SERVICE_DATE` datetime DEFAULT NULL,
  `ACTIVE` smallint(1) DEFAULT NULL,
  `CREATE_DTM` datetime DEFAULT NULL,
  `CREATED_BY` varchar(45) COLLATE utf8_unicode_ci DEFAULT NULL,
  `LAST_MODIFIED_DTM` datetime DEFAULT NULL,
  `MODIFIED_BY` varchar(45) COLLATE utf8_unicode_ci DEFAULT NULL,
  `VERSION` int(11) NOT NULL,
  PRIMARY KEY (`RECORD_ID`),
  KEY `Record_Service_Uid_FK` (`SERVICE_UID`),
  CONSTRAINT `record_ibfk_1` FOREIGN KEY (`SERVICE_UID`) REFERENCES `assigned_services` (`SERVICE_UID`)
) ENGINE=InnoDB DEFAULT CHARSET=utf8 COLLATE=utf8_unicode_ci;
/*!40101 SET character_set_client = @saved_cs_client */;

--
-- Dumping data for table `record`
--

LOCK TABLES `record` WRITE;
/*!40000 ALTER TABLE `record` DISABLE KEYS */;
/*!40000 ALTER TABLE `record` ENABLE KEYS */;
UNLOCK TABLES;

--
-- Table structure for table `reference_data_list`
--

DROP TABLE IF EXISTS `reference_data_list`;
/*!40101 SET @saved_cs_client     = @@character_set_client */;
/*!40101 SET character_set_client = utf8 */;
CREATE TABLE `reference_data_list` (
  `CONTEXT` varchar(150) COLLATE utf8_unicode_ci NOT NULL,
  `ATTR_CODE` varchar(150) COLLATE utf8_unicode_ci NOT NULL,
  `ATTR_DESC` varchar(150) COLLATE utf8_unicode_ci DEFAULT NULL,
  `IS_DEFAULT` varchar(1) COLLATE utf8_unicode_ci DEFAULT 'N',
  `SEQ_NBR` int(4) DEFAULT NULL,
  `CREATED_BY` varchar(150) COLLATE utf8_unicode_ci NOT NULL,
  `CREATE_DTM` datetime NOT NULL,
  `MODIFIED_BY` varchar(150) COLLATE utf8_unicode_ci DEFAULT NULL,
  `MODIFIED_DTM` datetime DEFAULT NULL,
  `VERSION` int(11) NOT NULL,
  PRIMARY KEY (`CONTEXT`,`ATTR_CODE`)
) ENGINE=InnoDB DEFAULT CHARSET=utf8 COLLATE=utf8_unicode_ci;
/*!40101 SET character_set_client = @saved_cs_client */;

--
-- Dumping data for table `reference_data_list`
--

LOCK TABLES `reference_data_list` WRITE;
/*!40000 ALTER TABLE `reference_data_list` DISABLE KEYS */;
INSERT INTO `reference_data_list` VALUES ('ACTIVE_STATUS','N','No','N',NULL,'Bhavesh','2010-01-27 20:58:33',NULL,NULL,0),('ACTIVE_STATUS','Y','Yes','N',NULL,'Bhavesh','2010-01-27 20:58:33',NULL,NULL,0),('APPONITMENT_TYPE','FOLLOW-UP','Follow-up','N',NULL,'vinay kurudi','2010-01-07 18:08:40',NULL,NULL,0),('APPONITMENT_TYPE','PRIMARY','Primary','N',NULL,'vinay kurudi','2010-01-07 18:07:49',NULL,NULL,0),('APPONITMENT_TYPE','SECONDARY','Secondary','N',NULL,'vinay kurudi','2010-01-07 18:07:59',NULL,NULL,0),('CHECKLIST_ROLE','ANAESTHETIST','Anaethetist','N',4,'Manish','0000-00-00 00:00:00',NULL,NULL,0),('CHECKLIST_ROLE','NURSE','Nurse','N',2,'Manish','0000-00-00 00:00:00',NULL,NULL,0),('CHECKLIST_ROLE','PATIENT','Patient','N',1,'Manish','0000-00-00 00:00:00',NULL,NULL,0),('CHECKLIST_ROLE','SURGEON','Surgeon','N',3,'Manish','0000-00-00 00:00:00',NULL,NULL,0),('CHECKLIST_TYPE','MAINTENANCE','Maintenance','N',2,'Manish','2010-08-11 09:14:41',NULL,NULL,0),('CHECKLIST_TYPE','PATIENT_CARE','Patient care','N',1,'Manish','2010-08-11 09:13:48',NULL,NULL,0),('CHECKLIST_TYPE','PROCESS_COMPLIANCE','Process compliance','N',3,'Manish','2010-08-11 09:15:51',NULL,NULL,0),('CONTEXT_OT_BOOKING_STATUS','CREATED','Created','N',1,'Manish','0000-00-00 00:00:00',NULL,NULL,0),('ENTITY_TYPE','COORDINATOR','Coordinator','N',NULL,'Manish','2010-08-25 19:22:48',NULL,NULL,0),('ENTITY_TYPE','LAB_TECHNICIAN','Lab Technician','N',2,'','0000-00-00 00:00:00',NULL,NULL,0),('ENTITY_TYPE','NURSE','Nurse','N',1,'','0000-00-00 00:00:00',NULL,NULL,0),('HEIGHT','CMS','cms','N',NULL,'vinay kurudi','2010-01-07 11:08:18',NULL,NULL,0),('HEIGHT','INCHES','Inches','N',NULL,'vinay kurudi','2010-01-07 11:07:45',NULL,NULL,0),('LAB_MEASUREMENT_UNIT','COUNT','Count','N',3,'Bhavesh','2010-04-01 11:31:16',NULL,NULL,0),('LAB_MEASUREMENT_UNIT','GM','gms','N',2,'Bhavesh','2010-04-01 11:31:41',NULL,NULL,0),('LAB_MEASUREMENT_UNIT','ML','ml','N',1,'Bhavesh','2010-04-04 00:00:00',NULL,NULL,0),('LAB_TEST_RESULT_STATUS','CREATED','Created','N',1,'Bhavesh','2010-04-01 11:31:16',NULL,NULL,0),('LAB_TEST_RESULT_STATUS','RESULT_APPROVED','Result approved','N',4,'Bhavesh','2010-04-01 11:31:41',NULL,NULL,0),('LAB_TEST_RESULT_STATUS','RESULT_ENTERED','Result entered','N',2,'Bhavesh','2010-04-01 11:31:41',NULL,NULL,0),('LAB_TEST_RESULT_STATUS','SPECIMEN_COLLECTED','Specimen collected','N',2,'Bhavesh','2010-04-01 11:31:41',NULL,NULL,0),('LAB_TEST_RESULT_STATUS','TEST_PERFORMED','Test performed','N',3,'Bhavesh','2010-04-01 11:31:16',NULL,NULL,0),('LAB_TYPE','BIOPSIES','Biopsies','N',NULL,'','2010-04-02 18:39:26',NULL,NULL,0),('LAB_TYPE','CT SCAN','CT Scan','N',NULL,'','0000-00-00 00:00:00',NULL,NULL,0),('LAB_TYPE','ECG','Ecg','N',NULL,'','2010-04-02 18:41:12',NULL,NULL,0),('LAB_TYPE','MICROBOLOGY','Microbiology','N',NULL,'','2010-04-02 18:38:16',NULL,NULL,0),('LAB_TYPE','PET','Pet','N',NULL,'','2010-04-02 18:39:46',NULL,NULL,0),('LAB_TYPE','ULTRASOUND','Ultrasound','N',NULL,'','2010-04-02 18:40:15',NULL,NULL,0),('OT_BOOKING_STATUS','ADMITTED','Admitted','N',2,'Manish','0000-00-00 00:00:00',NULL,NULL,0),('OT_BOOKING_STATUS','CANCELED','Canceled','N',3,'Manish','0000-00-00 00:00:00',NULL,NULL,0),('OT_BOOKING_STATUS','CREATED','Created','N',1,'Manish','0000-00-00 00:00:00',NULL,NULL,0),('OT_BOOKING_STATUS','RESCHEDULED','Rescheduled','N',4,'Manish','0000-00-00 00:00:00',NULL,NULL,0),('PAT_VACC_SCHEDULE_STATUS','COMPLETED','Completed','N',NULL,'Sandeep Kumar','2009-12-30 11:55:14','Sandeep Kumar','2009-12-30 11:55:14',0),('PAT_VACC_SCHEDULE_STATUS','NOT_STARTED','Not started','N',NULL,'Sandeep Kumar','2009-12-30 11:55:14','Sandeep Kumar','2009-12-30 11:55:14',0),('PAT_VACC_SCHEDULE_STATUS','PARTIALLY_COMPLETED','Partially completed','N',NULL,'Sandeep Kumar','2009-12-30 11:55:14','Sandeep Kumar','2009-12-30 11:55:14',0),('PATIENT_TEST_DETAIL_STATUS','APPROVED','Approved','N',4,'Bhavesh','2010-04-01 11:31:16',NULL,NULL,0),('PATIENT_TEST_DETAIL_STATUS','CREATED','Created','N',1,'Bhavesh','2010-04-01 11:31:41',NULL,NULL,0),('PATIENT_TEST_DETAIL_STATUS','DISAPPROVED','Disapproved','N',5,'Bhavesh','2010-04-01 11:31:41',NULL,NULL,0),('PATIENT_TEST_DETAIL_STATUS','RESULT_ENTERED','Result entered','N',6,'Bhavesh','2010-04-01 11:31:41',NULL,NULL,0),('PATIENT_TEST_DETAIL_STATUS','SPECIMEN_COLLECTED','Specimen collected','N',2,'Bhavesh','2010-04-01 11:31:16',NULL,NULL,0),('PATIENT_TEST_DETAIL_STATUS','TEST_PERFORMED','Test performed','N',NULL,'manish','0000-00-00 00:00:00',NULL,NULL,0),('PCT_ABS_IND','ABSOLUTE','Absolute','N',NULL,'Bhavesh','2010-01-02 12:47:30',NULL,NULL,0),('PCT_ABS_IND','PERCENTAGE','Percentage','N',NULL,'Bhavesh','2010-01-02 12:47:44',NULL,NULL,0),('PERIOD_IND','D','Days','N',NULL,'vinay kurudi','2010-01-05 11:27:51',NULL,NULL,0),('PERIOD_IND','H','Hours','N',NULL,'vinay kurudi','2010-01-05 11:27:35',NULL,NULL,0),('PERIOD_IND','M','Months','N',NULL,'vinay kurudi','2010-01-05 11:28:17',NULL,NULL,0),('PERIOD_IND','W','Weeks','N',NULL,'vinay kurudi','2010-01-05 11:28:06',NULL,NULL,0),('PERIOD_IND','Y','Years','N',NULL,'vinay kurudi','2010-01-05 11:28:31',NULL,NULL,0),('QUALIFICATION','DM','DM','N',2,'ASHA','2010-03-17 14:44:35',NULL,NULL,1),('QUALIFICATION','ENDOCRINOLOGIST','ENDOCRINOLOGIST','N',3,'ASHA','2010-03-17 14:46:01',NULL,NULL,1),('QUALIFICATION','FRCS','F.R.C.S','N',4,'ASHA','2010-03-17 14:46:39',NULL,NULL,0),('QUALIFICATION','MBBS','M.B.B.S','N',5,'ASHA','2010-03-17 14:48:27',NULL,NULL,0),('QUALIFICATION','MD','M.D','N',1,'ASHA','2010-03-17 14:01:23',NULL,NULL,0),('QUALIFICATION','MD,DM','MD,DM','N',NULL,'ASHA','2010-03-17 14:49:35',NULL,NULL,0),('QUALIFICATION','MD(RADIOLOGIST)','MD(RADIOLOGIST)','N',NULL,'ASHA','2010-03-17 14:49:06',NULL,NULL,1),('QUALIFICATION','MS','MS','N',NULL,'ASHA','2010-03-17 14:50:02',NULL,NULL,1),('QUALIFICATION','RMP','RMP','N',NULL,'ASHA','2010-03-17 14:50:44',NULL,NULL,1),('REFERENCE_TYPE','IPD','IPD','N',NULL,'','0000-00-00 00:00:00',NULL,NULL,0),('REFERENCE_TYPE','OPD','OPD','N',NULL,'','0000-00-00 00:00:00',NULL,NULL,0),('REFERENCE_TYPE','PAT','Direct patient','N',NULL,'','0000-00-00 00:00:00',NULL,NULL,0),('REFFERAL_TYPE','CLINIC','Clinic','N',NULL,'SREEKANTH','2009-12-30 11:55:14','SREEKANTH','2009-12-30 11:55:14',0),('REFFERAL_TYPE','DOCTOR','Doctor','N',NULL,'SREEKANTH','2009-12-30 11:53:42','SREEKANTH','2009-12-30 11:53:42',0),('REFFERAL_TYPE','HOSPITAL','Hospital','N',NULL,'SREEKANTH','2009-12-30 11:53:42','SREEKANTH','2009-12-30 11:53:42',0),('REFFERAL_TYPE','OLD-PAT','Old Patient','N',NULL,'SREEKANTH','2009-12-30 11:55:14','SREEKANTH','2009-12-30 11:55:14',0),('REPORT','AppointmentSummary','Appointment Summary','N',NULL,'Bhavesh','2010-01-12 18:40:51',NULL,NULL,0),('REPORT','DailyAppointments','Daily Appointments','N',NULL,'Bhavesh','2010-01-11 11:16:19',NULL,NULL,0),('REPORT','DailyPatientWaitTime','Daily Patient Wait Time','N',NULL,'Bhavesh','2010-01-18 17:53:21',NULL,NULL,1),('REPORT','DepartmentWiseRevenue','Department Wise Revenue','N',NULL,'manish','2010-01-10 11:33:58',NULL,NULL,0),('REPORT','DoctorwiseRevenueDetail','Doctorwise Revenue Detail','N',NULL,'Bhavesh','2009-08-26 18:08:19',NULL,NULL,0),('REPORT','DoctorWiseServiceAssignment','Doctor Wise Service Assignment','N',NULL,'Bhavesh','0000-00-00 00:00:00',NULL,NULL,0),('REPORT','OPDBillReceipt','OPDBillReceipt','N',NULL,'ganga','0000-00-00 00:00:00',NULL,NULL,0),('REPORT','OPDInflow','OPD Inflow','N',NULL,'Bhavesh','2010-01-18 10:53:18',NULL,NULL,0),('REPORT','OPDPatientBill','OPD Patient Bill','N',NULL,'Bhavesh','2010-01-18 10:30:02',NULL,NULL,0),('REPORT','OPDReferral','OPDReferral','N',NULL,'ganga','0000-00-00 00:00:00',NULL,NULL,0),('REPORT','OPDRegistar','OPD Registar','N',NULL,'Bhavesh','2010-10-18 17:41:51',NULL,NULL,0),('REPORT','ServiceWiseRevenue','Service Wise Revenue','N',NULL,'Bhavesh','2010-01-12 18:36:24',NULL,NULL,0),('ROSTER_ENTITIES','DOCTOR','Doctor','N',1,'vinaykurudi','2010-02-09 17:33:32',NULL,NULL,0),('ROSTER_MODE','DAILY','Daily','Y',NULL,'Bhavesh','2010-09-24 19:19:39',NULL,NULL,0),('ROSTER_MODE','MONTHLY','Monthly','N',NULL,'Bhavesh','2010-09-24 19:19:39',NULL,NULL,0),('ROSTER_MODE','WEEKLY','Weekly','N',NULL,'Bhavesh','0000-00-00 00:00:00',NULL,NULL,0),('SERVICE_TYPE','ADMINISTRATIVE','Administrative','N',NULL,'Bhavesh','2010-09-24 19:19:39',NULL,NULL,0),('SERVICE_TYPE','LABORATORY','Laboratory test','N',1,'Bhavesh','2010-04-01 11:31:16',NULL,NULL,0),('SERVICE_TYPE','NURSING','Nursing','N',2,'Bhavesh','2010-04-01 11:31:41',NULL,NULL,0),('SERVICE_TYPE','SURGICAL','Surgical','N',3,'Bhavesh','2010-04-01 11:31:41',NULL,NULL,0),('SERVICE_TYPE_SURGERY','AMPUTATION','Amputation','N',NULL,'Manish','0000-00-00 00:00:00',NULL,NULL,0),('SERVICE_TYPE_SURGERY','BARIATRIC_PROCEDURE','Bariatric procedure','N',NULL,'Manish','0000-00-00 00:00:00',NULL,NULL,0),('SERVICE_TYPE_SURGERY','COSMETIC_PROCEDURE','Cosmetic procedure','N',NULL,'Manish','0000-00-00 00:00:00',NULL,NULL,0),('SERVICE_TYPE_SURGERY','EXCISION','Excision','N',NULL,'Manish','0000-00-00 00:00:00',NULL,NULL,0),('SERVICE_TYPE_SURGERY','EXPLORATORY_PROCEDURE','Exploratory procedure ','N',NULL,'Manish','0000-00-00 00:00:00',NULL,NULL,0),('SERVICE_TYPE_SURGERY','LASER_PROCEDURE','Laser procedure','N',NULL,'Manish','0000-00-00 00:00:00',NULL,NULL,0),('SERVICE_TYPE_SURGERY','MICROSURGERY','Microsurgery','N',NULL,'Manish','0000-00-00 00:00:00',NULL,NULL,0),('SERVICE_TYPE_SURGERY','MINIMALLY_INVASIVE_PROCEDURE','Minimally invasive procedure','N',NULL,'Manish','0000-00-00 00:00:00',NULL,NULL,0),('SERVICE_TYPE_SURGERY','PROCEDURE','procedure ','N',NULL,'Manish','0000-00-00 00:00:00',NULL,NULL,0),('SERVICE_TYPE_SURGERY','RECONSTRUCTIVE_PROCEDURE','Reconstructive procedure','N',NULL,'Manish','0000-00-00 00:00:00',NULL,NULL,0),('SERVICE_TYPE_SURGERY','REPLANTATION','Replantation','N',NULL,'Manish','0000-00-00 00:00:00',NULL,NULL,0),('SERVICE_TYPE_SURGERY','THERAPEUTIC_PROCEDURE','Therapeutic procedure','N',NULL,'Manish','0000-00-00 00:00:00',NULL,NULL,0),('SERVICE_TYPE_SURGERY','TRANSPLANT_PROCEDURE','Transplant procedure','N',NULL,'Manish','0000-00-00 00:00:00',NULL,NULL,0),('TEST_ATTRIBUTE_TYPE','NUMERIC','Numeric','N',1,'Bhavesh','2010-04-01 11:31:16',NULL,NULL,0),('TEST_ATTRIBUTE_TYPE','OBSERVATION','Observation','N',3,'Bhavesh','2010-04-01 11:31:16',NULL,NULL,0),('TEST_ATTRIBUTE_TYPE','TEXT','Text','N',2,'Bhavesh','2010-04-01 11:31:41',NULL,NULL,0),('TEST_FOR_GENDER','BOTH','Both','N',1,'Bhavesh','2010-04-01 11:31:16',NULL,NULL,0),('TEST_FOR_GENDER','FEMALE','Female','N',3,'Bhavesh','2010-04-01 11:31:41',NULL,NULL,0),('TEST_FOR_GENDER','MALE','Male','N',2,'Bhavesh','2010-04-04 00:00:00',NULL,NULL,0),('TEST_REQUISITION_STATUS','BILLED','Billed','N',NULL,'manish','0000-00-00 00:00:00',NULL,NULL,0),('TEST_REQUISITION_STATUS','CANCELED','Canceled','N',2,'manish','0000-00-00 00:00:00',NULL,NULL,0),('TEST_REQUISITION_STATUS','COMPLETED','Completed','N',4,'manish','2010-04-01 00:00:00',NULL,NULL,0),('TEST_REQUISITION_STATUS','CREATED','Created','N',1,'manish','0000-00-00 00:00:00',NULL,NULL,0),('TEST_REQUISITION_STATUS','IN_PROGRESS','In progress','N',3,'','0000-00-00 00:00:00',NULL,NULL,0),('TEST_REQUISITION_STATUS','PAID','Paid','N',NULL,'manish','0000-00-00 00:00:00',NULL,NULL,0),('TEST_REQUISITION_STATUS','RENDERED','Rendered','N',NULL,'manish','0000-00-00 00:00:00',NULL,NULL,0),('VACCINATION','ANTHRAX','Anthrax','N',NULL,'vinay kurudi','2010-01-05 11:19:29',NULL,NULL,0),('VACCINATION','DTAP','DTaP','N',NULL,'vinay kurudi','2010-01-05 11:19:33',NULL,NULL,0),('VACCINATION','HEPATITIS-A','Hepatitis A','N',NULL,'vinay kurudi','2010-01-05 11:16:04',NULL,NULL,0),('VACCINATION','HEPATITIS-B','Hepatitis B','N',NULL,'vinay kurudi','2010-01-05 11:16:30',NULL,NULL,0),('VACCINATION','POLIO','Polio','N',NULL,'vinay kurudi','2010-01-05 11:19:59',NULL,NULL,0),('VACCINATION','RABIES','Rabies ','N',NULL,'vinay kurudi','2010-01-05 11:22:57',NULL,NULL,0),('VACCINATION','TETANUS','Tetanus/Diptheria/(Pertussis)','N',NULL,'vinay kurudi','2010-01-05 11:22:17',NULL,NULL,0),('VACCINATION_ACTIVE_FLAG','N','In-active','N',NULL,'sandeep Kumar','2010-01-05 11:19:33',NULL,NULL,0),('VACCINATION_ACTIVE_FLAG','Y','Active','N',NULL,'sandeep Kumar','2010-01-05 11:19:33',NULL,NULL,0),('VACCINATION_TYPE','BOOSER','Booster','N',NULL,'vinay kurudi','2010-01-05 11:26:18',NULL,NULL,0),('VACCINATION_TYPE','MANDATORY','Mandatory','N',NULL,'vinay kurudi','2010-01-05 11:24:07',NULL,NULL,0),('VACCINATION_TYPE','OPTIONAL','Optional','N',NULL,'vinay kurudi','2010-01-05 11:24:12',NULL,NULL,0),('WEIGHT','KGS','kgs','N',NULL,'vinay kurudi','2010-01-07 11:11:28',NULL,NULL,0),('WEIGHT','POUNDS','Pounds','N',NULL,'vinay kurudi','2010-01-07 11:11:05',NULL,NULL,0);
/*!40000 ALTER TABLE `reference_data_list` ENABLE KEYS */;
UNLOCK TABLES;

--
-- Table structure for table `referral`
--

DROP TABLE IF EXISTS `referral`;
/*!40101 SET @saved_cs_client     = @@character_set_client */;
/*!40101 SET character_set_client = utf8 */;
CREATE TABLE `referral` (
  `REFERRAL_CODE` int(11) NOT NULL AUTO_INCREMENT,
  `REFERRAL_TYPE_CODE` varchar(50) COLLATE utf8_unicode_ci NOT NULL DEFAULT 'Doctor',
  `QUALIFICATION` varchar(256) COLLATE utf8_unicode_ci DEFAULT NULL,
  `REFERRAL_NAME` varchar(225) COLLATE utf8_unicode_ci NOT NULL,
  `PREFERRED_CONTACT_TIME` varchar(256) COLLATE utf8_unicode_ci DEFAULT NULL,
  `ADDRESS` varchar(512) COLLATE utf8_unicode_ci NOT NULL,
  `CITY` varchar(256) COLLATE utf8_unicode_ci NOT NULL,
  `STATE_CODE` varchar(10) COLLATE utf8_unicode_ci DEFAULT NULL,
  `COUNTRY_CODE` varchar(10) COLLATE utf8_unicode_ci DEFAULT NULL,
  `PIN_CODE` varchar(20) COLLATE utf8_unicode_ci DEFAULT NULL,
  `PHONE` varchar(20) COLLATE utf8_unicode_ci DEFAULT NULL,
  `MOBILE` varchar(20) COLLATE utf8_unicode_ci DEFAULT NULL,
  `FAX` varchar(20) COLLATE utf8_unicode_ci DEFAULT NULL,
  `EMAIL` varchar(256) COLLATE utf8_unicode_ci DEFAULT NULL,
  `CREATED_BY` varchar(80) COLLATE utf8_unicode_ci DEFAULT NULL,
  `LAST_COMMISSION_PROCESS_DTM` datetime DEFAULT NULL,
  `CREATE_DTM` datetime NOT NULL,
  `LAST_MODIFIED_DTM` datetime DEFAULT NULL,
  `ACTIVE` varchar(1) COLLATE utf8_unicode_ci DEFAULT NULL,
  `VERSION` int(11) NOT NULL,
  PRIMARY KEY (`REFERRAL_CODE`),
  KEY `STATE_FK` (`STATE_CODE`),
  KEY `COUNTRY_FK` (`COUNTRY_CODE`),
  CONSTRAINT `referral_ibfk_2` FOREIGN KEY (`COUNTRY_CODE`) REFERENCES `country` (`COUNTRY_CODE`)
) ENGINE=InnoDB AUTO_INCREMENT=22 DEFAULT CHARSET=utf8 COLLATE=utf8_unicode_ci;
/*!40101 SET character_set_client = @saved_cs_client */;

--
-- Dumping data for table `referral`
--

LOCK TABLES `referral` WRITE;
/*!40000 ALTER TABLE `referral` DISABLE KEYS */;
INSERT INTO `referral` VALUES (1,'HOSPITAL',NULL,'LelaKrishna','','SRNagar','Hyderabad','1000001','208','','','','','','ajit kumar',NULL,'2010-07-20 08:43:23',NULL,'Y',0),(5,'CLINIC',NULL,'Anuradha Clinic','','ECIL','Hyderabad','1000001','208','','','','','','ajit kumar',NULL,'2010-07-20 09:26:42',NULL,'Y',0),(6,'OLD-PAT',NULL,'Ramesh','','Tirupati','Tirupati','1000001','208','','','','','','ajit kumar',NULL,'2010-07-20 09:49:11',NULL,'Y',0),(7,'DOCTOR','','Gopi Krishna','','Kukatpally','Hyderabad','1000001','208','','','','','','ajit kumar',NULL,'2010-07-20 09:51:07','2010-07-20 09:52:51','Y',2),(8,'DOCTOR','','Anitha','','Tenali','Guntur','1000001','208','','','','','','ajit kumar',NULL,'2010-07-20 09:54:38',NULL,'Y',0),(9,'DOCTOR','','Ramesh','','Ameetpet ','Hyderabad',NULL,'208','','','','','','Bhavesh ',NULL,'2010-08-02 11:57:57',NULL,'Y',0),(14,'DOCTOR','','Radhika','','aaaaaa','Hyd','1000001','208','','','','','','Alok Ranjan',NULL,'2010-10-07 12:20:50',NULL,'Y',0),(15,'DOCTOR','','radhika','','aaaaaaaaaa','guntur','1000002','208','','','','','','Alok Ranjan',NULL,'2010-10-07 12:22:25',NULL,'Y',0),(16,'DOCTOR','','radhika','','dfdfd','dfgdg',NULL,'208','','','','','','Alok Ranjan',NULL,'2010-10-07 12:23:54',NULL,'Y',0),(17,'OLD-PAT',NULL,'dsfdf','','dfdf','dfdf','1000001','208','','','','','','Alok Ranjan',NULL,'2010-10-07 12:25:36',NULL,'Y',0),(18,'HOSPITAL',NULL,'swatantra nursing home','','sdsdsd','sdsd','103','100','','','','','','Alok Ranjan',NULL,'2010-10-07 12:39:23',NULL,'Y',0),(19,'DOCTOR','mbbs','arunkumar','12pm','hyd','hyd','1000001','208','5005445','','','','arun.mbbs@gmail.com','Alok Ranjan',NULL,'2010-10-14 11:58:56','2010-10-14 12:28:14','Y',1),(20,'CLINIC',NULL,'rambin','any','ramnagar','hyd','1000001','208','500012','4488557799','','','','Alok Ranjan',NULL,'2010-10-19 12:59:04',NULL,'Y',0),(21,'CLINIC',NULL,'rambin','any','ramnagar','hyd','1000001','208','500012','4488557799','','','','Alok Ranjan',NULL,'2010-10-19 12:59:04',NULL,'Y',0);
/*!40000 ALTER TABLE `referral` ENABLE KEYS */;
UNLOCK TABLES;

--
-- Table structure for table `referral_commission`
--

DROP TABLE IF EXISTS `referral_commission`;
/*!40101 SET @saved_cs_client     = @@character_set_client */;
/*!40101 SET character_set_client = utf8 */;
CREATE TABLE `referral_commission` (
  `SEQ_NBR` int(11) NOT NULL AUTO_INCREMENT,
  `REFERRAL_CODE` int(11) NOT NULL,
  `COMMISSION_PROCESS_TYPE_CD` varchar(40) COLLATE utf8_unicode_ci NOT NULL,
  `PCT_ABS_IND` varchar(15) COLLATE utf8_unicode_ci NOT NULL,
  `PCT_ABS_VALUE` double NOT NULL,
  `CREATED_BY` varchar(80) COLLATE utf8_unicode_ci NOT NULL,
  `CREATED_DTM` datetime NOT NULL,
  PRIMARY KEY (`SEQ_NBR`),
  KEY `COMMISSION_PROCESS_TYPE_CD` (`COMMISSION_PROCESS_TYPE_CD`),
  KEY `REFERRAL_CODE` (`REFERRAL_CODE`),
  CONSTRAINT `referral_commission_ibfk_1` FOREIGN KEY (`REFERRAL_CODE`) REFERENCES `referral` (`REFERRAL_CODE`),
  CONSTRAINT `referral_commission_ibfk_2` FOREIGN KEY (`COMMISSION_PROCESS_TYPE_CD`) REFERENCES `referral_commission_process` (`COMMISSION_TYPE_CODE`)
) ENGINE=InnoDB AUTO_INCREMENT=49 DEFAULT CHARSET=utf8 COLLATE=utf8_unicode_ci;
/*!40101 SET character_set_client = @saved_cs_client */;

--
-- Dumping data for table `referral_commission`
--

LOCK TABLES `referral_commission` WRITE;
/*!40000 ALTER TABLE `referral_commission` DISABLE KEYS */;
INSERT INTO `referral_commission` VALUES (1,1,'APPOINTMENTS','PERCENTAGE',10,'ajit kumar','2010-07-20 08:43:23'),(2,1,'SERVICES','ABSOLUTE',500,'ajit kumar','2010-07-20 08:43:23'),(9,5,'APPOINTMENTS','PERCENTAGE',10,'ajit kumar','2010-07-20 09:26:42'),(10,5,'SERVICES','PERCENTAGE',20,'ajit kumar','2010-07-20 09:26:42'),(11,6,'APPOINTMENTS','PERCENTAGE',10,'ajit kumar','2010-07-20 09:49:11'),(12,6,'SERVICES','PERCENTAGE',10,'ajit kumar','2010-07-20 09:49:11'),(13,7,'APPOINTMENTS','PERCENTAGE',20,'ajit kumar','2010-07-20 09:51:07'),(14,7,'SERVICES','ABSOLUTE',500,'ajit kumar','2010-07-20 09:51:07'),(15,7,'APPOINTMENTS','PERCENTAGE',20,'ajit kumar','2010-07-20 09:51:47'),(16,7,'SERVICES','PERCENTAGE',25,'ajit kumar','2010-07-20 09:51:47'),(17,7,'APPOINTMENTS','PERCENTAGE',20,'ajit kumar','2010-07-20 09:52:51'),(18,7,'SERVICES','PERCENTAGE',25,'ajit kumar','2010-07-20 09:52:51'),(19,8,'APPOINTMENTS','PERCENTAGE',10,'ajit kumar','2010-07-20 09:54:38'),(20,8,'SERVICES','PERCENTAGE',30,'ajit kumar','2010-07-20 09:54:38'),(21,9,'APPOINTMENTS','PERCENTAGE',12,'Bhavesh ','2010-08-02 11:57:57'),(22,9,'SERVICES','PERCENTAGE',10,'Bhavesh ','2010-08-02 11:57:57'),(31,14,'APPOINTMENTS','ABSOLUTE',20,'Alok Ranjan','2010-10-07 12:20:50'),(32,14,'SERVICES','PERCENTAGE',10,'Alok Ranjan','2010-10-07 12:20:50'),(33,15,'APPOINTMENTS','PERCENTAGE',12,'Alok Ranjan','2010-10-07 12:22:25'),(34,15,'SERVICES','PERCENTAGE',12,'Alok Ranjan','2010-10-07 12:22:25'),(35,16,'APPOINTMENTS','PERCENTAGE',12,'Alok Ranjan','2010-10-07 12:23:54'),(36,16,'SERVICES','PERCENTAGE',12,'Alok Ranjan','2010-10-07 12:23:54'),(37,17,'APPOINTMENTS','ABSOLUTE',12,'Alok Ranjan','2010-10-07 12:25:36'),(38,17,'SERVICES','PERCENTAGE',12,'Alok Ranjan','2010-10-07 12:25:36'),(39,18,'APPOINTMENTS','ABSOLUTE',12,'Alok Ranjan','2010-10-07 12:39:23'),(40,18,'SERVICES','PERCENTAGE',12,'Alok Ranjan','2010-10-07 12:39:23'),(41,19,'APPOINTMENTS','PERCENTAGE',10,'Alok Ranjan','2010-10-14 11:58:56'),(42,19,'SERVICES','PERCENTAGE',15,'Alok Ranjan','2010-10-14 11:58:56'),(43,19,'APPOINTMENTS','PERCENTAGE',10,'Alok Ranjan','2010-10-14 12:28:14'),(44,19,'SERVICES','PERCENTAGE',15,'Alok Ranjan','2010-10-14 12:28:14'),(45,20,'APPOINTMENTS','PERCENTAGE',10,'Alok Ranjan','2010-10-19 12:59:04'),(46,20,'SERVICES','PERCENTAGE',15,'Alok Ranjan','2010-10-19 12:59:04'),(47,21,'APPOINTMENTS','PERCENTAGE',10,'Alok Ranjan','2010-10-19 12:59:04'),(48,21,'SERVICES','PERCENTAGE',15,'Alok Ranjan','2010-10-19 12:59:04');
/*!40000 ALTER TABLE `referral_commission` ENABLE KEYS */;
UNLOCK TABLES;

--
-- Table structure for table `referral_commission_process`
--

DROP TABLE IF EXISTS `referral_commission_process`;
/*!40101 SET @saved_cs_client     = @@character_set_client */;
/*!40101 SET character_set_client = utf8 */;
CREATE TABLE `referral_commission_process` (
  `COMMISSION_TYPE_CODE` varchar(40) COLLATE utf8_unicode_ci NOT NULL,
  `COMMISSION_TYPE_DESC` varchar(256) COLLATE utf8_unicode_ci NOT NULL,
  `ACTIVE` varchar(1) COLLATE utf8_unicode_ci NOT NULL DEFAULT 'Y',
  PRIMARY KEY (`COMMISSION_TYPE_CODE`)
) ENGINE=InnoDB DEFAULT CHARSET=utf8 COLLATE=utf8_unicode_ci;
/*!40101 SET character_set_client = @saved_cs_client */;

--
-- Dumping data for table `referral_commission_process`
--

LOCK TABLES `referral_commission_process` WRITE;
/*!40000 ALTER TABLE `referral_commission_process` DISABLE KEYS */;
INSERT INTO `referral_commission_process` VALUES ('APPOINTMENTS','Appointments','Y'),('SERVICES','Services','Y');
/*!40000 ALTER TABLE `referral_commission_process` ENABLE KEYS */;
UNLOCK TABLES;

--
-- Table structure for table `referral_payable`
--

DROP TABLE IF EXISTS `referral_payable`;
/*!40101 SET @saved_cs_client     = @@character_set_client */;
/*!40101 SET character_set_client = utf8 */;
CREATE TABLE `referral_payable` (
  `REFERRAL_CODE` int(11) NOT NULL,
  `COMMISSION_PROCESS_TYPE_CD` varchar(40) COLLATE utf8_unicode_ci NOT NULL,
  `REFERENCE_NBR` int(11) NOT NULL,
  `PROCESS_REFERENCE_TEXT` varchar(50) COLLATE utf8_unicode_ci NOT NULL DEFAULT '-',
  `PAYABLE_CREATE_DTM` datetime NOT NULL,
  `PATIENT_ID` int(11) NOT NULL,
  `EVENT_DTM` datetime NOT NULL,
  `PAYABLE_AMT` double NOT NULL,
  `ACCOUNTED` varchar(1) COLLATE utf8_unicode_ci NOT NULL DEFAULT 'N',
  `PROCESSED_DTM` datetime DEFAULT NULL,
  `CREATED_BY` varchar(80) COLLATE utf8_unicode_ci NOT NULL,
  `VERSION` int(11) NOT NULL,
  PRIMARY KEY (`REFERRAL_CODE`,`COMMISSION_PROCESS_TYPE_CD`,`REFERENCE_NBR`,`PROCESS_REFERENCE_TEXT`,`PAYABLE_CREATE_DTM`),
  KEY `COMMISSION_PROCESS_TYPE_CD` (`COMMISSION_PROCESS_TYPE_CD`),
  KEY `PATIENT_ID_FK` (`PATIENT_ID`),
  CONSTRAINT `referral_payable_ibfk_1` FOREIGN KEY (`PATIENT_ID`) REFERENCES `patient` (`PATIENT_ID`),
  CONSTRAINT `referral_payable_ibfk_2` FOREIGN KEY (`REFERRAL_CODE`) REFERENCES `referral` (`REFERRAL_CODE`),
  CONSTRAINT `referral_payable_ibfk_3` FOREIGN KEY (`COMMISSION_PROCESS_TYPE_CD`) REFERENCES `referral_commission_process` (`COMMISSION_TYPE_CODE`)
) ENGINE=InnoDB DEFAULT CHARSET=utf8 COLLATE=utf8_unicode_ci;
/*!40101 SET character_set_client = @saved_cs_client */;

--
-- Dumping data for table `referral_payable`
--

LOCK TABLES `referral_payable` WRITE;
/*!40000 ALTER TABLE `referral_payable` DISABLE KEYS */;
INSERT INTO `referral_payable` VALUES (5,'APPOINTMENTS',3,'OPD','2010-11-01 17:58:39',1,'2010-07-20 13:22:40',20,'Y','2010-11-01 17:58:43','Alok Ranjan',1),(5,'APPOINTMENTS',4,'OPD','2010-11-01 17:58:39',4,'2010-07-23 14:50:17',20,'Y','2010-11-01 17:58:43','Alok Ranjan',1),(5,'APPOINTMENTS',60,'OPD','2010-11-01 17:58:40',93,'2010-11-01 17:58:33',20,'Y','2010-11-01 17:58:43','Alok Ranjan',1),(5,'SERVICES',26,'OPD','2010-11-01 17:58:40',4,'2010-09-24 19:03:46',40,'Y','2010-11-01 17:58:43','Alok Ranjan',1),(5,'SERVICES',29,'OPD','2010-11-01 17:58:41',1,'2010-10-07 12:40:46',100,'Y','2010-11-01 17:58:43','Alok Ranjan',1),(5,'SERVICES',41,'OPD','2010-11-01 17:58:41',1,'2010-10-21 15:45:20',50,'Y','2010-11-01 17:58:43','Alok Ranjan',1),(5,'SERVICES',60,'OPD','2010-11-01 17:58:42',93,'2010-11-01 15:03:01',40,'Y','2010-11-01 17:58:43','Alok Ranjan',1),(5,'SERVICES',61,'OPD','2010-11-01 17:58:42',93,'2010-11-01 17:28:47',40,'Y','2010-11-01 17:58:43','Alok Ranjan',1),(5,'SERVICES',93,'PAT','2010-11-01 17:58:42',93,'2010-11-01 15:01:48',10,'Y','2010-11-01 17:58:43','Alok Ranjan',1),(14,'APPOINTMENTS',43,'OPD','2010-11-01 14:51:57',78,'2010-10-22 10:14:31',20,'Y','2010-11-01 15:00:51','Alok Ranjan',1),(14,'APPOINTMENTS',59,'OPD','2010-11-01 14:52:16',70,'2010-11-01 14:51:13',20,'Y','2010-11-01 15:00:51','Alok Ranjan',1),(14,'APPOINTMENTS',67,'OPD','2010-11-09 12:10:36',103,'2010-11-09 12:10:36',20,'Y','2010-11-09 12:10:36','Manish ',1),(14,'APPOINTMENTS',72,'OPD','2010-11-10 13:10:32',104,'2010-11-10 13:10:27',20,'Y','2010-11-10 13:10:32','ajit kumar',1),(14,'SERVICES',43,'OPD','2010-11-01 14:53:09',78,'2010-10-22 10:06:23',50,'Y','2010-11-01 15:00:51','Alok Ranjan',1),(14,'SERVICES',43,'OPD','2010-11-01 14:55:49',78,'2010-10-22 10:19:13',120,'Y','2010-11-01 15:00:51','Alok Ranjan',1),(14,'SERVICES',43,'OPD','2010-11-01 14:57:29',78,'2010-10-22 10:19:13',40,'Y','2010-11-01 15:00:51','Alok Ranjan',1),(14,'SERVICES',43,'OPD','2010-11-01 14:57:35',78,'2010-10-22 10:19:13',50,'Y','2010-11-01 15:00:51','Alok Ranjan',1),(14,'SERVICES',43,'OPD','2010-11-01 14:57:43',78,'2010-10-22 10:19:13',100,'Y','2010-11-01 15:00:51','Alok Ranjan',1),(14,'SERVICES',43,'OPD','2010-11-01 14:59:07',78,'2010-10-22 10:19:13',50,'Y','2010-11-01 15:00:51','Alok Ranjan',1),(14,'SERVICES',44,'OPD','2010-11-01 14:59:15',78,'2010-10-22 12:00:20',20,'Y','2010-11-01 15:00:51','Alok Ranjan',1),(14,'SERVICES',45,'OPD','2010-11-01 14:59:48',78,'2010-10-22 12:02:26',25,'Y','2010-11-01 15:00:51','Alok Ranjan',1),(14,'SERVICES',59,'OPD','2010-11-01 15:00:43',70,'2010-11-01 14:48:05',50,'Y','2010-11-01 15:00:51','Alok Ranjan',1),(14,'SERVICES',67,'OPD','2010-11-09 12:10:36',103,'2010-11-09 12:06:18',20,'Y','2010-11-09 12:10:36','Manish ',1),(14,'SERVICES',68,'OPD','2010-11-10 13:10:32',70,'2010-11-09 15:48:38',25,'Y','2010-11-10 13:10:32','ajit kumar',1),(14,'SERVICES',70,'PAT','2010-11-01 14:52:42',70,'2010-10-13 17:09:13',5,'Y','2010-11-01 15:00:51','Alok Ranjan',1),(14,'SERVICES',72,'OPD','2010-11-10 13:10:32',104,'2010-11-10 12:49:57',50,'Y','2010-11-10 13:10:32','ajit kumar',1),(14,'SERVICES',78,'PAT','2010-11-01 14:53:05',78,'2010-10-22 10:03:14',5,'Y','2010-11-01 15:00:51','Alok Ranjan',1),(14,'SERVICES',103,'PAT','2010-11-09 12:10:36',103,'2010-11-09 12:05:00',5,'Y','2010-11-09 12:10:36','Manish ',1),(14,'SERVICES',104,'PAT','2010-11-10 13:10:32',104,'2010-11-10 12:48:27',5,'Y','2010-11-10 13:10:32','ajit kumar',1),(17,'APPOINTMENTS',67,'OPD','2010-11-09 12:19:17',103,'2010-11-09 12:10:36',12,'Y','2010-11-09 12:19:17','Manish ',1),(17,'SERVICES',67,'OPD','2010-11-09 12:19:17',103,'2010-11-09 12:06:18',24,'Y','2010-11-09 12:19:17','Manish ',1),(17,'SERVICES',103,'PAT','2010-11-09 12:19:17',103,'2010-11-09 12:05:00',6,'Y','2010-11-09 12:19:17','Manish ',1),(18,'APPOINTMENTS',29,'OPD','2010-11-01 18:37:52',1,'2010-10-07 15:52:47',12,'Y','2010-11-01 18:37:53','Alok Ranjan',1),(18,'APPOINTMENTS',58,'OPD','2010-11-01 18:37:52',71,'2010-11-01 14:36:11',12,'Y','2010-11-01 18:37:53','Alok Ranjan',1),(18,'APPOINTMENTS',62,'OPD','2010-11-01 18:37:52',95,'2010-11-01 18:37:52',12,'Y','2010-11-01 18:37:53','Alok Ranjan',1),(18,'APPOINTMENTS',66,'OPD','2010-11-09 11:31:58',102,'2010-11-09 11:31:58',12,'Y','2010-11-09 11:31:58','Manish ',1),(18,'APPOINTMENTS',67,'OPD','2010-11-09 12:18:45',103,'2010-11-09 12:10:36',12,'Y','2010-11-09 12:18:45','Manish ',1),(18,'SERVICES',29,'OPD','2010-11-01 18:37:53',1,'2010-10-07 12:40:46',60,'Y','2010-11-01 18:37:53','Alok Ranjan',1),(18,'SERVICES',37,'OPD','2010-11-01 18:37:53',71,'2010-10-13 19:34:58',60,'Y','2010-11-01 18:37:53','Alok Ranjan',1),(18,'SERVICES',41,'OPD','2010-11-01 18:37:53',1,'2010-10-21 15:45:20',30,'Y','2010-11-01 18:37:53','Alok Ranjan',1),(18,'SERVICES',58,'OPD','2010-11-01 18:37:53',71,'2010-11-01 14:35:48',30,'Y','2010-11-01 18:37:53','Alok Ranjan',1),(18,'SERVICES',62,'OPD','2010-11-01 18:37:53',95,'2010-11-01 18:37:32',24,'Y','2010-11-01 18:37:53','Alok Ranjan',1),(18,'SERVICES',66,'OPD','2010-11-09 11:31:58',102,'2010-11-09 11:28:23',60,'Y','2010-11-09 11:31:58','Manish ',1),(18,'SERVICES',67,'OPD','2010-11-09 12:18:45',103,'2010-11-09 12:06:18',24,'Y','2010-11-09 12:18:45','Manish ',1),(18,'SERVICES',71,'PAT','2010-11-01 18:37:53',71,'2010-10-13 19:32:03',6,'Y','2010-11-01 18:37:53','Alok Ranjan',1),(18,'SERVICES',95,'PAT','2010-11-01 18:37:53',95,'2010-11-01 18:36:17',6,'Y','2010-11-01 18:37:53','Alok Ranjan',1),(18,'SERVICES',102,'PAT','2010-11-09 11:31:58',102,'2010-11-09 11:23:28',6,'Y','2010-11-09 11:31:58','Manish ',1),(18,'SERVICES',103,'PAT','2010-11-09 12:18:45',103,'2010-11-09 12:05:00',6,'Y','2010-11-09 12:18:45','Manish ',1);
/*!40000 ALTER TABLE `referral_payable` ENABLE KEYS */;
UNLOCK TABLES;

--
-- Table structure for table `registration_history`
--

DROP TABLE IF EXISTS `registration_history`;
/*!40101 SET @saved_cs_client     = @@character_set_client */;
/*!40101 SET character_set_client = utf8 */;
CREATE TABLE `registration_history` (
  `PATIENT_ID` int(11) NOT NULL,
  `CHANGE_DATE` datetime NOT NULL,
  `REGISTRATION_STATUS` varchar(45) COLLATE utf8_unicode_ci DEFAULT NULL,
  `CHANGE_REASON_CODE` varchar(25) COLLATE utf8_unicode_ci DEFAULT NULL,
  `CREATED_DTM` datetime DEFAULT NULL,
  `CREATED_BY` varchar(45) COLLATE utf8_unicode_ci DEFAULT NULL,
  `LAST_MODIFIED_DTM` datetime DEFAULT NULL,
  `MODIFIED_BY` varchar(45) COLLATE utf8_unicode_ci DEFAULT NULL,
  `VERSION` int(11) NOT NULL,
  PRIMARY KEY (`PATIENT_ID`,`CHANGE_DATE`),
  KEY `Registration_History_Patient_id_FK` (`PATIENT_ID`),
  KEY `Registration_Change_Reason_Code_FK` (`CHANGE_REASON_CODE`),
  CONSTRAINT `registration_history_ibfk_1` FOREIGN KEY (`PATIENT_ID`) REFERENCES `patient` (`PATIENT_ID`),
  CONSTRAINT `registration_history_ibfk_2` FOREIGN KEY (`CHANGE_REASON_CODE`) REFERENCES `change_reason` (`CHANGE_REASON_CODE`)
) ENGINE=InnoDB DEFAULT CHARSET=utf8 COLLATE=utf8_unicode_ci;
/*!40101 SET character_set_client = @saved_cs_client */;

--
-- Dumping data for table `registration_history`
--

LOCK TABLES `registration_history` WRITE;
/*!40000 ALTER TABLE `registration_history` DISABLE KEYS */;
/*!40000 ALTER TABLE `registration_history` ENABLE KEYS */;
UNLOCK TABLES;

--
-- Table structure for table `registration_status`
--

DROP TABLE IF EXISTS `registration_status`;
/*!40101 SET @saved_cs_client     = @@character_set_client */;
/*!40101 SET character_set_client = utf8 */;
CREATE TABLE `registration_status` (
  `REGISTRATION_STATUS_CODE` varchar(25) COLLATE utf8_unicode_ci NOT NULL,
  `DESCRIPTION` varchar(45) COLLATE utf8_unicode_ci DEFAULT NULL,
  `ACTIVE` smallint(1) DEFAULT NULL,
  PRIMARY KEY (`REGISTRATION_STATUS_CODE`)
) ENGINE=InnoDB DEFAULT CHARSET=utf8 COLLATE=utf8_unicode_ci;
/*!40101 SET character_set_client = @saved_cs_client */;

--
-- Dumping data for table `registration_status`
--

LOCK TABLES `registration_status` WRITE;
/*!40000 ALTER TABLE `registration_status` DISABLE KEYS */;
INSERT INTO `registration_status` VALUES ('ACTIVE','Active',1),('INACTIVE','In Active',1),('SUSPENDED','Suspended',1);
/*!40000 ALTER TABLE `registration_status` ENABLE KEYS */;
UNLOCK TABLES;

--
-- Table structure for table `registration_type`
--

DROP TABLE IF EXISTS `registration_type`;
/*!40101 SET @saved_cs_client     = @@character_set_client */;
/*!40101 SET character_set_client = utf8 */;
CREATE TABLE `registration_type` (
  `REGISTRATION_TYPE_CODE` varchar(25) COLLATE utf8_unicode_ci NOT NULL,
  `DESCRIPTION` varchar(45) COLLATE utf8_unicode_ci DEFAULT NULL,
  `ACTIVE` smallint(1) DEFAULT NULL,
  PRIMARY KEY (`REGISTRATION_TYPE_CODE`)
) ENGINE=InnoDB DEFAULT CHARSET=utf8 COLLATE=utf8_unicode_ci;
/*!40101 SET character_set_client = @saved_cs_client */;

--
-- Dumping data for table `registration_type`
--

LOCK TABLES `registration_type` WRITE;
/*!40000 ALTER TABLE `registration_type` DISABLE KEYS */;
INSERT INTO `registration_type` VALUES ('DIRECTSERVICEREGISTRATION','Direct',1),('EMERGENCY','Emergency',1),('NORMAL','Normal',1);
/*!40000 ALTER TABLE `registration_type` ENABLE KEYS */;
UNLOCK TABLES;

--
-- Table structure for table `relation`
--

DROP TABLE IF EXISTS `relation`;
/*!40101 SET @saved_cs_client     = @@character_set_client */;
/*!40101 SET character_set_client = utf8 */;
CREATE TABLE `relation` (
  `RELATION_CODE` varchar(25) COLLATE utf8_unicode_ci NOT NULL,
  `DESCRIPTION` varchar(45) COLLATE utf8_unicode_ci DEFAULT NULL,
  `ACTIVE` smallint(1) DEFAULT NULL,
  PRIMARY KEY (`RELATION_CODE`)
) ENGINE=InnoDB DEFAULT CHARSET=utf8 COLLATE=utf8_unicode_ci;
/*!40101 SET character_set_client = @saved_cs_client */;

--
-- Dumping data for table `relation`
--

LOCK TABLES `relation` WRITE;
/*!40000 ALTER TABLE `relation` DISABLE KEYS */;
INSERT INTO `relation` VALUES ('AUNT','Aunt',1),('BROTHER','Brother',1),('EMPLOYEE','Employee',1),('EMPLOYER','Employer',1),('FATHER','Father',1),('FRIEND','Friend',1),('MOTHER','Mother',1),('SISTER','Sister',1),('SPOUSE','Spouse',1),('UNCLE','Uncle',1);
/*!40000 ALTER TABLE `relation` ENABLE KEYS */;
UNLOCK TABLES;

--
-- Table structure for table `religion`
--

DROP TABLE IF EXISTS `religion`;
/*!40101 SET @saved_cs_client     = @@character_set_client */;
/*!40101 SET character_set_client = utf8 */;
CREATE TABLE `religion` (
  `RELIGION_CODE` varchar(25) COLLATE utf8_unicode_ci NOT NULL,
  `DESCRIPTION` varchar(45) COLLATE utf8_unicode_ci DEFAULT NULL,
  `ACTIVE` smallint(1) DEFAULT NULL,
  PRIMARY KEY (`RELIGION_CODE`)
) ENGINE=InnoDB DEFAULT CHARSET=utf8 COLLATE=utf8_unicode_ci;
/*!40101 SET character_set_client = @saved_cs_client */;

--
-- Dumping data for table `religion`
--

LOCK TABLES `religion` WRITE;
/*!40000 ALTER TABLE `religion` DISABLE KEYS */;
INSERT INTO `religion` VALUES ('BUDDHIST','Buddhist',1),('CHRISTIAN','Christian',1),('HINDU','Hindu',1),('JAIN','Jain',1),('JEWISH','Jewish',1),('MUSLIM','Muslim',1),('PARSI','Parsi',1),('SIKH','Sikh',1);
/*!40000 ALTER TABLE `religion` ENABLE KEYS */;
UNLOCK TABLES;

--
-- Table structure for table `reminder_options`
--

DROP TABLE IF EXISTS `reminder_options`;
/*!40101 SET @saved_cs_client     = @@character_set_client */;
/*!40101 SET character_set_client = utf8 */;
CREATE TABLE `reminder_options` (
  `REMINDER_OPTIONS_CODE` varchar(5) COLLATE utf8_unicode_ci NOT NULL,
  `DESCRIPTION` varchar(45) COLLATE utf8_unicode_ci DEFAULT NULL,
  `ACTIVE` smallint(1) DEFAULT NULL,
  `VERSION` int(11) NOT NULL,
  PRIMARY KEY (`REMINDER_OPTIONS_CODE`)
) ENGINE=InnoDB DEFAULT CHARSET=utf8 COLLATE=utf8_unicode_ci;
/*!40101 SET character_set_client = @saved_cs_client */;

--
-- Dumping data for table `reminder_options`
--

LOCK TABLES `reminder_options` WRITE;
/*!40000 ALTER TABLE `reminder_options` DISABLE KEYS */;
INSERT INTO `reminder_options` VALUES ('EMAIL','Email',1,0),('PHONE','Phone',1,0),('SMS','SMS',1,0);
/*!40000 ALTER TABLE `reminder_options` ENABLE KEYS */;
UNLOCK TABLES;

--
-- Table structure for table `reminders`
--

DROP TABLE IF EXISTS `reminders`;
/*!40101 SET @saved_cs_client     = @@character_set_client */;
/*!40101 SET character_set_client = utf8 */;
CREATE TABLE `reminders` (
  `APPOINTMENT_NUMBER` int(11) NOT NULL,
  `REMINDER_FOR` varchar(20) COLLATE utf8_unicode_ci NOT NULL,
  `REMINDER_OPTION_CODE` varchar(5) COLLATE utf8_unicode_ci NOT NULL,
  `REMINDER_NO` varchar(5) COLLATE utf8_unicode_ci NOT NULL,
  `REMINDER_TIME` varchar(5) COLLATE utf8_unicode_ci NOT NULL,
  `DURATION_CODE` varchar(25) COLLATE utf8_unicode_ci DEFAULT NULL,
  `VERSION` int(11) NOT NULL,
  PRIMARY KEY (`APPOINTMENT_NUMBER`,`REMINDER_OPTION_CODE`,`REMINDER_NO`,`REMINDER_FOR`),
  KEY `Reminders_Reminder_Option_Code_FK` (`REMINDER_OPTION_CODE`),
  KEY `Reminders_Duration_Code_FK` (`DURATION_CODE`),
  KEY `Reminders_Appointment_Number_FK` (`APPOINTMENT_NUMBER`),
  KEY `Reminders_Reminder_For_FK` (`REMINDER_FOR`),
  CONSTRAINT `reminders_ibfk_1` FOREIGN KEY (`APPOINTMENT_NUMBER`) REFERENCES `appointments` (`APPOINTMENT_NUMBER`),
  CONSTRAINT `reminders_ibfk_2` FOREIGN KEY (`REMINDER_FOR`) REFERENCES `app_entities` (`ENTITY_TYPE`),
  CONSTRAINT `reminders_ibfk_3` FOREIGN KEY (`REMINDER_OPTION_CODE`) REFERENCES `reminder_options` (`REMINDER_OPTIONS_CODE`),
  CONSTRAINT `reminders_ibfk_4` FOREIGN KEY (`DURATION_CODE`) REFERENCES `duration` (`DURATION_CODE`)
) ENGINE=InnoDB DEFAULT CHARSET=utf8 COLLATE=utf8_unicode_ci;
/*!40101 SET character_set_client = @saved_cs_client */;

--
-- Dumping data for table `reminders`
--

LOCK TABLES `reminders` WRITE;
/*!40000 ALTER TABLE `reminders` DISABLE KEYS */;
/*!40000 ALTER TABLE `reminders` ENABLE KEYS */;
UNLOCK TABLES;

--
-- Table structure for table `rendered_service`
--

DROP TABLE IF EXISTS `rendered_service`;
/*!40101 SET @saved_cs_client     = @@character_set_client */;
/*!40101 SET character_set_client = utf8 */;
CREATE TABLE `rendered_service` (
  `SERVICE_UID` int(11) NOT NULL,
  `REFERENCE_NBR` varchar(25) COLLATE utf8_unicode_ci NOT NULL,
  `REFERENCE_TYPE` varchar(25) COLLATE utf8_unicode_ci NOT NULL,
  `RENDERED_QTY` int(11) NOT NULL,
  `BILL_NBR` int(11) DEFAULT NULL,
  `SERVICE_CHARGE` double NOT NULL DEFAULT '0',
  `PACKAGE_ASGM_ID` int(11) DEFAULT NULL,
  `RENDERED_BY` varchar(45) COLLATE utf8_unicode_ci DEFAULT NULL,
  `RENDERED_DTM` datetime NOT NULL,
  `VERSION` int(11) NOT NULL,
  PRIMARY KEY (`SERVICE_UID`,`RENDERED_DTM`),
  KEY `Render_Service_Service_UID_FK` (`SERVICE_UID`),
  KEY `PACKAGE_ASGM_ID` (`PACKAGE_ASGM_ID`),
  CONSTRAINT `rendered_service_ibfk_1` FOREIGN KEY (`SERVICE_UID`) REFERENCES `assigned_services` (`SERVICE_UID`),
  CONSTRAINT `rendered_service_ibfk_2` FOREIGN KEY (`PACKAGE_ASGM_ID`) REFERENCES `assigned_package` (`PACKAGE_ASGM_ID`)
) ENGINE=InnoDB DEFAULT CHARSET=utf8 COLLATE=utf8_unicode_ci;
/*!40101 SET character_set_client = @saved_cs_client */;

--
-- Dumping data for table `rendered_service`
--

LOCK TABLES `rendered_service` WRITE;
/*!40000 ALTER TABLE `rendered_service` DISABLE KEYS */;
INSERT INTO `rendered_service` VALUES (3,'6','PAT',1,1000551,25000,NULL,'Alok Ranjan','2010-10-19 18:27:55',0),(9,'47','PAT',1,1000557,1000,NULL,'Bhavesh ','2010-10-21 17:25:54',0),(15,'51','PAT',1,1000559,50,NULL,'ajit kumar','2010-09-14 09:45:22',1),(16,'52','PAT',1,1000560,50,NULL,'ajit kumar','2010-09-14 10:30:46',1),(17,'53','PAT',1,1000561,50,NULL,'ajit kumar','2010-09-14 10:34:22',1),(18,'54','PAT',1,1000562,50,NULL,'ajit kumar','2010-09-14 10:37:15',1),(20,'55','PAT',1,1000564,50,NULL,'ajit kumar','2010-09-14 11:01:12',1),(21,'56','PAT',1,1000565,50,NULL,'ajit kumar','2010-09-14 12:14:47',1),(49,'26','OPD',1,1000629,200,NULL,'ajit kumar','2010-09-24 19:03:46',1),(53,'58','PAT',1,1000599,50,NULL,'Bhavesh ','2010-09-30 18:11:47',1),(55,'60','PAT',1,1000603,50,NULL,'ajit kumar','2010-09-30 19:01:17',1),(61,'63','PAT',1,1000609,1000,NULL,'Bhavesh ','2010-10-01 11:50:21',0),(64,'65','PAT',1,1000611,50,NULL,'ajit kumar','2010-10-01 12:08:39',1),(67,'66','PAT',1,1000615,50,NULL,'ajit kumar','2010-10-01 18:43:03',1),(73,'27','OPD',1,1000775,200,NULL,'ajit kumar','2010-10-05 15:26:56',1),(79,'29','OPD',1,1000665,500,NULL,'Alok Ranjan','2010-10-07 12:40:46',1),(92,'36','OPD',1,1000744,200,NULL,'ajit kumar','2010-10-07 16:14:27',1),(93,'70','PAT',1,1000705,50,NULL,'Alok Ranjan','2010-10-13 17:09:13',1),(94,'20','PAT',1,1000706,25000,NULL,'Bhavesh ','2010-10-21 17:34:07',0),(95,'20','PAT',1,1000706,500,NULL,'Bhavesh ','2010-10-21 17:34:10',0),(96,'20','PAT',1,1000711,25000,NULL,'Bhavesh ','2010-10-21 17:34:13',0),(97,'20','PAT',1,1000711,1200,NULL,'Bhavesh ','2010-10-21 17:34:18',0),(98,'71','PAT',1,1000717,50,NULL,'Alok Ranjan','2010-10-13 19:32:03',1),(99,'37','OPD',1,1000735,500,NULL,'Alok Ranjan','2010-10-13 19:34:58',1),(100,'72','PAT',1,1000720,50,NULL,'Alok Ranjan','2010-10-14 10:26:04',1),(107,'73','PAT',1,1000742,50,NULL,'Alok Ranjan','2010-10-18 09:45:17',1),(108,'38','OPD',1,1000743,500,NULL,'Alok Ranjan','2010-10-18 09:49:16',1),(109,'38','OPD',1,1000751,1000,NULL,'Alok Ranjan','2010-10-20 14:58:40',0),(110,'38','OPD',1,1000751,500,NULL,'Alok Ranjan','2010-10-20 14:58:45',0),(111,'38','OPD',1,1000751,1200,NULL,'Alok Ranjan','2010-10-20 14:58:48',0),(112,'74','PAT',1,1000752,50,NULL,'Alok Ranjan','2010-10-19 11:04:19',1),(113,'39','OPD',1,1000753,500,NULL,'Alok Ranjan','2010-10-19 13:08:40',1),(115,'73','PAT',1,NULL,1200,NULL,'Bhavesh ','2010-10-21 17:21:38',0),(116,'73','PAT',1,NULL,400,NULL,'Bhavesh ','2010-10-21 17:21:34',0),(117,'73','PAT',1,NULL,1000,NULL,'Bhavesh ','2010-10-21 17:31:34',0),(118,'73','PAT',1,NULL,25000,NULL,'Bhavesh ','2010-10-21 17:31:27',0),(119,'73','PAT',1,NULL,400,NULL,'Bhavesh ','2010-10-21 17:31:25',0),(120,'73','PAT',1,NULL,25000,NULL,'Bhavesh ','2010-10-21 17:31:18',0),(121,'73','PAT',1,NULL,400,NULL,'Bhavesh ','2010-10-21 17:31:16',0),(122,'40','OPD',1,1000762,500,NULL,'Alok Ranjan','2010-10-20 20:28:52',1),(123,'74','PAT',1,NULL,25000,NULL,'Bhavesh ','2010-10-21 17:20:39',0),(124,'74','PAT',1,NULL,1200,NULL,'Bhavesh ','2010-10-21 17:20:41',0),(125,'74','PAT',1,NULL,500,NULL,'Bhavesh ','2010-10-21 17:20:43',0),(126,'41','OPD',1,1000760,250,NULL,'Bhavesh ','2010-10-21 15:45:20',1),(127,'36','OPD',1,1000756,25000,NULL,'Bhavesh ','2010-10-21 17:20:09',0),(128,'36','OPD',1,1000756,25000,NULL,'Bhavesh ','2010-10-21 17:20:03',0),(129,'23','PAT',1,NULL,400,NULL,'Bhavesh ','2010-10-21 17:19:24',0),(131,'36','OPD',1,1000757,25000,NULL,'Bhavesh ','2010-10-21 17:27:07',0),(135,'42','OPD',1,NULL,200,NULL,'Bhavesh ','2010-10-21 19:44:01',0),(137,'76','PAT',1,1000761,50,NULL,'Bhavesh ','2010-10-21 20:54:50',1),(139,'77','PAT',1,1000763,50,NULL,'Alok Ranjan','2010-10-22 09:02:54',1),(140,'78','PAT',1,1000764,50,NULL,'Bhavesh ','2010-10-22 10:03:14',1),(141,'43','OPD',1,1000765,500,NULL,'Bhavesh ','2010-10-22 10:06:23',1),(142,'43','OPD',1,NULL,1200,5,'Bhavesh ','2010-10-22 11:12:31',0),(143,'43','OPD',1,1000771,500,NULL,'Bhavesh ','2010-10-22 11:13:14',0),(144,'43','OPD',1,1000771,1000,NULL,'Bhavesh ','2010-10-22 11:13:10',0),(145,'43','OPD',1,1000771,500,NULL,'Bhavesh ','2010-10-22 11:12:55',0),(146,'43','OPD',1,1000771,400,NULL,'Bhavesh ','2010-10-22 11:12:48',0),(150,'44','OPD',1,NULL,200,NULL,'Bhavesh ','2010-10-22 12:00:20',0),(151,'45','OPD',1,1000833,250,NULL,'Bhavesh ','2010-10-22 12:02:26',1),(152,'79','PAT',1,1000772,50,NULL,'Bhavesh ','2010-10-22 14:47:33',1),(153,'46','OPD',1,1000773,200,NULL,'Bhavesh ','2010-10-22 14:49:45',1),(154,'46','OPD',1,1000776,400,NULL,'Bhavesh ','2010-10-22 16:18:53',0),(155,'46','OPD',1,1000776,25000,NULL,'Bhavesh ','2010-10-22 16:18:55',0),(156,'46','OPD',1,1000776,500,NULL,'Bhavesh ','2010-10-22 16:18:58',0),(157,'46','OPD',1,1000776,500,NULL,'Bhavesh ','2010-10-22 16:19:01',0),(158,'46','OPD',1,1000776,500,NULL,'Bhavesh ','2010-10-22 16:19:03',0),(159,'47','OPD',1,1000898,250,NULL,'Bhavesh ','2010-10-22 15:53:33',1),(160,'80','PAT',1,1000777,50,NULL,'Bhavesh ','2010-10-22 17:33:44',1),(161,'48','OPD',1,1000778,200,NULL,'Bhavesh ','2010-10-22 17:44:01',1),(163,'49','OPD',1,1000780,100,NULL,'Bhavesh ','2010-10-22 18:23:27',1),(165,'81','PAT',1,1000782,50,NULL,'Bhavesh ','2010-10-22 19:28:20',1),(166,'82','PAT',1,1000783,50,NULL,'Bhavesh ','2010-10-22 19:44:44',1),(168,'83','PAT',1,1000785,50,NULL,'Bhavesh ','2010-10-22 21:07:16',1),(169,'84','PAT',1,1000786,50,NULL,'Alok Ranjan','2010-10-25 18:07:28',1),(170,'85','PAT',1,1000787,50,NULL,'Alok Ranjan','2010-10-25 18:08:55',1),(171,'86','PAT',1,1000788,50,NULL,'Alok Ranjan','2010-10-25 18:24:16',1),(172,'87','PAT',1,1000789,50,NULL,'Alok Ranjan','2010-10-25 18:28:37',1),(173,'88','PAT',1,1000790,50,NULL,'Alok Ranjan','2010-10-25 18:31:39',1),(174,'89','PAT',1,1000791,50,NULL,'Alok Ranjan','2010-10-26 11:48:18',1),(175,'90','PAT',1,1000792,50,NULL,'Alok Ranjan','2010-10-27 12:22:42',1),(176,'50','OPD',1,1000793,200,NULL,'Alok Ranjan','2010-10-27 12:23:57',1),(293,'91','PAT',1,1000851,50,NULL,'Alok Ranjan','2010-11-01 11:53:49',1),(294,'51','OPD',1,1000853,200,NULL,'Alok Ranjan','2010-11-01 11:55:05',1),(295,'92','PAT',1,1000852,50,NULL,'Alok Ranjan','2010-11-01 11:59:43',1),(296,'52','OPD',1,1000854,500,NULL,'Alok Ranjan','2010-11-01 12:00:31',1),(297,'53','OPD',1,1000855,500,NULL,'Alok Ranjan','2010-11-01 13:00:20',1),(298,'54','OPD',1,1000856,200,NULL,'Alok Ranjan','2010-11-01 13:04:19',1),(299,'55','OPD',1,1000857,500,NULL,'Alok Ranjan','2010-11-01 13:16:23',1),(300,'56','OPD',1,1000858,100,NULL,'Alok Ranjan','2010-11-01 13:24:39',1),(301,'57','OPD',1,1000859,100,NULL,'Alok Ranjan','2010-11-01 14:31:48',1),(302,'58','OPD',1,NULL,250,NULL,'Alok Ranjan','2010-11-01 14:35:48',0),(303,'59','OPD',1,1000860,500,NULL,'Alok Ranjan','2010-11-01 14:48:05',1),(304,'93','PAT',1,1000861,50,NULL,'Alok Ranjan','2010-11-01 15:01:49',1),(305,'60','OPD',1,1000863,200,NULL,'Alok Ranjan','2010-11-01 15:03:01',1),(306,'94','PAT',1,1000862,50,NULL,'Alok Ranjan','2010-11-01 15:54:39',1),(307,'61','OPD',1,NULL,200,NULL,'Alok Ranjan','2010-11-01 17:28:47',0),(308,'95','PAT',1,1000864,50,NULL,'Alok Ranjan','2010-11-01 18:36:17',1),(309,'62','OPD',1,1000865,200,NULL,'Alok Ranjan','2010-11-01 18:37:32',1),(310,'63','OPD',1,NULL,500,NULL,'Alok Ranjan','2010-11-01 18:44:42',0),(320,'96','PAT',1,1000875,50,NULL,'ajit kumar','2010-11-02 09:29:59',1),(321,'97','PAT',1,1000876,50,NULL,'Manish ','2010-11-02 10:08:05',1),(324,'64','OPD',1,NULL,500,NULL,'Manish ','2010-11-03 17:33:35',0),(325,'65','OPD',1,NULL,200,NULL,'Alok Ranjan','2010-11-08 14:53:37',0),(326,'98','PAT',1,1000877,50,NULL,'Alok Ranjan','2010-11-08 15:01:10',1),(327,'99','PAT',1,1000878,50,NULL,'Alok Ranjan','2010-11-08 15:02:35',1),(328,'100','PAT',1,1000879,50,NULL,'Alok Ranjan','2010-11-08 15:10:21',1),(329,'101','PAT',1,1000880,50,NULL,'Alok Ranjan','2010-11-08 15:22:08',1),(330,'102','PAT',1,1000881,50,NULL,'Manish ','2010-11-09 11:23:28',1),(331,'66','OPD',1,1000882,500,NULL,'Manish ','2010-11-09 11:28:23',1),(332,'103','PAT',1,1000885,50,NULL,'Manish ','2010-11-09 12:05:00',1),(333,'67','OPD',1,1000886,200,NULL,'Manish ','2010-11-09 12:06:18',1),(334,'68','OPD',1,NULL,250,NULL,'Manish ','2010-11-09 15:48:38',0),(335,'69','OPD',1,1000892,500,NULL,'Manish ','2010-11-09 15:51:47',1),(336,'70','OPD',1,NULL,250,NULL,'Manish ','2010-11-09 15:53:47',0),(337,'71','OPD',1,1000895,100,NULL,'Manish ','2010-11-09 16:05:21',1),(338,'104','PAT',1,1000893,50,NULL,'ajit kumar','2010-11-10 12:48:27',1),(339,'72','OPD',1,1000894,500,NULL,'ajit kumar','2010-11-10 12:49:57',1),(340,'73','OPD',1,1000896,250,NULL,'Manish ','2010-11-29 16:12:35',1);
/*!40000 ALTER TABLE `rendered_service` ENABLE KEYS */;
UNLOCK TABLES;

--
-- Table structure for table `report_param`
--

DROP TABLE IF EXISTS `report_param`;
/*!40101 SET @saved_cs_client     = @@character_set_client */;
/*!40101 SET character_set_client = utf8 */;
CREATE TABLE `report_param` (
  `REPORT_CODE` varchar(150) NOT NULL,
  `WIDGET_NAME` varchar(50) NOT NULL,
  `WIDGET_LABEL` varchar(50) DEFAULT NULL,
  `WIDGET_LENGTH` int(11) DEFAULT NULL,
  `XTYPE` varchar(50) NOT NULL COMMENT 'It is type of widget in UI. MVL represents Multi valued list, i.e. combobox',
  `DATA_PROVIDER_METHOD` varchar(300) DEFAULT NULL COMMENT 'This is the method name along with the class name which provides values for MVL widget type',
  `REQUIRED_FLAG` varchar(1) NOT NULL,
  `WIDGET_SEQ_NBR` int(4) DEFAULT NULL,
  PRIMARY KEY (`REPORT_CODE`,`WIDGET_NAME`)
) ENGINE=InnoDB DEFAULT CHARSET=latin1;
/*!40101 SET character_set_client = @saved_cs_client */;

--
-- Dumping data for table `report_param`
--

LOCK TABLES `report_param` WRITE;
/*!40000 ALTER TABLE `report_param` DISABLE KEYS */;
INSERT INTO `report_param` VALUES ('AppointmentSummary','fromDate','From',NULL,'date',NULL,'N',1),('AppointmentSummary','toDate','To',NULL,'date',NULL,'N',2),('DailyAppointments','date','For date',NULL,'date',NULL,'N',1),('DailyAppointments','departmentCode','Department',NULL,'MVL','in.wtc.hcis.bo.common.DataModelManager.getDepartments','N',2),('DailyAppointments','doctorId','Doctor Name',NULL,'MVL','in.wtc.hcis.bo.common.DataModelManager.getDoctors','N',3),('DailyPatientWaitTime','date','For date',NULL,'date',NULL,'Y',NULL),('DailyPatientWaitTime','departmentCode','Department',NULL,'MVL','in.wtc.hcis.bo.common.DataModelManager.getDepartments','N',NULL),('DailyReceiptStatement','fromDate','From',NULL,'date',NULL,'N',NULL),('DailyReceiptStatement','toDate','To',NULL,'date',NULL,'N',NULL),('DepartmentWiseRevenue','departmentCode','Department',90,'MVL','in.wtc.hcis.bo.common.DataModelManager.getDepartments','N',1),('DepartmentWiseRevenue','fromDate','Date(from)',90,'date',NULL,'N',2),('DepartmentWiseRevenue','toDate','Date(to)',90,'date',NULL,'N',3),('DoctorwiseRevenueDetail','doctorId','Doctor',NULL,'MVL','in.wtc.hcis.bo.common.DataModelManager.getDoctors','N',3),('DoctorwiseRevenueDetail','fromDate','From',NULL,'date',NULL,'N',1),('DoctorwiseRevenueDetail','toDate','To',NULL,'date',NULL,'N',2),('DoctorWiseServiceAssignment','doctorId','Doctor',NULL,'MVL','in.wtc.hcis.bo.common.DataModelManager.getDoctors','N',3),('DoctorWiseServiceAssignment','fromDate','From',NULL,'date',NULL,'N',1),('DoctorWiseServiceAssignment','toDate','To',NULL,'date',NULL,'N',2),('OPDBillReceipt','billNbr','Bill Number',NULL,'string',NULL,'y',NULL),('OPDInflow','departmentCode','Department',NULL,'MVL','in.wtc.hcis.bo.common.DataModelManager.getDepartments','N',3),('OPDInflow','fromDate','From',NULL,'date',NULL,'N',1),('OPDInflow','toDate','To',NULL,'date',NULL,'N',2),('OPDPatientBill','billNbr','Bill Number',NULL,'string',NULL,'Y',NULL),('OPDReferral','fromDate','From Date',NULL,'date',NULL,'',NULL),('OPDReferral','referralName','ReferralName',NULL,'MVL','in.wtc.hcis.bo.common.DataModelManager.getAllReferrals','',NULL),('OPDReferral','toDate','To Date',NULL,'date',NULL,'',NULL),('OPDRegistar','fromDate','From Date',NULL,'date',NULL,'N',NULL),('OPDRegistar','toDate','To Date',NULL,'date',NULL,'N',NULL),('ServiceWiseRevenue','fromDate','From',NULL,'date',NULL,'N',1),('ServiceWiseRevenue','toDate','To',NULL,'date',NULL,'N',2);
/*!40000 ALTER TABLE `report_param` ENABLE KEYS */;
UNLOCK TABLES;

--
-- Table structure for table `reservation_status`
--

DROP TABLE IF EXISTS `reservation_status`;
/*!40101 SET @saved_cs_client     = @@character_set_client */;
/*!40101 SET character_set_client = utf8 */;
CREATE TABLE `reservation_status` (
  `RESERVATION_STATUS_CD` varchar(20) NOT NULL,
  `DESCRIPTION` varchar(256) DEFAULT NULL,
  `ACTIVE_FLAG` char(1) DEFAULT NULL,
  `VERSION` int(11) NOT NULL,
  PRIMARY KEY (`RESERVATION_STATUS_CD`)
) ENGINE=InnoDB DEFAULT CHARSET=latin1;
/*!40101 SET character_set_client = @saved_cs_client */;

--
-- Dumping data for table `reservation_status`
--

LOCK TABLES `reservation_status` WRITE;
/*!40000 ALTER TABLE `reservation_status` DISABLE KEYS */;
INSERT INTO `reservation_status` VALUES ('ASSIGNED','Assigned','Y',0),('CANCELED','Canceled','Y',0),('CONFIRMED','Booking confirmed','Y',0),('CREATED','Reservation is Created','Y',0),('WAITLIST','Waiting List','Y',0);
/*!40000 ALTER TABLE `reservation_status` ENABLE KEYS */;
UNLOCK TABLES;

--
-- Table structure for table `room`
--

DROP TABLE IF EXISTS `room`;
/*!40101 SET @saved_cs_client     = @@character_set_client */;
/*!40101 SET character_set_client = utf8 */;
CREATE TABLE `room` (
  `ROOM_CODE` varchar(10) COLLATE utf8_unicode_ci NOT NULL,
  `DESCRIPTION` varchar(45) COLLATE utf8_unicode_ci DEFAULT NULL,
  `ACTIVE` smallint(1) DEFAULT NULL,
  PRIMARY KEY (`ROOM_CODE`)
) ENGINE=InnoDB DEFAULT CHARSET=utf8 COLLATE=utf8_unicode_ci;
/*!40101 SET character_set_client = @saved_cs_client */;

--
-- Dumping data for table `room`
--

LOCK TABLES `room` WRITE;
/*!40000 ALTER TABLE `room` DISABLE KEYS */;
INSERT INTO `room` VALUES ('100','Room 100',1),('1001','Room 1001',1),('1002','Room 1002',1),('1003','Room 1003',1),('1004','Room 1004',1),('1005','Room 1005',1),('102','Room 102',1),('103','Room 103',1),('104','Room 105',1),('105','Room 105',1);
/*!40000 ALTER TABLE `room` ENABLE KEYS */;
UNLOCK TABLES;

--
-- Table structure for table `roster`
--

DROP TABLE IF EXISTS `roster`;
/*!40101 SET @saved_cs_client     = @@character_set_client */;
/*!40101 SET character_set_client = utf8 */;
CREATE TABLE `roster` (
  `ROSTER_CODE` int(11) NOT NULL AUTO_INCREMENT,
  `WORKING_DATE` date NOT NULL,
  `ENTITY_TYPE` varchar(20) COLLATE utf8_unicode_ci DEFAULT NULL,
  `ENTITY_ID` int(20) NOT NULL,
  `START_TIME` varchar(8) COLLATE utf8_unicode_ci NOT NULL,
  `END_TIME` varchar(8) COLLATE utf8_unicode_ci DEFAULT NULL,
  `ROOM_CODE` varchar(10) COLLATE utf8_unicode_ci DEFAULT NULL,
  `ACTIVE` varchar(1) COLLATE utf8_unicode_ci DEFAULT NULL,
  `CREATED_DTM` datetime DEFAULT NULL,
  `CREATED_BY` varchar(45) COLLATE utf8_unicode_ci DEFAULT NULL,
  `LAST_MODIFIED_DTM` datetime DEFAULT NULL,
  `MODIFIED_BY` varchar(45) COLLATE utf8_unicode_ci DEFAULT NULL,
  `VERSION` int(11) NOT NULL,
  PRIMARY KEY (`ROSTER_CODE`),
  UNIQUE KEY `ROOSTER_Unique_identity` (`ROSTER_CODE`,`WORKING_DATE`,`ENTITY_ID`,`START_TIME`),
  KEY `ROSTER_ROOM_CODE_FK` (`ROOM_CODE`),
  CONSTRAINT `roster_ibfk_1` FOREIGN KEY (`ROOM_CODE`) REFERENCES `room` (`ROOM_CODE`)
) ENGINE=InnoDB AUTO_INCREMENT=502 DEFAULT CHARSET=utf8 COLLATE=utf8_unicode_ci;
/*!40101 SET character_set_client = @saved_cs_client */;

--
-- Dumping data for table `roster`
--

LOCK TABLES `roster` WRITE;
/*!40000 ALTER TABLE `roster` DISABLE KEYS */;
INSERT INTO `roster` VALUES (1,'2010-07-25','DOCTOR',1,'1300','1600','100','N',NULL,NULL,NULL,NULL,1),(2,'2010-07-26','DOCTOR',1,'1300','1600','100','N',NULL,NULL,NULL,NULL,1),(3,'2010-07-27','DOCTOR',1,'1300','1600','100','Y',NULL,NULL,NULL,NULL,0),(4,'2010-07-28','DOCTOR',1,'1300','1600','100','Y',NULL,NULL,NULL,NULL,0),(5,'2010-07-29','DOCTOR',1,'1300','1600','100','Y',NULL,NULL,NULL,NULL,0),(6,'2010-07-30','DOCTOR',1,'1300','1600','100','N',NULL,NULL,NULL,NULL,1),(7,'2010-07-31','DOCTOR',1,'1300','1600','100','Y',NULL,NULL,NULL,NULL,0),(8,'2010-08-09','DOCTOR',2,'1800','2100','1003','Y',NULL,NULL,NULL,NULL,0),(9,'2010-08-10','DOCTOR',2,'1800','2100','1003','Y',NULL,NULL,NULL,NULL,0),(10,'2010-08-12','DOCTOR',2,'1800','2100','1003','Y',NULL,NULL,NULL,NULL,0),(11,'2010-08-13','DOCTOR',2,'1800','2100','1003','Y',NULL,NULL,NULL,NULL,0),(12,'2010-08-14','DOCTOR',2,'1800','2100','1003','Y',NULL,NULL,NULL,NULL,0),(13,'2010-08-16','DOCTOR',2,'1800','2100','1003','Y',NULL,NULL,NULL,NULL,0),(14,'2010-08-17','DOCTOR',2,'1800','2100','1003','Y',NULL,NULL,NULL,NULL,0),(15,'2010-08-19','DOCTOR',2,'1800','2100','1003','Y',NULL,NULL,NULL,NULL,0),(16,'2010-08-20','DOCTOR',2,'1800','2100','1003','Y',NULL,NULL,NULL,NULL,0),(17,'2010-08-21','DOCTOR',2,'1800','2100','1003','Y',NULL,NULL,NULL,NULL,0),(18,'2010-08-23','DOCTOR',2,'1800','2100','1003','Y',NULL,NULL,NULL,NULL,0),(19,'2010-08-24','DOCTOR',2,'1800','2100','1003','Y',NULL,NULL,NULL,NULL,0),(20,'2010-08-26','DOCTOR',2,'1800','2100','1003','Y',NULL,NULL,NULL,NULL,0),(21,'2010-08-27','DOCTOR',2,'1800','2100','1003','Y',NULL,NULL,NULL,NULL,0),(22,'2010-08-28','DOCTOR',2,'1800','2100','1003','Y',NULL,NULL,NULL,NULL,0),(23,'2010-08-30','DOCTOR',2,'1800','2100','1003','Y',NULL,NULL,NULL,NULL,0),(24,'2010-08-31','DOCTOR',2,'1800','2100','1003','Y',NULL,NULL,NULL,NULL,0),(25,'2010-09-14','DOCTOR',1,'0900','1700','100','Y',NULL,NULL,NULL,NULL,0),(26,'2010-09-15','DOCTOR',1,'0900','1300','100','Y',NULL,NULL,NULL,NULL,0),(27,'2010-09-24','DOCTOR',1,'0000','0020','100','Y',NULL,NULL,NULL,NULL,0),(28,'2010-09-25','DOCTOR',1,'0000','0020','100','Y',NULL,NULL,NULL,NULL,0),(29,'2010-09-26','DOCTOR',1,'0000','0020','100','Y',NULL,NULL,NULL,NULL,0),(30,'2010-09-27','DOCTOR',1,'0000','0020','100','Y',NULL,NULL,NULL,NULL,0),(31,'2010-09-28','DOCTOR',1,'0000','0020','100','Y',NULL,NULL,NULL,NULL,0),(32,'2010-09-29','DOCTOR',1,'0000','0020','100','Y',NULL,NULL,NULL,NULL,0),(33,'2010-09-30','DOCTOR',1,'0000','0020','100','Y',NULL,NULL,NULL,NULL,0),(34,'2010-09-24','DOCTOR',2,'1900','2100','103','Y',NULL,NULL,NULL,NULL,0),(35,'2010-09-25','DOCTOR',2,'1900','2100','103','Y',NULL,NULL,NULL,NULL,0),(36,'2010-09-26','DOCTOR',2,'1900','2100','103','Y',NULL,NULL,NULL,NULL,0),(37,'2010-09-27','DOCTOR',2,'1900','2100','103','Y',NULL,NULL,NULL,NULL,0),(38,'2010-09-28','DOCTOR',2,'1900','2100','103','Y',NULL,NULL,NULL,NULL,0),(39,'2010-09-29','DOCTOR',2,'1900','2100','103','Y',NULL,NULL,NULL,NULL,0),(40,'2010-09-30','DOCTOR',2,'1900','2100','103','Y',NULL,NULL,NULL,NULL,0),(41,'2010-10-01','DOCTOR',2,'1900','2100','103','Y',NULL,NULL,NULL,NULL,0),(42,'2010-10-02','DOCTOR',2,'1900','2100','103','Y',NULL,NULL,NULL,NULL,0),(43,'2010-10-03','DOCTOR',2,'1900','2100','103','Y',NULL,NULL,NULL,NULL,0),(44,'2010-10-04','DOCTOR',2,'1900','2100','103','Y',NULL,NULL,NULL,NULL,0),(45,'2010-10-05','DOCTOR',2,'1900','2100','103','Y',NULL,NULL,NULL,NULL,0),(46,'2010-10-06','DOCTOR',2,'1900','2100','103','Y',NULL,NULL,NULL,NULL,0),(47,'2010-10-07','DOCTOR',2,'1900','2100','103','Y',NULL,NULL,NULL,NULL,0),(48,'2010-10-08','DOCTOR',2,'1900','2100','103','Y',NULL,NULL,NULL,NULL,0),(49,'2010-10-09','DOCTOR',2,'1900','2100','103','Y',NULL,NULL,NULL,NULL,0),(50,'2010-10-10','DOCTOR',2,'1900','2100','103','Y',NULL,NULL,NULL,NULL,0),(51,'2010-10-11','DOCTOR',2,'1900','2100','103','Y',NULL,NULL,NULL,NULL,0),(52,'2010-10-12','DOCTOR',2,'1900','2100','103','Y',NULL,NULL,NULL,NULL,0),(53,'2010-10-13','DOCTOR',2,'1900','2100','103','Y',NULL,NULL,NULL,NULL,0),(54,'2010-10-14','DOCTOR',2,'1900','2100','103','Y',NULL,NULL,NULL,NULL,0),(55,'2010-10-15','DOCTOR',2,'1900','2100','103','Y',NULL,NULL,NULL,NULL,0),(56,'2010-10-16','DOCTOR',2,'1900','2100','103','Y',NULL,NULL,NULL,NULL,0),(57,'2010-10-17','DOCTOR',2,'1900','2100','103','Y',NULL,NULL,NULL,NULL,0),(58,'2010-10-18','DOCTOR',2,'1900','2100','103','Y',NULL,NULL,NULL,NULL,0),(59,'2010-10-19','DOCTOR',2,'1900','2100','103','Y',NULL,NULL,NULL,NULL,0),(60,'2010-10-20','DOCTOR',2,'1900','2100','103','Y',NULL,NULL,NULL,NULL,0),(61,'2010-10-21','DOCTOR',2,'1900','2100','103','Y',NULL,NULL,NULL,NULL,0),(62,'2010-10-22','DOCTOR',2,'1900','2100','103','Y',NULL,NULL,NULL,NULL,0),(63,'2010-10-23','DOCTOR',2,'1900','2100','103','Y',NULL,NULL,NULL,NULL,0),(64,'2010-10-24','DOCTOR',2,'1900','2100','103','Y',NULL,NULL,NULL,NULL,0),(65,'2010-10-25','DOCTOR',2,'1900','2100','103','Y',NULL,NULL,NULL,NULL,0),(66,'2010-10-26','DOCTOR',2,'1900','2100','103','Y',NULL,NULL,NULL,NULL,0),(67,'2010-10-27','DOCTOR',2,'1900','2100','103','Y',NULL,NULL,NULL,NULL,0),(68,'2010-10-28','DOCTOR',2,'1900','2100','103','Y',NULL,NULL,NULL,NULL,0),(69,'2010-10-29','DOCTOR',2,'1900','2100','103','Y',NULL,NULL,NULL,NULL,0),(70,'2010-10-30','DOCTOR',2,'1900','2100','103','Y',NULL,NULL,NULL,NULL,0),(71,'2010-10-31','DOCTOR',2,'1900','2100','103','Y',NULL,NULL,NULL,NULL,0),(72,'2010-11-01','DOCTOR',2,'1900','2100','103','Y',NULL,NULL,NULL,NULL,0),(73,'2010-11-02','DOCTOR',2,'1900','2100','103','Y',NULL,NULL,NULL,NULL,0),(74,'2010-11-03','DOCTOR',2,'1900','2100','103','Y',NULL,NULL,NULL,NULL,0),(75,'2010-11-04','DOCTOR',2,'1900','2100','103','Y',NULL,NULL,NULL,NULL,0),(76,'2010-11-05','DOCTOR',2,'1900','2100','103','Y',NULL,NULL,NULL,NULL,0),(77,'2010-11-06','DOCTOR',2,'1900','2100','103','Y',NULL,NULL,NULL,NULL,0),(78,'2010-11-07','DOCTOR',2,'1900','2100','103','Y',NULL,NULL,NULL,NULL,0),(79,'2010-11-08','DOCTOR',2,'1900','2100','103','Y',NULL,NULL,NULL,NULL,0),(80,'2010-11-09','DOCTOR',2,'1900','2100','103','Y',NULL,NULL,NULL,NULL,0),(81,'2010-11-10','DOCTOR',2,'1900','2100','103','Y',NULL,NULL,NULL,NULL,0),(82,'2010-11-11','DOCTOR',2,'1900','2100','103','Y',NULL,NULL,NULL,NULL,0),(83,'2010-11-12','DOCTOR',2,'1900','2100','103','Y',NULL,NULL,NULL,NULL,0),(84,'2010-11-13','DOCTOR',2,'1900','2100','103','Y',NULL,NULL,NULL,NULL,0),(85,'2010-11-14','DOCTOR',2,'1900','2100','103','Y',NULL,NULL,NULL,NULL,0),(86,'2010-11-15','DOCTOR',2,'1900','2100','103','Y',NULL,NULL,NULL,NULL,0),(87,'2010-11-16','DOCTOR',2,'1900','2100','103','Y',NULL,NULL,NULL,NULL,0),(88,'2010-11-17','DOCTOR',2,'1900','2100','103','Y',NULL,NULL,NULL,NULL,0),(89,'2010-11-18','DOCTOR',2,'1900','2100','103','Y',NULL,NULL,NULL,NULL,0),(90,'2010-11-19','DOCTOR',2,'1900','2100','103','Y',NULL,NULL,NULL,NULL,0),(91,'2010-11-20','DOCTOR',2,'1900','2100','103','Y',NULL,NULL,NULL,NULL,0),(92,'2010-11-21','DOCTOR',2,'1900','2100','103','Y',NULL,NULL,NULL,NULL,0),(93,'2010-11-22','DOCTOR',2,'1900','2100','103','Y',NULL,NULL,NULL,NULL,0),(94,'2010-11-23','DOCTOR',2,'1900','2100','103','Y',NULL,NULL,NULL,NULL,0),(95,'2010-11-24','DOCTOR',2,'1900','2100','103','Y',NULL,NULL,NULL,NULL,0),(96,'2010-11-25','DOCTOR',2,'1900','2100','103','Y',NULL,NULL,NULL,NULL,0),(97,'2010-11-26','DOCTOR',2,'1900','2100','103','Y',NULL,NULL,NULL,NULL,0),(98,'2010-11-27','DOCTOR',2,'1900','2100','103','Y',NULL,NULL,NULL,NULL,0),(99,'2010-11-28','DOCTOR',2,'1900','2100','103','Y',NULL,NULL,NULL,NULL,0),(100,'2010-11-29','DOCTOR',2,'1900','2100','103','Y',NULL,NULL,NULL,NULL,0),(101,'2010-11-30','DOCTOR',2,'1900','2100','103','Y',NULL,NULL,NULL,NULL,0),(102,'2010-12-01','DOCTOR',2,'1900','2100','103','Y',NULL,NULL,NULL,NULL,0),(103,'2010-12-02','DOCTOR',2,'1900','2100','103','Y',NULL,NULL,NULL,NULL,0),(104,'2010-12-03','DOCTOR',2,'1900','2100','103','Y',NULL,NULL,NULL,NULL,0),(105,'2010-12-04','DOCTOR',2,'1900','2100','103','Y',NULL,NULL,NULL,NULL,0),(106,'2010-12-05','DOCTOR',2,'1900','2100','103','Y',NULL,NULL,NULL,NULL,0),(107,'2010-12-06','DOCTOR',2,'1900','2100','103','Y',NULL,NULL,NULL,NULL,0),(108,'2010-12-07','DOCTOR',2,'1900','2100','103','Y',NULL,NULL,NULL,NULL,0),(109,'2010-12-08','DOCTOR',2,'1900','2100','103','Y',NULL,NULL,NULL,NULL,0),(110,'2010-12-09','DOCTOR',2,'1900','2100','103','Y',NULL,NULL,NULL,NULL,0),(111,'2010-12-10','DOCTOR',2,'1900','2100','103','Y',NULL,NULL,NULL,NULL,0),(112,'2010-12-11','DOCTOR',2,'1900','2100','103','Y',NULL,NULL,NULL,NULL,0),(113,'2010-12-12','DOCTOR',2,'1900','2100','103','Y',NULL,NULL,NULL,NULL,0),(114,'2010-12-13','DOCTOR',2,'1900','2100','103','Y',NULL,NULL,NULL,NULL,0),(115,'2010-12-14','DOCTOR',2,'1900','2100','103','Y',NULL,NULL,NULL,NULL,0),(116,'2010-12-15','DOCTOR',2,'1900','2100','103','Y',NULL,NULL,NULL,NULL,0),(117,'2010-12-16','DOCTOR',2,'1900','2100','103','Y',NULL,NULL,NULL,NULL,0),(118,'2010-12-17','DOCTOR',2,'1900','2100','103','Y',NULL,NULL,NULL,NULL,0),(119,'2010-12-18','DOCTOR',2,'1900','2100','103','Y',NULL,NULL,NULL,NULL,0),(120,'2010-12-19','DOCTOR',2,'1900','2100','103','Y',NULL,NULL,NULL,NULL,0),(121,'2010-12-20','DOCTOR',2,'1900','2100','103','Y',NULL,NULL,NULL,NULL,0),(122,'2010-12-21','DOCTOR',2,'1900','2100','103','Y',NULL,NULL,NULL,NULL,0),(123,'2010-12-22','DOCTOR',2,'1900','2100','103','Y',NULL,NULL,NULL,NULL,0),(124,'2010-12-23','DOCTOR',2,'1900','2100','103','Y',NULL,NULL,NULL,NULL,0),(125,'2010-12-24','DOCTOR',2,'1900','2100','103','Y',NULL,NULL,NULL,NULL,0),(126,'2010-12-25','DOCTOR',2,'1900','2100','103','Y',NULL,NULL,NULL,NULL,0),(127,'2010-12-26','DOCTOR',2,'1900','2100','103','Y',NULL,NULL,NULL,NULL,0),(128,'2010-12-27','DOCTOR',2,'1900','2100','103','Y',NULL,NULL,NULL,NULL,0),(129,'2010-12-28','DOCTOR',2,'1900','2100','103','Y',NULL,NULL,NULL,NULL,0),(130,'2010-12-29','DOCTOR',2,'1900','2100','103','Y',NULL,NULL,NULL,NULL,0),(131,'2010-12-30','DOCTOR',2,'1900','2100','103','N',NULL,NULL,NULL,NULL,1),(133,'2010-10-04','DOCTOR',1,'0320','0340','100','Y',NULL,NULL,NULL,NULL,0),(134,'2010-10-04','DOCTOR',1,'0700','0800','100','Y',NULL,NULL,NULL,NULL,0),(135,'2010-10-04','DOCTOR',1,'0720','0920','100','Y',NULL,NULL,NULL,NULL,0),(136,'2010-10-04','DOCTOR',1,'0800','1000','100','Y',NULL,NULL,NULL,NULL,0),(137,'2010-10-04','DOCTOR',1,'0400','0420','100','Y',NULL,NULL,NULL,NULL,0),(138,'2010-10-04','DOCTOR',1,'0800','1100','100','Y',NULL,NULL,NULL,NULL,0),(139,'2010-10-04','DOCTOR',1,'0800','1140','100','Y',NULL,NULL,NULL,NULL,0),(140,'2010-10-04','DOCTOR',1,'0500','0540','100','Y',NULL,NULL,NULL,NULL,0),(141,'2010-10-04','DOCTOR',1,'0520','0620','100','Y',NULL,NULL,NULL,NULL,0),(142,'2010-10-05','DOCTOR',1,'0700','1000','100','Y',NULL,NULL,NULL,NULL,0),(143,'2010-10-05','DOCTOR',1,'0800','1020','100','Y',NULL,NULL,NULL,NULL,0),(144,'2010-10-07','DOCTOR',2,'0120','0320','1001','Y',NULL,NULL,NULL,NULL,0),(145,'2010-10-07','DOCTOR',1,'0000','1200','100','Y',NULL,NULL,NULL,NULL,0),(146,'2010-10-08','DOCTOR',1,'0000','0020','100','Y',NULL,NULL,NULL,NULL,0),(147,'2010-10-16','DOCTOR',2,'0700','1000','1001','Y',NULL,NULL,NULL,NULL,0),(148,'2010-10-20','DOCTOR',2,'0120','0140','1001','Y',NULL,NULL,NULL,NULL,0),(149,'2010-10-20','DOCTOR',1,'2040','2320','100','Y',NULL,NULL,NULL,NULL,0),(150,'2010-10-21','DOCTOR',1,'1400','1420','100','Y',NULL,NULL,NULL,NULL,0),(151,'2010-10-21','DOCTOR',1,'0600','0620','100','Y',NULL,NULL,NULL,NULL,0),(152,'2010-10-21','DOCTOR',1,'1000','1020','100','Y',NULL,NULL,NULL,NULL,0),(153,'2010-10-22','DOCTOR',2,'1100','1200','1001','Y',NULL,NULL,NULL,NULL,0),(154,'2010-10-22','DOCTOR',2,'1500','1520','1001','Y',NULL,NULL,NULL,NULL,0),(155,'2010-10-22','DOCTOR',2,'0500','0540','1001','Y',NULL,NULL,NULL,NULL,0),(156,'2010-10-22','DOCTOR',2,'1700','1720','1001','Y',NULL,NULL,NULL,NULL,0),(157,'2010-10-22','DOCTOR',8,'1000','1600','1005','Y',NULL,NULL,NULL,NULL,0),(158,'2010-10-23','DOCTOR',8,'1000','1600','1005','Y',NULL,NULL,NULL,NULL,0),(159,'2010-10-24','DOCTOR',8,'1000','1600','1005','Y',NULL,NULL,NULL,NULL,0),(160,'2010-10-25','DOCTOR',8,'1000','1600','1005','Y',NULL,NULL,NULL,NULL,0),(161,'2010-10-26','DOCTOR',8,'1000','1600','1005','Y',NULL,NULL,NULL,NULL,0),(162,'2010-10-27','DOCTOR',8,'1000','1600','1005','Y',NULL,NULL,NULL,NULL,0),(163,'2010-10-28','DOCTOR',8,'1000','1600','1005','Y',NULL,NULL,NULL,NULL,0),(164,'2010-10-29','DOCTOR',8,'1000','1600','1005','Y',NULL,NULL,NULL,NULL,0),(165,'2010-10-30','DOCTOR',8,'1000','1600','1005','Y',NULL,NULL,NULL,NULL,0),(166,'2010-10-31','DOCTOR',8,'1000','1600','1005','Y',NULL,NULL,NULL,NULL,0),(167,'2010-11-01','DOCTOR',8,'1000','1600','1005','Y',NULL,NULL,NULL,NULL,0),(168,'2010-11-02','DOCTOR',8,'1000','1600','1005','Y',NULL,NULL,NULL,NULL,0),(169,'2010-11-03','DOCTOR',8,'1000','1600','1005','Y',NULL,NULL,NULL,NULL,0),(170,'2010-11-04','DOCTOR',8,'1000','1600','1005','Y',NULL,NULL,NULL,NULL,0),(171,'2010-11-05','DOCTOR',8,'1000','1600','1005','Y',NULL,NULL,NULL,NULL,0),(172,'2010-11-06','DOCTOR',8,'1000','1600','1005','Y',NULL,NULL,NULL,NULL,0),(173,'2010-11-07','DOCTOR',8,'1000','1600','1005','Y',NULL,NULL,NULL,NULL,0),(174,'2010-11-08','DOCTOR',8,'1000','1600','1005','Y',NULL,NULL,NULL,NULL,0),(175,'2010-11-09','DOCTOR',8,'1000','1600','1005','Y',NULL,NULL,NULL,NULL,0),(176,'2010-11-10','DOCTOR',8,'1000','1600','1005','Y',NULL,NULL,NULL,NULL,0),(177,'2010-11-11','DOCTOR',8,'1000','1600','1005','Y',NULL,NULL,NULL,NULL,0),(178,'2010-11-12','DOCTOR',8,'1000','1600','1005','Y',NULL,NULL,NULL,NULL,0),(179,'2010-11-13','DOCTOR',8,'1000','1600','1005','Y',NULL,NULL,NULL,NULL,0),(180,'2010-11-14','DOCTOR',8,'1000','1600','1005','Y',NULL,NULL,NULL,NULL,0),(181,'2010-11-15','DOCTOR',8,'1000','1600','1005','Y',NULL,NULL,NULL,NULL,0),(182,'2010-11-16','DOCTOR',8,'1000','1600','1005','Y',NULL,NULL,NULL,NULL,0),(183,'2010-11-17','DOCTOR',8,'1000','1600','1005','Y',NULL,NULL,NULL,NULL,0),(184,'2010-11-18','DOCTOR',8,'1000','1600','1005','Y',NULL,NULL,NULL,NULL,0),(185,'2010-11-19','DOCTOR',8,'1000','1600','1005','Y',NULL,NULL,NULL,NULL,0),(186,'2010-11-20','DOCTOR',8,'1000','1600','1005','Y',NULL,NULL,NULL,NULL,0),(187,'2010-11-21','DOCTOR',8,'1000','1600','1005','Y',NULL,NULL,NULL,NULL,0),(188,'2010-11-22','DOCTOR',8,'1000','1600','1005','Y',NULL,NULL,NULL,NULL,0),(189,'2010-11-23','DOCTOR',8,'1000','1600','1005','Y',NULL,NULL,NULL,NULL,0),(190,'2010-11-24','DOCTOR',8,'1000','1600','1005','Y',NULL,NULL,NULL,NULL,0),(191,'2010-11-25','DOCTOR',8,'1000','1600','1005','Y',NULL,NULL,NULL,NULL,0),(192,'2010-11-26','DOCTOR',8,'1000','1600','1005','Y',NULL,NULL,NULL,NULL,0),(193,'2010-11-27','DOCTOR',8,'1000','1600','1005','Y',NULL,NULL,NULL,NULL,0),(194,'2010-11-28','DOCTOR',8,'1000','1600','1005','Y',NULL,NULL,NULL,NULL,0),(195,'2010-11-29','DOCTOR',8,'1000','1600','1005','Y',NULL,NULL,NULL,NULL,0),(196,'2010-11-30','DOCTOR',8,'1000','1600','1005','Y',NULL,NULL,NULL,NULL,0),(197,'2010-12-01','DOCTOR',8,'1000','1600','1005','Y',NULL,NULL,NULL,NULL,0),(198,'2010-12-02','DOCTOR',8,'1000','1600','1005','Y',NULL,NULL,NULL,NULL,0),(199,'2010-12-03','DOCTOR',8,'1000','1600','1005','Y',NULL,NULL,NULL,NULL,0),(200,'2010-12-04','DOCTOR',8,'1000','1600','1005','Y',NULL,NULL,NULL,NULL,0),(201,'2010-12-05','DOCTOR',8,'1000','1600','1005','Y',NULL,NULL,NULL,NULL,0),(202,'2010-12-06','DOCTOR',8,'1000','1600','1005','Y',NULL,NULL,NULL,NULL,0),(203,'2010-12-07','DOCTOR',8,'1000','1600','1005','Y',NULL,NULL,NULL,NULL,0),(204,'2010-12-08','DOCTOR',8,'1000','1600','1005','Y',NULL,NULL,NULL,NULL,0),(205,'2010-12-09','DOCTOR',8,'1000','1600','1005','Y',NULL,NULL,NULL,NULL,0),(206,'2010-12-10','DOCTOR',8,'1000','1600','1005','Y',NULL,NULL,NULL,NULL,0),(207,'2010-12-11','DOCTOR',8,'1000','1600','1005','Y',NULL,NULL,NULL,NULL,0),(208,'2010-12-12','DOCTOR',8,'1000','1600','1005','Y',NULL,NULL,NULL,NULL,0),(209,'2010-12-13','DOCTOR',8,'1000','1600','1005','Y',NULL,NULL,NULL,NULL,0),(210,'2010-12-14','DOCTOR',8,'1000','1600','1005','Y',NULL,NULL,NULL,NULL,0),(211,'2010-12-15','DOCTOR',8,'1000','1600','1005','Y',NULL,NULL,NULL,NULL,0),(212,'2010-12-16','DOCTOR',8,'1000','1600','1005','Y',NULL,NULL,NULL,NULL,0),(213,'2010-12-17','DOCTOR',8,'1000','1600','1005','Y',NULL,NULL,NULL,NULL,0),(214,'2010-12-18','DOCTOR',8,'1000','1600','1005','Y',NULL,NULL,NULL,NULL,0),(215,'2010-12-19','DOCTOR',8,'1000','1600','1005','Y',NULL,NULL,NULL,NULL,0),(216,'2010-12-20','DOCTOR',8,'1000','1600','1005','Y',NULL,NULL,NULL,NULL,0),(217,'2010-12-21','DOCTOR',8,'1000','1600','1005','Y',NULL,NULL,NULL,NULL,0),(218,'2010-12-22','DOCTOR',8,'1000','1600','1005','Y',NULL,NULL,NULL,NULL,0),(219,'2010-12-23','DOCTOR',8,'1000','1600','1005','Y',NULL,NULL,NULL,NULL,0),(220,'2010-12-24','DOCTOR',8,'1000','1600','1005','Y',NULL,NULL,NULL,NULL,0),(221,'2010-12-25','DOCTOR',8,'1000','1600','1005','Y',NULL,NULL,NULL,NULL,0),(222,'2010-12-26','DOCTOR',8,'1000','1600','1005','Y',NULL,NULL,NULL,NULL,0),(223,'2010-12-27','DOCTOR',8,'1000','1600','1005','Y',NULL,NULL,NULL,NULL,0),(224,'2010-12-28','DOCTOR',8,'1000','1600','1005','Y',NULL,NULL,NULL,NULL,0),(225,'2010-12-29','DOCTOR',8,'1000','1600','1005','Y',NULL,NULL,NULL,NULL,0),(226,'2010-12-30','DOCTOR',8,'1000','1600','1005','Y',NULL,NULL,NULL,NULL,0),(227,'2010-12-31','DOCTOR',8,'1000','1600','1005','Y',NULL,NULL,NULL,NULL,0),(228,'2011-01-01','DOCTOR',8,'1000','1600','1005','Y',NULL,NULL,NULL,NULL,0),(229,'2011-01-02','DOCTOR',8,'1000','1600','1005','Y',NULL,NULL,NULL,NULL,0),(230,'2011-01-03','DOCTOR',8,'1000','1600','1005','Y',NULL,NULL,NULL,NULL,0),(231,'2011-01-04','DOCTOR',8,'1000','1600','1005','Y',NULL,NULL,NULL,NULL,0),(232,'2011-01-05','DOCTOR',8,'1000','1600','1005','Y',NULL,NULL,NULL,NULL,0),(233,'2011-01-06','DOCTOR',8,'1000','1600','1005','Y',NULL,NULL,NULL,NULL,0),(234,'2011-01-07','DOCTOR',8,'1000','1600','1005','Y',NULL,NULL,NULL,NULL,0),(235,'2011-01-08','DOCTOR',8,'1000','1600','1005','Y',NULL,NULL,NULL,NULL,0),(236,'2011-01-09','DOCTOR',8,'1000','1600','1005','Y',NULL,NULL,NULL,NULL,0),(237,'2011-01-10','DOCTOR',8,'1000','1600','1005','Y',NULL,NULL,NULL,NULL,0),(238,'2011-01-11','DOCTOR',8,'1000','1600','1005','Y',NULL,NULL,NULL,NULL,0),(239,'2011-01-12','DOCTOR',8,'1000','1600','1005','Y',NULL,NULL,NULL,NULL,0),(240,'2011-01-13','DOCTOR',8,'1000','1600','1005','Y',NULL,NULL,NULL,NULL,0),(241,'2011-01-14','DOCTOR',8,'1000','1600','1005','Y',NULL,NULL,NULL,NULL,0),(242,'2011-01-15','DOCTOR',8,'1000','1600','1005','Y',NULL,NULL,NULL,NULL,0),(243,'2011-01-16','DOCTOR',8,'1000','1600','1005','Y',NULL,NULL,NULL,NULL,0),(244,'2011-01-17','DOCTOR',8,'1000','1600','1005','Y',NULL,NULL,NULL,NULL,0),(245,'2011-01-18','DOCTOR',8,'1000','1600','1005','Y',NULL,NULL,NULL,NULL,0),(246,'2011-01-19','DOCTOR',8,'1000','1600','1005','Y',NULL,NULL,NULL,NULL,0),(247,'2011-01-20','DOCTOR',8,'1000','1600','1005','Y',NULL,NULL,NULL,NULL,0),(248,'2011-01-21','DOCTOR',8,'1000','1600','1005','Y',NULL,NULL,NULL,NULL,0),(249,'2011-01-22','DOCTOR',8,'1000','1600','1005','Y',NULL,NULL,NULL,NULL,0),(250,'2011-01-23','DOCTOR',8,'1000','1600','1005','Y',NULL,NULL,NULL,NULL,0),(251,'2011-01-24','DOCTOR',8,'1000','1600','1005','Y',NULL,NULL,NULL,NULL,0),(252,'2011-01-25','DOCTOR',8,'1000','1600','1005','Y',NULL,NULL,NULL,NULL,0),(253,'2011-01-26','DOCTOR',8,'1000','1600','1005','Y',NULL,NULL,NULL,NULL,0),(254,'2011-01-27','DOCTOR',8,'1000','1600','1005','Y',NULL,NULL,NULL,NULL,0),(255,'2011-01-28','DOCTOR',8,'1000','1600','1005','Y',NULL,NULL,NULL,NULL,0),(256,'2011-01-29','DOCTOR',8,'1000','1600','1005','Y',NULL,NULL,NULL,NULL,0),(257,'2011-01-30','DOCTOR',8,'1000','1600','1005','Y',NULL,NULL,NULL,NULL,0),(258,'2011-01-31','DOCTOR',8,'1000','1600','1005','Y',NULL,NULL,NULL,NULL,0),(259,'2011-02-01','DOCTOR',8,'1000','1600','1005','Y',NULL,NULL,NULL,NULL,0),(260,'2011-02-02','DOCTOR',8,'1000','1600','1005','Y',NULL,NULL,NULL,NULL,0),(261,'2011-02-03','DOCTOR',8,'1000','1600','1005','Y',NULL,NULL,NULL,NULL,0),(262,'2011-02-04','DOCTOR',8,'1000','1600','1005','Y',NULL,NULL,NULL,NULL,0),(263,'2011-02-05','DOCTOR',8,'1000','1600','1005','Y',NULL,NULL,NULL,NULL,0),(264,'2011-02-06','DOCTOR',8,'1000','1600','1005','Y',NULL,NULL,NULL,NULL,0),(265,'2011-02-07','DOCTOR',8,'1000','1600','1005','Y',NULL,NULL,NULL,NULL,0),(266,'2011-02-08','DOCTOR',8,'1000','1600','1005','Y',NULL,NULL,NULL,NULL,0),(267,'2011-02-09','DOCTOR',8,'1000','1600','1005','Y',NULL,NULL,NULL,NULL,0),(268,'2011-02-10','DOCTOR',8,'1000','1600','1005','Y',NULL,NULL,NULL,NULL,0),(269,'2011-02-11','DOCTOR',8,'1000','1600','1005','Y',NULL,NULL,NULL,NULL,0),(270,'2011-02-12','DOCTOR',8,'1000','1600','1005','Y',NULL,NULL,NULL,NULL,0),(271,'2011-02-13','DOCTOR',8,'1000','1600','1005','Y',NULL,NULL,NULL,NULL,0),(272,'2011-02-14','DOCTOR',8,'1000','1600','1005','Y',NULL,NULL,NULL,NULL,0),(273,'2011-02-15','DOCTOR',8,'1000','1600','1005','Y',NULL,NULL,NULL,NULL,0),(274,'2011-02-16','DOCTOR',8,'1000','1600','1005','Y',NULL,NULL,NULL,NULL,0),(275,'2011-02-17','DOCTOR',8,'1000','1600','1005','Y',NULL,NULL,NULL,NULL,0),(276,'2011-02-18','DOCTOR',8,'1000','1600','1005','Y',NULL,NULL,NULL,NULL,0),(277,'2011-02-19','DOCTOR',8,'1000','1600','1005','Y',NULL,NULL,NULL,NULL,0),(278,'2011-02-20','DOCTOR',8,'1000','1600','1005','Y',NULL,NULL,NULL,NULL,0),(279,'2011-02-21','DOCTOR',8,'1000','1600','1005','Y',NULL,NULL,NULL,NULL,0),(280,'2011-02-22','DOCTOR',8,'1000','1600','1005','Y',NULL,NULL,NULL,NULL,0),(281,'2011-02-23','DOCTOR',8,'1000','1600','1005','Y',NULL,NULL,NULL,NULL,0),(282,'2011-02-24','DOCTOR',8,'1000','1600','1005','Y',NULL,NULL,NULL,NULL,0),(283,'2011-02-25','DOCTOR',8,'1000','1600','1005','Y',NULL,NULL,NULL,NULL,0),(284,'2011-02-26','DOCTOR',8,'1000','1600','1005','Y',NULL,NULL,NULL,NULL,0),(285,'2011-02-27','DOCTOR',8,'1000','1600','1005','Y',NULL,NULL,NULL,NULL,0),(286,'2011-02-28','DOCTOR',8,'1000','1600','1005','Y',NULL,NULL,NULL,NULL,0),(287,'2011-03-01','DOCTOR',8,'1000','1600','1005','Y',NULL,NULL,NULL,NULL,0),(288,'2011-03-02','DOCTOR',8,'1000','1600','1005','Y',NULL,NULL,NULL,NULL,0),(289,'2011-03-03','DOCTOR',8,'1000','1600','1005','Y',NULL,NULL,NULL,NULL,0),(290,'2011-03-04','DOCTOR',8,'1000','1600','1005','Y',NULL,NULL,NULL,NULL,0),(291,'2011-03-05','DOCTOR',8,'1000','1600','1005','Y',NULL,NULL,NULL,NULL,0),(292,'2011-03-06','DOCTOR',8,'1000','1600','1005','Y',NULL,NULL,NULL,NULL,0),(293,'2011-03-07','DOCTOR',8,'1000','1600','1005','Y',NULL,NULL,NULL,NULL,0),(294,'2011-03-08','DOCTOR',8,'1000','1600','1005','Y',NULL,NULL,NULL,NULL,0),(295,'2011-03-09','DOCTOR',8,'1000','1600','1005','Y',NULL,NULL,NULL,NULL,0),(296,'2011-03-10','DOCTOR',8,'1000','1600','1005','Y',NULL,NULL,NULL,NULL,0),(297,'2011-03-11','DOCTOR',8,'1000','1600','1005','Y',NULL,NULL,NULL,NULL,0),(298,'2011-03-12','DOCTOR',8,'1000','1600','1005','Y',NULL,NULL,NULL,NULL,0),(299,'2011-03-13','DOCTOR',8,'1000','1600','1005','Y',NULL,NULL,NULL,NULL,0),(300,'2011-03-14','DOCTOR',8,'1000','1600','1005','Y',NULL,NULL,NULL,NULL,0),(301,'2011-03-15','DOCTOR',8,'1000','1600','1005','Y',NULL,NULL,NULL,NULL,0),(302,'2011-03-16','DOCTOR',8,'1000','1600','1005','Y',NULL,NULL,NULL,NULL,0),(303,'2011-03-17','DOCTOR',8,'1000','1600','1005','Y',NULL,NULL,NULL,NULL,0),(304,'2011-03-18','DOCTOR',8,'1000','1600','1005','Y',NULL,NULL,NULL,NULL,0),(305,'2011-03-19','DOCTOR',8,'1000','1600','1005','Y',NULL,NULL,NULL,NULL,0),(306,'2011-03-20','DOCTOR',8,'1000','1600','1005','Y',NULL,NULL,NULL,NULL,0),(307,'2011-03-21','DOCTOR',8,'1000','1600','1005','Y',NULL,NULL,NULL,NULL,0),(308,'2011-03-22','DOCTOR',8,'1000','1600','1005','Y',NULL,NULL,NULL,NULL,0),(309,'2011-03-23','DOCTOR',8,'1000','1600','1005','Y',NULL,NULL,NULL,NULL,0),(310,'2011-03-24','DOCTOR',8,'1000','1600','1005','Y',NULL,NULL,NULL,NULL,0),(311,'2011-03-25','DOCTOR',8,'1000','1600','1005','Y',NULL,NULL,NULL,NULL,0),(312,'2011-03-26','DOCTOR',8,'1000','1600','1005','Y',NULL,NULL,NULL,NULL,0),(313,'2011-03-27','DOCTOR',8,'1000','1600','1005','Y',NULL,NULL,NULL,NULL,0),(314,'2011-03-28','DOCTOR',8,'1000','1600','1005','Y',NULL,NULL,NULL,NULL,0),(315,'2011-03-29','DOCTOR',8,'1000','1600','1005','Y',NULL,NULL,NULL,NULL,0),(316,'2011-03-30','DOCTOR',8,'1000','1600','1005','Y',NULL,NULL,NULL,NULL,0),(317,'2011-03-31','DOCTOR',8,'1000','1600','1005','Y',NULL,NULL,NULL,NULL,0),(318,'2011-04-01','DOCTOR',8,'1000','1600','1005','Y',NULL,NULL,NULL,NULL,0),(319,'2011-04-02','DOCTOR',8,'1000','1600','1005','Y',NULL,NULL,NULL,NULL,0),(320,'2011-04-03','DOCTOR',8,'1000','1600','1005','Y',NULL,NULL,NULL,NULL,0),(321,'2011-04-04','DOCTOR',8,'1000','1600','1005','Y',NULL,NULL,NULL,NULL,0),(322,'2011-04-05','DOCTOR',8,'1000','1600','1005','Y',NULL,NULL,NULL,NULL,0),(323,'2011-04-06','DOCTOR',8,'1000','1600','1005','Y',NULL,NULL,NULL,NULL,0),(324,'2011-04-07','DOCTOR',8,'1000','1600','1005','Y',NULL,NULL,NULL,NULL,0),(325,'2011-04-08','DOCTOR',8,'1000','1600','1005','Y',NULL,NULL,NULL,NULL,0),(326,'2011-04-09','DOCTOR',8,'1000','1600','1005','Y',NULL,NULL,NULL,NULL,0),(327,'2011-04-10','DOCTOR',8,'1000','1600','1005','Y',NULL,NULL,NULL,NULL,0),(328,'2011-04-11','DOCTOR',8,'1000','1600','1005','Y',NULL,NULL,NULL,NULL,0),(329,'2011-04-12','DOCTOR',8,'1000','1600','1005','Y',NULL,NULL,NULL,NULL,0),(330,'2011-04-13','DOCTOR',8,'1000','1600','1005','Y',NULL,NULL,NULL,NULL,0),(331,'2011-04-14','DOCTOR',8,'1000','1600','1005','Y',NULL,NULL,NULL,NULL,0),(332,'2011-04-15','DOCTOR',8,'1000','1600','1005','Y',NULL,NULL,NULL,NULL,0),(333,'2011-04-16','DOCTOR',8,'1000','1600','1005','Y',NULL,NULL,NULL,NULL,0),(334,'2011-04-17','DOCTOR',8,'1000','1600','1005','Y',NULL,NULL,NULL,NULL,0),(335,'2011-04-18','DOCTOR',8,'1000','1600','1005','Y',NULL,NULL,NULL,NULL,0),(336,'2011-04-19','DOCTOR',8,'1000','1600','1005','Y',NULL,NULL,NULL,NULL,0),(337,'2011-04-20','DOCTOR',8,'1000','1600','1005','Y',NULL,NULL,NULL,NULL,0),(338,'2011-04-21','DOCTOR',8,'1000','1600','1005','Y',NULL,NULL,NULL,NULL,0),(339,'2011-04-22','DOCTOR',8,'1000','1600','1005','Y',NULL,NULL,NULL,NULL,0),(340,'2011-04-23','DOCTOR',8,'1000','1600','1005','Y',NULL,NULL,NULL,NULL,0),(341,'2011-04-24','DOCTOR',8,'1000','1600','1005','Y',NULL,NULL,NULL,NULL,0),(342,'2011-04-25','DOCTOR',8,'1000','1600','1005','Y',NULL,NULL,NULL,NULL,0),(343,'2011-04-26','DOCTOR',8,'1000','1600','1005','Y',NULL,NULL,NULL,NULL,0),(344,'2011-04-27','DOCTOR',8,'1000','1600','1005','Y',NULL,NULL,NULL,NULL,0),(345,'2011-04-28','DOCTOR',8,'1000','1600','1005','Y',NULL,NULL,NULL,NULL,0),(346,'2011-04-29','DOCTOR',8,'1000','1600','1005','Y',NULL,NULL,NULL,NULL,0),(347,'2011-04-30','DOCTOR',8,'1000','1600','1005','Y',NULL,NULL,NULL,NULL,0),(348,'2011-05-01','DOCTOR',8,'1000','1600','1005','Y',NULL,NULL,NULL,NULL,0),(349,'2011-05-02','DOCTOR',8,'1000','1600','1005','Y',NULL,NULL,NULL,NULL,0),(350,'2011-05-03','DOCTOR',8,'1000','1600','1005','Y',NULL,NULL,NULL,NULL,0),(351,'2011-05-04','DOCTOR',8,'1000','1600','1005','Y',NULL,NULL,NULL,NULL,0),(352,'2011-05-05','DOCTOR',8,'1000','1600','1005','Y',NULL,NULL,NULL,NULL,0),(353,'2011-05-06','DOCTOR',8,'1000','1600','1005','Y',NULL,NULL,NULL,NULL,0),(354,'2011-05-07','DOCTOR',8,'1000','1600','1005','Y',NULL,NULL,NULL,NULL,0),(355,'2011-05-08','DOCTOR',8,'1000','1600','1005','Y',NULL,NULL,NULL,NULL,0),(356,'2011-05-09','DOCTOR',8,'1000','1600','1005','Y',NULL,NULL,NULL,NULL,0),(357,'2011-05-10','DOCTOR',8,'1000','1600','1005','Y',NULL,NULL,NULL,NULL,0),(358,'2011-05-11','DOCTOR',8,'1000','1600','1005','Y',NULL,NULL,NULL,NULL,0),(359,'2011-05-12','DOCTOR',8,'1000','1600','1005','Y',NULL,NULL,NULL,NULL,0),(360,'2011-05-13','DOCTOR',8,'1000','1600','1005','Y',NULL,NULL,NULL,NULL,0),(361,'2011-05-14','DOCTOR',8,'1000','1600','1005','Y',NULL,NULL,NULL,NULL,0),(362,'2011-05-15','DOCTOR',8,'1000','1600','1005','Y',NULL,NULL,NULL,NULL,0),(363,'2011-05-16','DOCTOR',8,'1000','1600','1005','Y',NULL,NULL,NULL,NULL,0),(364,'2011-05-17','DOCTOR',8,'1000','1600','1005','Y',NULL,NULL,NULL,NULL,0),(365,'2011-05-18','DOCTOR',8,'1000','1600','1005','Y',NULL,NULL,NULL,NULL,0),(366,'2011-05-19','DOCTOR',8,'1000','1600','1005','Y',NULL,NULL,NULL,NULL,0),(367,'2011-05-20','DOCTOR',8,'1000','1600','1005','Y',NULL,NULL,NULL,NULL,0),(368,'2011-05-21','DOCTOR',8,'1000','1600','1005','Y',NULL,NULL,NULL,NULL,0),(369,'2011-05-22','DOCTOR',8,'1000','1600','1005','Y',NULL,NULL,NULL,NULL,0),(370,'2011-05-23','DOCTOR',8,'1000','1600','1005','Y',NULL,NULL,NULL,NULL,0),(371,'2011-05-24','DOCTOR',8,'1000','1600','1005','Y',NULL,NULL,NULL,NULL,0),(372,'2011-05-25','DOCTOR',8,'1000','1600','1005','Y',NULL,NULL,NULL,NULL,0),(373,'2011-05-26','DOCTOR',8,'1000','1600','1005','Y',NULL,NULL,NULL,NULL,0),(374,'2011-05-27','DOCTOR',8,'1000','1600','1005','Y',NULL,NULL,NULL,NULL,0),(375,'2011-05-28','DOCTOR',8,'1000','1600','1005','Y',NULL,NULL,NULL,NULL,0),(376,'2011-05-29','DOCTOR',8,'1000','1600','1005','Y',NULL,NULL,NULL,NULL,0),(377,'2011-05-30','DOCTOR',8,'1000','1600','1005','Y',NULL,NULL,NULL,NULL,0),(378,'2011-05-31','DOCTOR',8,'1000','1600','1005','Y',NULL,NULL,NULL,NULL,0),(379,'2011-06-01','DOCTOR',8,'1000','1600','1005','Y',NULL,NULL,NULL,NULL,0),(380,'2011-06-02','DOCTOR',8,'1000','1600','1005','Y',NULL,NULL,NULL,NULL,0),(381,'2011-06-03','DOCTOR',8,'1000','1600','1005','Y',NULL,NULL,NULL,NULL,0),(382,'2011-06-04','DOCTOR',8,'1000','1600','1005','Y',NULL,NULL,NULL,NULL,0),(383,'2011-06-05','DOCTOR',8,'1000','1600','1005','Y',NULL,NULL,NULL,NULL,0),(384,'2011-06-06','DOCTOR',8,'1000','1600','1005','Y',NULL,NULL,NULL,NULL,0),(385,'2011-06-07','DOCTOR',8,'1000','1600','1005','Y',NULL,NULL,NULL,NULL,0),(386,'2011-06-08','DOCTOR',8,'1000','1600','1005','Y',NULL,NULL,NULL,NULL,0),(387,'2011-06-09','DOCTOR',8,'1000','1600','1005','Y',NULL,NULL,NULL,NULL,0),(388,'2011-06-10','DOCTOR',8,'1000','1600','1005','Y',NULL,NULL,NULL,NULL,0),(389,'2011-06-11','DOCTOR',8,'1000','1600','1005','Y',NULL,NULL,NULL,NULL,0),(390,'2011-06-12','DOCTOR',8,'1000','1600','1005','Y',NULL,NULL,NULL,NULL,0),(391,'2011-06-13','DOCTOR',8,'1000','1600','1005','Y',NULL,NULL,NULL,NULL,0),(392,'2011-06-14','DOCTOR',8,'1000','1600','1005','Y',NULL,NULL,NULL,NULL,0),(393,'2011-06-15','DOCTOR',8,'1000','1600','1005','Y',NULL,NULL,NULL,NULL,0),(394,'2011-06-16','DOCTOR',8,'1000','1600','1005','Y',NULL,NULL,NULL,NULL,0),(395,'2011-06-17','DOCTOR',8,'1000','1600','1005','Y',NULL,NULL,NULL,NULL,0),(396,'2011-06-18','DOCTOR',8,'1000','1600','1005','Y',NULL,NULL,NULL,NULL,0),(397,'2011-06-19','DOCTOR',8,'1000','1600','1005','Y',NULL,NULL,NULL,NULL,0),(398,'2011-06-20','DOCTOR',8,'1000','1600','1005','Y',NULL,NULL,NULL,NULL,0),(399,'2011-06-21','DOCTOR',8,'1000','1600','1005','Y',NULL,NULL,NULL,NULL,0),(400,'2011-06-22','DOCTOR',8,'1000','1600','1005','Y',NULL,NULL,NULL,NULL,0),(401,'2011-06-23','DOCTOR',8,'1000','1600','1005','Y',NULL,NULL,NULL,NULL,0),(402,'2011-06-24','DOCTOR',8,'1000','1600','1005','Y',NULL,NULL,NULL,NULL,0),(403,'2011-06-25','DOCTOR',8,'1000','1600','1005','Y',NULL,NULL,NULL,NULL,0),(404,'2011-06-26','DOCTOR',8,'1000','1600','1005','Y',NULL,NULL,NULL,NULL,0),(405,'2011-06-27','DOCTOR',8,'1000','1600','1005','Y',NULL,NULL,NULL,NULL,0),(406,'2011-06-28','DOCTOR',8,'1000','1600','1005','Y',NULL,NULL,NULL,NULL,0),(407,'2011-06-29','DOCTOR',8,'1000','1600','1005','Y',NULL,NULL,NULL,NULL,0),(408,'2011-06-30','DOCTOR',8,'1000','1600','1005','Y',NULL,NULL,NULL,NULL,0),(409,'2011-07-01','DOCTOR',8,'1000','1600','1005','Y',NULL,NULL,NULL,NULL,0),(410,'2011-07-02','DOCTOR',8,'1000','1600','1005','Y',NULL,NULL,NULL,NULL,0),(411,'2011-07-03','DOCTOR',8,'1000','1600','1005','Y',NULL,NULL,NULL,NULL,0),(412,'2011-07-04','DOCTOR',8,'1000','1600','1005','Y',NULL,NULL,NULL,NULL,0),(413,'2011-07-05','DOCTOR',8,'1000','1600','1005','Y',NULL,NULL,NULL,NULL,0),(414,'2011-07-06','DOCTOR',8,'1000','1600','1005','Y',NULL,NULL,NULL,NULL,0),(415,'2011-07-07','DOCTOR',8,'1000','1600','1005','Y',NULL,NULL,NULL,NULL,0),(416,'2011-07-08','DOCTOR',8,'1000','1600','1005','Y',NULL,NULL,NULL,NULL,0),(417,'2011-07-09','DOCTOR',8,'1000','1600','1005','Y',NULL,NULL,NULL,NULL,0),(418,'2011-07-10','DOCTOR',8,'1000','1600','1005','Y',NULL,NULL,NULL,NULL,0),(419,'2011-07-11','DOCTOR',8,'1000','1600','1005','Y',NULL,NULL,NULL,NULL,0),(420,'2011-07-12','DOCTOR',8,'1000','1600','1005','Y',NULL,NULL,NULL,NULL,0),(421,'2011-07-13','DOCTOR',8,'1000','1600','1005','Y',NULL,NULL,NULL,NULL,0),(422,'2011-07-14','DOCTOR',8,'1000','1600','1005','Y',NULL,NULL,NULL,NULL,0),(423,'2011-07-15','DOCTOR',8,'1000','1600','1005','Y',NULL,NULL,NULL,NULL,0),(424,'2011-07-16','DOCTOR',8,'1000','1600','1005','Y',NULL,NULL,NULL,NULL,0),(425,'2011-07-17','DOCTOR',8,'1000','1600','1005','Y',NULL,NULL,NULL,NULL,0),(426,'2011-07-18','DOCTOR',8,'1000','1600','1005','Y',NULL,NULL,NULL,NULL,0),(427,'2011-07-19','DOCTOR',8,'1000','1600','1005','Y',NULL,NULL,NULL,NULL,0),(428,'2011-07-20','DOCTOR',8,'1000','1600','1005','Y',NULL,NULL,NULL,NULL,0),(429,'2010-10-22','DOCTOR',8,'1000','1600','1005','Y',NULL,NULL,NULL,NULL,0),(430,'2010-10-23','DOCTOR',8,'1000','1600','1005','Y',NULL,NULL,NULL,NULL,0),(431,'2010-10-24','DOCTOR',8,'1000','1600','1005','Y',NULL,NULL,NULL,NULL,0),(432,'2010-10-25','DOCTOR',8,'1000','1600','1005','Y',NULL,NULL,NULL,NULL,0),(433,'2010-10-26','DOCTOR',8,'1000','1600','1005','Y',NULL,NULL,NULL,NULL,0),(434,'2010-10-27','DOCTOR',8,'1000','1600','1005','Y',NULL,NULL,NULL,NULL,0),(435,'2010-10-28','DOCTOR',8,'1000','1600','1005','Y',NULL,NULL,NULL,NULL,0),(436,'2010-10-29','DOCTOR',8,'1000','1600','1005','Y',NULL,NULL,NULL,NULL,0),(437,'2010-10-30','DOCTOR',8,'1000','1600','1005','Y',NULL,NULL,NULL,NULL,0),(438,'2010-10-31','DOCTOR',8,'1000','1600','1005','Y',NULL,NULL,NULL,NULL,0),(439,'2010-11-01','DOCTOR',8,'1000','1600','1005','Y',NULL,NULL,NULL,NULL,0),(440,'2010-11-02','DOCTOR',8,'1000','1600','1005','Y',NULL,NULL,NULL,NULL,0),(441,'2010-11-03','DOCTOR',8,'1000','1600','1005','Y',NULL,NULL,NULL,NULL,0),(442,'2010-11-04','DOCTOR',8,'1000','1600','1005','Y',NULL,NULL,NULL,NULL,0),(443,'2010-11-05','DOCTOR',8,'1000','1600','1005','Y',NULL,NULL,NULL,NULL,0),(444,'2010-11-06','DOCTOR',8,'1000','1600','1005','Y',NULL,NULL,NULL,NULL,0),(445,'2010-11-07','DOCTOR',8,'1000','1600','1005','Y',NULL,NULL,NULL,NULL,0),(446,'2010-11-08','DOCTOR',8,'1000','1600','1005','Y',NULL,NULL,NULL,NULL,0),(447,'2010-11-09','DOCTOR',8,'1000','1600','1005','Y',NULL,NULL,NULL,NULL,0),(448,'2010-11-10','DOCTOR',8,'1000','1600','1005','Y',NULL,NULL,NULL,NULL,0),(449,'2010-11-11','DOCTOR',8,'1000','1600','1005','Y',NULL,NULL,NULL,NULL,0),(450,'2010-11-12','DOCTOR',8,'1000','1600','1005','Y',NULL,NULL,NULL,NULL,0),(451,'2010-11-13','DOCTOR',8,'1000','1600','1005','Y',NULL,NULL,NULL,NULL,0),(452,'2010-11-14','DOCTOR',8,'1000','1600','1005','Y',NULL,NULL,NULL,NULL,0),(453,'2010-11-15','DOCTOR',8,'1000','1600','1005','Y',NULL,NULL,NULL,NULL,0),(454,'2010-11-16','DOCTOR',8,'1000','1600','1005','Y',NULL,NULL,NULL,NULL,0),(455,'2010-11-17','DOCTOR',8,'1000','1600','1005','Y',NULL,NULL,NULL,NULL,0),(456,'2010-11-18','DOCTOR',8,'1000','1600','1005','Y',NULL,NULL,NULL,NULL,0),(457,'2010-11-19','DOCTOR',8,'1000','1600','1005','Y',NULL,NULL,NULL,NULL,0),(458,'2010-11-20','DOCTOR',8,'1000','1600','1005','Y',NULL,NULL,NULL,NULL,0),(459,'2010-11-21','DOCTOR',8,'1000','1600','1005','Y',NULL,NULL,NULL,NULL,0),(460,'2010-11-22','DOCTOR',8,'1000','1600','1005','Y',NULL,NULL,NULL,NULL,0),(461,'2010-11-23','DOCTOR',8,'1000','1600','1005','Y',NULL,NULL,NULL,NULL,0),(462,'2010-11-24','DOCTOR',8,'1000','1600','1005','Y',NULL,NULL,NULL,NULL,0),(463,'2010-11-25','DOCTOR',8,'1000','1600','1005','Y',NULL,NULL,NULL,NULL,0),(464,'2010-11-26','DOCTOR',8,'1000','1600','1005','Y',NULL,NULL,NULL,NULL,0),(465,'2010-11-27','DOCTOR',8,'1000','1600','1005','Y',NULL,NULL,NULL,NULL,0),(466,'2010-11-28','DOCTOR',8,'1000','1600','1005','Y',NULL,NULL,NULL,NULL,0),(467,'2010-11-29','DOCTOR',8,'1000','1600','1005','Y',NULL,NULL,NULL,NULL,0),(468,'2010-11-30','DOCTOR',8,'1000','1600','1005','Y',NULL,NULL,NULL,NULL,0),(469,'2010-12-01','DOCTOR',8,'1000','1600','1005','Y',NULL,NULL,NULL,NULL,0),(470,'2010-12-02','DOCTOR',8,'1000','1600','1005','Y',NULL,NULL,NULL,NULL,0),(471,'2010-12-03','DOCTOR',8,'1000','1600','1005','Y',NULL,NULL,NULL,NULL,0),(472,'2010-12-04','DOCTOR',8,'1000','1600','1005','Y',NULL,NULL,NULL,NULL,0),(473,'2010-12-05','DOCTOR',8,'1000','1600','1005','Y',NULL,NULL,NULL,NULL,0),(474,'2010-12-06','DOCTOR',8,'1000','1600','1005','Y',NULL,NULL,NULL,NULL,0),(475,'2010-12-07','DOCTOR',8,'1000','1600','1005','Y',NULL,NULL,NULL,NULL,0),(476,'2010-12-08','DOCTOR',8,'1000','1600','1005','Y',NULL,NULL,NULL,NULL,0),(477,'2010-12-09','DOCTOR',8,'1000','1600','1005','Y',NULL,NULL,NULL,NULL,0),(478,'2010-12-10','DOCTOR',8,'1000','1600','1005','Y',NULL,NULL,NULL,NULL,0),(479,'2010-12-11','DOCTOR',8,'1000','1600','1005','Y',NULL,NULL,NULL,NULL,0),(480,'2010-12-12','DOCTOR',8,'1000','1600','1005','Y',NULL,NULL,NULL,NULL,0),(481,'2010-12-13','DOCTOR',8,'1000','1600','1005','Y',NULL,NULL,NULL,NULL,0),(482,'2010-12-14','DOCTOR',8,'1000','1600','1005','Y',NULL,NULL,NULL,NULL,0),(483,'2010-12-15','DOCTOR',8,'1000','1600','1005','Y',NULL,NULL,NULL,NULL,0),(484,'2010-12-16','DOCTOR',8,'1000','1600','1005','Y',NULL,NULL,NULL,NULL,0),(485,'2010-12-17','DOCTOR',8,'1000','1600','1005','Y',NULL,NULL,NULL,NULL,0),(486,'2010-12-18','DOCTOR',8,'1000','1600','1005','Y',NULL,NULL,NULL,NULL,0),(487,'2010-12-19','DOCTOR',8,'1000','1600','1005','Y',NULL,NULL,NULL,NULL,0),(488,'2010-12-20','DOCTOR',8,'1000','1600','1005','Y',NULL,NULL,NULL,NULL,0),(489,'2010-12-21','DOCTOR',8,'1000','1600','1005','Y',NULL,NULL,NULL,NULL,0),(490,'2010-12-22','DOCTOR',8,'1000','1600','1005','Y',NULL,NULL,NULL,NULL,0),(491,'2010-12-23','DOCTOR',8,'1000','1600','1005','Y',NULL,NULL,NULL,NULL,0),(492,'2010-12-24','DOCTOR',8,'1000','1600','1005','Y',NULL,NULL,NULL,NULL,0),(493,'2010-12-25','DOCTOR',8,'1000','1600','1005','Y',NULL,NULL,NULL,NULL,0),(494,'2010-12-26','DOCTOR',8,'1000','1600','1005','Y',NULL,NULL,NULL,NULL,0),(495,'2010-12-27','DOCTOR',8,'1000','1600','1005','Y',NULL,NULL,NULL,NULL,0),(496,'2010-12-28','DOCTOR',8,'1000','1600','1005','Y',NULL,NULL,NULL,NULL,0),(497,'2010-12-29','DOCTOR',8,'1000','1600','1005','Y',NULL,NULL,NULL,NULL,0),(498,'2010-12-30','DOCTOR',8,'1000','1600','1005','Y',NULL,NULL,NULL,NULL,0),(499,'2010-12-31','DOCTOR',8,'1000','1600','1005','Y',NULL,NULL,NULL,NULL,0),(501,'2010-10-22','DOCTOR',8,'0400','0500','1005','Y',NULL,NULL,NULL,NULL,0);
/*!40000 ALTER TABLE `roster` ENABLE KEYS */;
UNLOCK TABLES;

--
-- Table structure for table `saluation`
--

DROP TABLE IF EXISTS `saluation`;
/*!40101 SET @saved_cs_client     = @@character_set_client */;
/*!40101 SET character_set_client = utf8 */;
CREATE TABLE `saluation` (
  `SALUATION_CODE` varchar(6) COLLATE utf8_unicode_ci NOT NULL,
  `DESCRIPTION` varchar(15) COLLATE utf8_unicode_ci DEFAULT NULL,
  `ACTIVE` smallint(1) DEFAULT NULL,
  PRIMARY KEY (`SALUATION_CODE`)
) ENGINE=InnoDB DEFAULT CHARSET=utf8 COLLATE=utf8_unicode_ci;
/*!40101 SET character_set_client = @saved_cs_client */;

--
-- Dumping data for table `saluation`
--

LOCK TABLES `saluation` WRITE;
/*!40000 ALTER TABLE `saluation` DISABLE KEYS */;
INSERT INTO `saluation` VALUES ('DR','Dr.',1),('MASTER','Master',1),('MR','Mr.',1),('MRS','Mrs.',1),('MS','Ms.',1);
/*!40000 ALTER TABLE `saluation` ENABLE KEYS */;
UNLOCK TABLES;

--
-- Table structure for table `sample_master`
--

DROP TABLE IF EXISTS `sample_master`;
/*!40101 SET @saved_cs_client     = @@character_set_client */;
/*!40101 SET character_set_client = utf8 */;
CREATE TABLE `sample_master` (
  `SAMPLE_CODE` varchar(45) COLLATE utf8_unicode_ci NOT NULL,
  `SAMPLE_DESCRIPTION` varchar(45) COLLATE utf8_unicode_ci DEFAULT NULL,
  `ACTIVE` smallint(1) DEFAULT NULL,
  `VERSION` int(11) NOT NULL,
  PRIMARY KEY (`SAMPLE_CODE`)
) ENGINE=InnoDB DEFAULT CHARSET=utf8 COLLATE=utf8_unicode_ci;
/*!40101 SET character_set_client = @saved_cs_client */;

--
-- Dumping data for table `sample_master`
--

LOCK TABLES `sample_master` WRITE;
/*!40000 ALTER TABLE `sample_master` DISABLE KEYS */;
INSERT INTO `sample_master` VALUES ('b001','Blood',1,0);
/*!40000 ALTER TABLE `sample_master` ENABLE KEYS */;
UNLOCK TABLES;

--
-- Table structure for table `samples`
--

DROP TABLE IF EXISTS `samples`;
/*!40101 SET @saved_cs_client     = @@character_set_client */;
/*!40101 SET character_set_client = utf8 */;
CREATE TABLE `samples` (
  `SAMPLE_CODE` varchar(45) COLLATE utf8_unicode_ci NOT NULL,
  `RECORD_ID` varchar(45) COLLATE utf8_unicode_ci DEFAULT NULL,
  `DOCTOR_ID` int(11) DEFAULT NULL,
  `COLLECTED_DTM` datetime DEFAULT NULL,
  `REMARKS` varchar(512) COLLATE utf8_unicode_ci DEFAULT NULL,
  `CREATE_DTM` datetime DEFAULT NULL,
  `CREATED_BY` varchar(45) COLLATE utf8_unicode_ci DEFAULT NULL,
  `LAST_MODIFIED_DTM` datetime DEFAULT NULL,
  `MODIFIED_BY` varchar(45) COLLATE utf8_unicode_ci DEFAULT NULL,
  `VERSION` int(11) NOT NULL,
  PRIMARY KEY (`SAMPLE_CODE`),
  KEY `Samples_Record_id_FK` (`RECORD_ID`),
  KEY `Samples_Sample_Code_FK` (`SAMPLE_CODE`),
  CONSTRAINT `samples_ibfk_1` FOREIGN KEY (`SAMPLE_CODE`) REFERENCES `sample_master` (`SAMPLE_CODE`),
  CONSTRAINT `samples_ibfk_2` FOREIGN KEY (`RECORD_ID`) REFERENCES `record` (`RECORD_ID`)
) ENGINE=InnoDB DEFAULT CHARSET=utf8 COLLATE=utf8_unicode_ci;
/*!40101 SET character_set_client = @saved_cs_client */;

--
-- Dumping data for table `samples`
--

LOCK TABLES `samples` WRITE;
/*!40000 ALTER TABLE `samples` DISABLE KEYS */;
/*!40000 ALTER TABLE `samples` ENABLE KEYS */;
UNLOCK TABLES;

--
-- Table structure for table `secondary_consultation_criteria`
--

DROP TABLE IF EXISTS `secondary_consultation_criteria`;
/*!40101 SET @saved_cs_client     = @@character_set_client */;
/*!40101 SET character_set_client = utf8 */;
CREATE TABLE `secondary_consultation_criteria` (
  `SECONDARY_CONSULTATION_CRITERIA_CODE` varchar(56) COLLATE utf8_unicode_ci NOT NULL,
  `NUMBER_OF_DAYS` varchar(45) COLLATE utf8_unicode_ci DEFAULT NULL,
  `NUMBER_OF_VISITS` varchar(45) COLLATE utf8_unicode_ci DEFAULT NULL,
  `DOCTOR_ID` int(11) DEFAULT NULL,
  `ACTIVE` smallint(1) DEFAULT NULL,
  `VERSION` int(11) NOT NULL,
  PRIMARY KEY (`SECONDARY_CONSULTATION_CRITERIA_CODE`)
) ENGINE=InnoDB DEFAULT CHARSET=utf8 COLLATE=utf8_unicode_ci;
/*!40101 SET character_set_client = @saved_cs_client */;

--
-- Dumping data for table `secondary_consultation_criteria`
--

LOCK TABLES `secondary_consultation_criteria` WRITE;
/*!40000 ALTER TABLE `secondary_consultation_criteria` DISABLE KEYS */;
/*!40000 ALTER TABLE `secondary_consultation_criteria` ENABLE KEYS */;
UNLOCK TABLES;

--
-- Table structure for table `service`
--

DROP TABLE IF EXISTS `service`;
/*!40101 SET @saved_cs_client     = @@character_set_client */;
/*!40101 SET character_set_client = utf8 */;
CREATE TABLE `service` (
  `SERVICE_CODE` varchar(15) COLLATE utf8_unicode_ci NOT NULL,
  `SERVICE_NAME` varchar(45) COLLATE utf8_unicode_ci NOT NULL,
  `SERVICE_DESC` varchar(1024) COLLATE utf8_unicode_ci DEFAULT NULL,
  `SERVICE_PROCEDURE` varchar(10240) COLLATE utf8_unicode_ci DEFAULT NULL,
  `SERVICE_STATUS_CODE` varchar(25) COLLATE utf8_unicode_ci NOT NULL,
  `SERVICE_CHARGE` double NOT NULL,
  `SERVICE_GROUP_CODE` varchar(20) COLLATE utf8_unicode_ci DEFAULT NULL,
  `SERVICE_TYPE_CD` varchar(30) COLLATE utf8_unicode_ci NOT NULL,
  `DEPARTMENT_CODE` varchar(25) COLLATE utf8_unicode_ci NOT NULL,
  `CREATE_DTM` datetime DEFAULT NULL,
  `CREATED_BY` varchar(45) COLLATE utf8_unicode_ci DEFAULT NULL,
  `EFFECTIVE_FROM_DT` date NOT NULL,
  `EFFECTIVE_TO_DT` date DEFAULT NULL,
  `SUSPENDED_FROM_DT` date DEFAULT NULL,
  `SUSPENDED_TO_DT` date DEFAULT NULL,
  `DEPOSIT_AMT` double NOT NULL,
  `LAST_MODIFIED_DTM` datetime DEFAULT NULL,
  `MODIFIED_BY` varchar(45) COLLATE utf8_unicode_ci DEFAULT NULL,
  `VERSION` int(11) NOT NULL,
  PRIMARY KEY (`SERVICE_CODE`),
  KEY `SERVICE_SERVICE_STATUS_CODE` (`SERVICE_STATUS_CODE`),
  KEY `service_ibfk_2` (`DEPARTMENT_CODE`),
  KEY `SERVICE_GROUP_CODE` (`SERVICE_GROUP_CODE`),
  CONSTRAINT `service_ibfk_1` FOREIGN KEY (`SERVICE_STATUS_CODE`) REFERENCES `service_status` (`SERVICE_STATUS_CODE`),
  CONSTRAINT `service_ibfk_2` FOREIGN KEY (`DEPARTMENT_CODE`) REFERENCES `department` (`DEPARTMENT_CODE`),
  CONSTRAINT `service_ibfk_3` FOREIGN KEY (`SERVICE_GROUP_CODE`) REFERENCES `service_group` (`SERVICE_GROUP_CODE`)
) ENGINE=InnoDB DEFAULT CHARSET=utf8 COLLATE=utf8_unicode_ci ROW_FORMAT=COMPACT;
/*!40101 SET character_set_client = @saved_cs_client */;

--
-- Dumping data for table `service`
--

LOCK TABLES `service` WRITE;
/*!40000 ALTER TABLE `service` DISABLE KEYS */;
INSERT INTO `service` VALUES ('1','HIVTest','','<br><br>','ACTIVE',500,'HIV','LABORATORY','NEUROLOGY','2010-07-20 10:42:18','ajit kumar','2010-07-20',NULL,NULL,NULL,100,'2010-07-20 13:54:21','Bhavesh ',5),('APPOINTMENT','Appointment','Appointment','','ACTIVE',200,'Administrative','ADMINISTRATIVE','ADMIN',NULL,NULL,'2010-04-01',NULL,NULL,NULL,0,'2010-05-25 10:13:50','Alok Ranjan',1),('BY_PASS','By Pass','','','ACTIVE',25000,'GENERAL','SURGICAL','CARDIOLOGY','2010-08-25 18:51:23','Bhavesh ','2010-08-25',NULL,NULL,NULL,10000,'2010-10-14 11:23:00',NULL,6),('CBP','Complete Blood Picture','','','ACTIVE',1200,'GENERAL','LABORATORY','UROLOGY','2010-09-24 19:21:29','ajit kumar','2010-09-24',NULL,NULL,NULL,0,'2010-10-14 11:23:00',NULL,3),('ECG','ECG','','','ACTIVE',500,'GENERAL','LABORATORY','RADIOLOGY_IMAGING','2010-07-20 21:08:28','Bhavesh ','2010-07-20',NULL,NULL,NULL,300,'2010-10-14 11:23:00',NULL,14),('Labtest1','Eye Infection','','','ACTIVE',1000,'Viral','LABORATORY','EYE','2010-07-20 11:57:25','ajit kumar','2010-07-12',NULL,NULL,NULL,2000,'2010-09-30 10:32:37',NULL,3),('REGISTRATION','Registration','Registration',NULL,'ACTIVE',50,'Administrative','ADMINISTRATIVE','ADMIN',NULL,NULL,'2010-04-01',NULL,NULL,NULL,0,'2010-05-25 10:13:50','Alok Ranjan',1),('xray','xray','','','ACTIVE',400,'GENERAL','LABORATORY','ADMIN','2010-10-14 11:26:51','Alok Ranjan','2010-10-14',NULL,NULL,NULL,500,'2010-10-20 17:52:50','Service price update process',1);
/*!40000 ALTER TABLE `service` ENABLE KEYS */;
UNLOCK TABLES;

--
-- Table structure for table `service_group`
--

DROP TABLE IF EXISTS `service_group`;
/*!40101 SET @saved_cs_client     = @@character_set_client */;
/*!40101 SET character_set_client = utf8 */;
CREATE TABLE `service_group` (
  `SERVICE_GROUP_CODE` varchar(15) COLLATE utf8_unicode_ci NOT NULL,
  `GROUP_NAME` varchar(45) COLLATE utf8_unicode_ci DEFAULT NULL,
  `PARENT_GROUP_ID` varchar(15) COLLATE utf8_unicode_ci DEFAULT NULL,
  `CREATE_DTM` datetime DEFAULT NULL,
  `CREATED_BY` varchar(45) COLLATE utf8_unicode_ci DEFAULT NULL,
  `LAST_MODIFIED_DTM` datetime DEFAULT NULL,
  `MODIFIED_BY` varchar(45) COLLATE utf8_unicode_ci DEFAULT NULL,
  `VERSION` int(11) NOT NULL,
  PRIMARY KEY (`SERVICE_GROUP_CODE`),
  KEY `Service_Group_Parent_Group_Code_FK` (`PARENT_GROUP_ID`),
  CONSTRAINT `service_group_ibfk_1` FOREIGN KEY (`PARENT_GROUP_ID`) REFERENCES `service_group` (`SERVICE_GROUP_CODE`)
) ENGINE=InnoDB DEFAULT CHARSET=utf8 COLLATE=utf8_unicode_ci;
/*!40101 SET character_set_client = @saved_cs_client */;

--
-- Dumping data for table `service_group`
--

LOCK TABLES `service_group` WRITE;
/*!40000 ALTER TABLE `service_group` DISABLE KEYS */;
INSERT INTO `service_group` VALUES ('Abortion','Abortion','Abortion','2010-05-25 12:08:47','Alok Ranjan','2010-10-14 11:29:46',NULL,1),('Administrative','Administrative',NULL,'2010-05-25 10:13:50','Alok Ranjan',NULL,NULL,0),('Allergy','Allergy',NULL,'2010-05-25 12:16:32','Alok Ranjan',NULL,NULL,0),('Bones','Bones Related',NULL,'2010-05-25 10:14:28','Alok Ranjan',NULL,NULL,0),('GENERAL','General',NULL,NULL,NULL,NULL,NULL,0),('HIV','Human Immunodeficiency Virus - HIV','Infections','2010-05-25 10:26:24','Alok Ranjan',NULL,NULL,0),('Infections','Infections ',NULL,'2010-05-25 10:17:07','Alok Ranjan','2010-05-25 11:34:07',NULL,1),('Radiology','Radiology',NULL,'2010-05-25 10:13:15','Alok Ranjan',NULL,NULL,0),('Viral','Viral Infection','Infections','2010-05-25 10:17:32','Alok Ranjan','2010-09-30 10:32:37',NULL,1);
/*!40000 ALTER TABLE `service_group` ENABLE KEYS */;
UNLOCK TABLES;

--
-- Table structure for table `service_history`
--

DROP TABLE IF EXISTS `service_history`;
/*!40101 SET @saved_cs_client     = @@character_set_client */;
/*!40101 SET character_set_client = utf8 */;
CREATE TABLE `service_history` (
  `SERVICE_CODE` varchar(15) COLLATE utf8_unicode_ci NOT NULL,
  `NEW_STATUS_CODE` varchar(25) COLLATE utf8_unicode_ci NOT NULL,
  `CREATED_DTM` timestamp NOT NULL DEFAULT CURRENT_TIMESTAMP,
  `CREATED_BY` varchar(45) COLLATE utf8_unicode_ci DEFAULT NULL,
  `VERSION` int(11) NOT NULL,
  PRIMARY KEY (`SERVICE_CODE`,`CREATED_DTM`),
  KEY `NEW_STATUS_CODE` (`NEW_STATUS_CODE`),
  CONSTRAINT `service_history_ibfk_1` FOREIGN KEY (`SERVICE_CODE`) REFERENCES `service` (`SERVICE_CODE`),
  CONSTRAINT `service_history_ibfk_2` FOREIGN KEY (`NEW_STATUS_CODE`) REFERENCES `service_status` (`SERVICE_STATUS_CODE`)
) ENGINE=InnoDB DEFAULT CHARSET=utf8 COLLATE=utf8_unicode_ci;
/*!40101 SET character_set_client = @saved_cs_client */;

--
-- Dumping data for table `service_history`
--

LOCK TABLES `service_history` WRITE;
/*!40000 ALTER TABLE `service_history` DISABLE KEYS */;
/*!40000 ALTER TABLE `service_history` ENABLE KEYS */;
UNLOCK TABLES;

--
-- Table structure for table `service_package`
--

DROP TABLE IF EXISTS `service_package`;
/*!40101 SET @saved_cs_client     = @@character_set_client */;
/*!40101 SET character_set_client = utf8 */;
CREATE TABLE `service_package` (
  `PACKAGE_ID` varchar(25) COLLATE utf8_unicode_ci NOT NULL,
  `NAME` varchar(256) COLLATE utf8_unicode_ci NOT NULL,
  `DESCRIPTION` varchar(2048) COLLATE utf8_unicode_ci NOT NULL,
  `CREATION_DATE` date NOT NULL,
  `CREATED_BY` varchar(45) COLLATE utf8_unicode_ci DEFAULT NULL,
  `PACKAGE_CHARGE` double NOT NULL,
  `CHARGE_OVERRIDE_LEVEL` varchar(1) COLLATE utf8_unicode_ci NOT NULL DEFAULT 'P',
  `DISCOUNT_AMT_PCT` double NOT NULL,
  `DISCOUNT_TYPE` varchar(1) COLLATE utf8_unicode_ci NOT NULL DEFAULT 'A',
  `EFFECTIVE_CHARGE` double NOT NULL,
  `EFFECTIVE_FROM_DT` date NOT NULL,
  `EFFECTIVE_TO_DT` date DEFAULT NULL,
  `STATUS_CODE` varchar(25) COLLATE utf8_unicode_ci NOT NULL,
  `SUSPENDED_FROM_DT` date DEFAULT NULL,
  `SUSPENDED_TO_DT` date DEFAULT NULL,
  `SUSPEND_LEVEL_FLAG` varchar(1) COLLATE utf8_unicode_ci DEFAULT NULL,
  `MODIFIED_BY` varchar(45) COLLATE utf8_unicode_ci DEFAULT NULL,
  `MODIFICATION_DTM` datetime DEFAULT NULL,
  `VERSION` int(11) NOT NULL,
  PRIMARY KEY (`PACKAGE_ID`),
  KEY `service_package_ibfk_1` (`STATUS_CODE`),
  CONSTRAINT `service_package_ibfk_1` FOREIGN KEY (`STATUS_CODE`) REFERENCES `service_package_status` (`STATUS_CODE`)
) ENGINE=InnoDB DEFAULT CHARSET=utf8 COLLATE=utf8_unicode_ci;
/*!40101 SET character_set_client = @saved_cs_client */;

--
-- Dumping data for table `service_package`
--

LOCK TABLES `service_package` WRITE;
/*!40000 ALTER TABLE `service_package` DISABLE KEYS */;
INSERT INTO `service_package` VALUES ('Pack1','Packge1','Testing','2010-09-30','ajit kumar',1200,'P',0,'',1200,'2010-09-29','2010-10-29','ACTIVE',NULL,NULL,NULL,NULL,NULL,0),('Pack2','Package2','Testing','2010-09-30','ajit kumar',25000,'P',100,'A',24900,'2010-09-29','2010-12-04','CREATED',NULL,NULL,NULL,NULL,'2010-10-01 20:05:54',6);
/*!40000 ALTER TABLE `service_package` ENABLE KEYS */;
UNLOCK TABLES;

--
-- Table structure for table `service_package_history`
--

DROP TABLE IF EXISTS `service_package_history`;
/*!40101 SET @saved_cs_client     = @@character_set_client */;
/*!40101 SET character_set_client = utf8 */;
CREATE TABLE `service_package_history` (
  `PACKAGE_ID` varchar(25) CHARACTER SET utf8 COLLATE utf8_unicode_ci NOT NULL,
  `NEW_STATUS_CODE` varchar(25) CHARACTER SET utf8 COLLATE utf8_unicode_ci NOT NULL,
  `CREATED_DTM` timestamp NOT NULL DEFAULT CURRENT_TIMESTAMP,
  `CREATED_BY` varchar(45) CHARACTER SET utf8 COLLATE utf8_unicode_ci DEFAULT NULL,
  `VERSION` int(11) NOT NULL,
  PRIMARY KEY (`PACKAGE_ID`,`CREATED_DTM`),
  KEY `NEW_STATUS_CODE` (`NEW_STATUS_CODE`),
  CONSTRAINT `service_package_history_ibfk_1` FOREIGN KEY (`PACKAGE_ID`) REFERENCES `service_package` (`PACKAGE_ID`),
  CONSTRAINT `service_package_history_ibfk_2` FOREIGN KEY (`NEW_STATUS_CODE`) REFERENCES `service_package_status` (`STATUS_CODE`)
) ENGINE=InnoDB DEFAULT CHARSET=latin1;
/*!40101 SET character_set_client = @saved_cs_client */;

--
-- Dumping data for table `service_package_history`
--

LOCK TABLES `service_package_history` WRITE;
/*!40000 ALTER TABLE `service_package_history` DISABLE KEYS */;
/*!40000 ALTER TABLE `service_package_history` ENABLE KEYS */;
UNLOCK TABLES;

--
-- Table structure for table `service_package_status`
--

DROP TABLE IF EXISTS `service_package_status`;
/*!40101 SET @saved_cs_client     = @@character_set_client */;
/*!40101 SET character_set_client = utf8 */;
CREATE TABLE `service_package_status` (
  `STATUS_CODE` varchar(25) COLLATE utf8_unicode_ci NOT NULL,
  `DESCRIPTION` varchar(45) COLLATE utf8_unicode_ci DEFAULT NULL,
  PRIMARY KEY (`STATUS_CODE`)
) ENGINE=InnoDB DEFAULT CHARSET=utf8 COLLATE=utf8_unicode_ci;
/*!40101 SET character_set_client = @saved_cs_client */;

--
-- Dumping data for table `service_package_status`
--

LOCK TABLES `service_package_status` WRITE;
/*!40000 ALTER TABLE `service_package_status` DISABLE KEYS */;
INSERT INTO `service_package_status` VALUES ('ACTIVE','Active'),('CREATED','Created'),('EXPIRED','Expired'),('PUBLISHED','Published'),('SUSPENDED','Suspended');
/*!40000 ALTER TABLE `service_package_status` ENABLE KEYS */;
UNLOCK TABLES;

--
-- Table structure for table `service_price_detail`
--

DROP TABLE IF EXISTS `service_price_detail`;
/*!40101 SET @saved_cs_client     = @@character_set_client */;
/*!40101 SET character_set_client = utf8 */;
CREATE TABLE `service_price_detail` (
  `SERVICE_CD` varchar(15) COLLATE utf8_unicode_ci NOT NULL,
  `SERVICE_CHARGE` double NOT NULL,
  `EFFECTIVE_FROM` date NOT NULL,
  `EFFECTIVE_TO` date DEFAULT NULL,
  `PROCESSED` varchar(1) COLLATE utf8_unicode_ci NOT NULL DEFAULT 'N',
  `CREATED_DTM` timestamp NOT NULL DEFAULT CURRENT_TIMESTAMP,
  `CREATED_BY` varchar(80) COLLATE utf8_unicode_ci NOT NULL,
  `LAST_MODIFIED_DTM` timestamp NULL DEFAULT NULL,
  `MODIFIED_BY` varchar(80) COLLATE utf8_unicode_ci DEFAULT NULL,
  `VERSION` int(11) NOT NULL,
  PRIMARY KEY (`SERVICE_CD`,`EFFECTIVE_FROM`),
  CONSTRAINT `service_price_detail_ibfk_1` FOREIGN KEY (`SERVICE_CD`) REFERENCES `service` (`SERVICE_CODE`)
) ENGINE=InnoDB DEFAULT CHARSET=utf8 COLLATE=utf8_unicode_ci;
/*!40101 SET character_set_client = @saved_cs_client */;

--
-- Dumping data for table `service_price_detail`
--

LOCK TABLES `service_price_detail` WRITE;
/*!40000 ALTER TABLE `service_price_detail` DISABLE KEYS */;
INSERT INTO `service_price_detail` VALUES ('1',500,'2010-07-21',NULL,'Y','2010-07-20 05:14:57','ajit kumar',NULL,NULL,1),('1',550,'2010-10-14',NULL,'N','2010-10-14 06:10:00','Alok Ranjan',NULL,NULL,0),('APPOINTMENT',300,'2010-10-14',NULL,'N','2010-10-14 06:02:01','Alok Ranjan',NULL,NULL,0),('APPOINTMENT',220,'2011-06-14',NULL,'N','2010-10-14 06:13:14','Alok Ranjan',NULL,NULL,0),('BY_PASS',27500,'2010-10-14',NULL,'N','2010-10-14 06:09:01','Alok Ranjan',NULL,NULL,0),('ECG',550,'2011-06-14',NULL,'N','2010-10-14 06:13:14','Alok Ranjan',NULL,NULL,0),('REGISTRATION',150,'2010-10-14',NULL,'N','2010-10-14 06:03:59','Alok Ranjan',NULL,NULL,0),('REGISTRATION',150,'2010-10-20',NULL,'N','2010-10-20 13:38:38','Alok Ranjan',NULL,NULL,0),('xray',400,'2010-10-14',NULL,'Y','2010-10-14 06:04:24','Alok Ranjan',NULL,NULL,1);
/*!40000 ALTER TABLE `service_price_detail` ENABLE KEYS */;
UNLOCK TABLES;

--
-- Table structure for table `service_status`
--

DROP TABLE IF EXISTS `service_status`;
/*!40101 SET @saved_cs_client     = @@character_set_client */;
/*!40101 SET character_set_client = utf8 */;
CREATE TABLE `service_status` (
  `SERVICE_STATUS_CODE` varchar(25) COLLATE utf8_unicode_ci NOT NULL,
  `DESCRIPTION` varchar(45) COLLATE utf8_unicode_ci DEFAULT NULL,
  `ACTIVE` smallint(1) DEFAULT NULL,
  PRIMARY KEY (`SERVICE_STATUS_CODE`)
) ENGINE=InnoDB DEFAULT CHARSET=utf8 COLLATE=utf8_unicode_ci;
/*!40101 SET character_set_client = @saved_cs_client */;

--
-- Dumping data for table `service_status`
--

LOCK TABLES `service_status` WRITE;
/*!40000 ALTER TABLE `service_status` DISABLE KEYS */;
INSERT INTO `service_status` VALUES ('ACTIVE','Active',1),('CREATED','Created',1),('EXPIRED','Expired',1),('SUSPENDED','Suspended',1);
/*!40000 ALTER TABLE `service_status` ENABLE KEYS */;
UNLOCK TABLES;

--
-- Table structure for table `sponsor_claim_status`
--

DROP TABLE IF EXISTS `sponsor_claim_status`;
/*!40101 SET @saved_cs_client     = @@character_set_client */;
/*!40101 SET character_set_client = utf8 */;
CREATE TABLE `sponsor_claim_status` (
  `CLAIM_STATUS_CD` varchar(20) NOT NULL,
  `CLAIM_STATUS_DESC` varchar(256) DEFAULT NULL,
  `ACTIVE_FLAG` char(1) DEFAULT NULL,
  `VERSION` int(11) NOT NULL,
  PRIMARY KEY (`CLAIM_STATUS_CD`)
) ENGINE=InnoDB DEFAULT CHARSET=latin1;
/*!40101 SET character_set_client = @saved_cs_client */;

--
-- Dumping data for table `sponsor_claim_status`
--

LOCK TABLES `sponsor_claim_status` WRITE;
/*!40000 ALTER TABLE `sponsor_claim_status` DISABLE KEYS */;
INSERT INTO `sponsor_claim_status` VALUES ('APPROVED','Approved','Y',0),('CREATED','Created','Y',0),('MOREINFO','More Information required','Y',0),('PARTAPPROVED','Partially approved','Y',0),('REJECTED','Rejected','Y',0),('RESUBMITTED','Re-submitted','Y',0),('SUBMITTED','Submitted','Y',0);
/*!40000 ALTER TABLE `sponsor_claim_status` ENABLE KEYS */;
UNLOCK TABLES;

--
-- Table structure for table `sponsor_insurer_association`
--

DROP TABLE IF EXISTS `sponsor_insurer_association`;
/*!40101 SET @saved_cs_client     = @@character_set_client */;
/*!40101 SET character_set_client = utf8 */;
CREATE TABLE `sponsor_insurer_association` (
  `SPONSOR_NAME` varchar(80) NOT NULL,
  `INSURER_NAME` varchar(80) NOT NULL,
  `EFFECTIVE_FROM_DT` date DEFAULT NULL,
  `EFFECTIVE_TO_DT` date DEFAULT NULL,
  `CREATED_BY` varchar(35) NOT NULL,
  `CREATED_DTM` timestamp NOT NULL DEFAULT CURRENT_TIMESTAMP,
  `VERSION` int(11) NOT NULL,
  PRIMARY KEY (`SPONSOR_NAME`,`INSURER_NAME`),
  KEY `SP_INS_ASSO_SPONSOR_NAME_FK` (`SPONSOR_NAME`),
  KEY `SP_INS_ASSO_INSURER_NAME_FK` (`INSURER_NAME`),
  CONSTRAINT `sponsor_insurer_association_ibfk_1` FOREIGN KEY (`SPONSOR_NAME`) REFERENCES `claim_sponsor` (`SPONSORS_NAME`),
  CONSTRAINT `sponsor_insurer_association_ibfk_2` FOREIGN KEY (`INSURER_NAME`) REFERENCES `insurer` (`INSURER_NAME`)
) ENGINE=InnoDB DEFAULT CHARSET=latin1;
/*!40101 SET character_set_client = @saved_cs_client */;

--
-- Dumping data for table `sponsor_insurer_association`
--

LOCK TABLES `sponsor_insurer_association` WRITE;
/*!40000 ALTER TABLE `sponsor_insurer_association` DISABLE KEYS */;
INSERT INTO `sponsor_insurer_association` VALUES ('Max Life Insurance','Max Life Insurance','2010-07-20','2010-08-31','Bhavesh ','2010-10-05 11:41:40',0);
/*!40000 ALTER TABLE `sponsor_insurer_association` ENABLE KEYS */;
UNLOCK TABLES;

--
-- Table structure for table `sponsor_type`
--

DROP TABLE IF EXISTS `sponsor_type`;
/*!40101 SET @saved_cs_client     = @@character_set_client */;
/*!40101 SET character_set_client = utf8 */;
CREATE TABLE `sponsor_type` (
  `SPONSOR_TYPE_CD` varchar(30) NOT NULL,
  `SPONSOR_DESC` varchar(256) DEFAULT NULL,
  PRIMARY KEY (`SPONSOR_TYPE_CD`)
) ENGINE=InnoDB DEFAULT CHARSET=latin1;
/*!40101 SET character_set_client = @saved_cs_client */;

--
-- Dumping data for table `sponsor_type`
--

LOCK TABLES `sponsor_type` WRITE;
/*!40000 ALTER TABLE `sponsor_type` DISABLE KEYS */;
INSERT INTO `sponsor_type` VALUES ('CORPORATE','Employer'),('SELF','Self'),('TPA','Third party administrator');
/*!40000 ALTER TABLE `sponsor_type` ENABLE KEYS */;
UNLOCK TABLES;

--
-- Table structure for table `state`
--

DROP TABLE IF EXISTS `state`;
/*!40101 SET @saved_cs_client     = @@character_set_client */;
/*!40101 SET character_set_client = utf8 */;
CREATE TABLE `state` (
  `COUNTRY_CODE` varchar(10) COLLATE utf8_unicode_ci NOT NULL,
  `STATE_CODE` varchar(10) COLLATE utf8_unicode_ci NOT NULL,
  `DESCRIPTION` varchar(45) COLLATE utf8_unicode_ci DEFAULT NULL,
  `ACTIVE` smallint(1) DEFAULT NULL,
  `VERSION` int(11) NOT NULL,
  PRIMARY KEY (`STATE_CODE`,`COUNTRY_CODE`),
  KEY `COUNTRY_CODE_FK1` (`COUNTRY_CODE`)
) ENGINE=InnoDB DEFAULT CHARSET=utf8 COLLATE=utf8_unicode_ci;
/*!40101 SET character_set_client = @saved_cs_client */;

--
-- Dumping data for table `state`
--

LOCK TABLES `state` WRITE;
/*!40000 ALTER TABLE `state` DISABLE KEYS */;
INSERT INTO `state` VALUES ('208','1000000','Andaman and Nicobar Islands',1,0),('208','1000001','Andhra Pradesh',1,0),('208','1000002','Arunachal Pradesh',1,0),('208','1000003','Assam',1,0),('208','1000004','Bihar',1,0),('208','1000005','Chandigarh',1,0),('208','1000006','Chhattisgarh ',1,0),('208','1000007','Daman and Diu',1,0),('208','1000008','Delhi',1,0),('208','1000009','Dadra and Nagar Haveli',1,0),('208','1000010','Goa',1,0),('208','1000011','Gujarat',1,0),('208','1000012','Himachal Pradesh',1,0),('208','1000013','Haryana',1,0),('208','1000014','Jharkhand',1,0),('208','1000015','Jammu and Kashmir',1,0),('208','1000016','Karnataka',1,0),('208','1000017','Kerala',1,0),('208','1000018','Lakshadweep',1,0),('208','1000019','Maharashtra',1,0),('208','1000020','Meghalaya',1,0),('208','1000021','Manipur',1,0),('208','1000022','Madhya Pradesh',1,0),('208','1000023','Mizoram',1,0),('208','1000024','Nagaland',1,0),('208','1000025','Orissa',1,0),('208','1000026','Punjab',1,0),('208','1000027','Puducherry',1,0),('208','1000028','Rajasthan',1,0),('208','1000029','Sikkim',1,0),('208','1000030','Tamil Nadu',1,0),('208','1000031','Tripura',1,0),('208','1000032','Uttarakhand',1,0),('208','1000033','Uttar Pradesh',1,0),('208','1000034','West Bengal',1,0),('238','1000035','Johor',1,0),('238','1000036','Kedah',1,0),('238','1000037','Kelantan',1,0),('238','1000038','Malacca',1,0),('238','1000039','Negeri Sembilan',1,0),('238','1000040','Pahang',1,0),('238','1000041','Penang',1,0),('238','1000042','Perak',1,0),('238','1000043','Perlis',1,0),('238','1000044','Selangor',1,0),('238','1000045','Terengganu',1,0),('238','1000046','Sabah',1,0),('238','1000047','Sarawak',1,0),('238','1000048','Kuala Lumpur',1,0),('238','1000049','Labuan',1,0),('238','1000050','Putrajaya',1,0),('100','102','Connecticut',1,0),('100','103','California',1,0),('100','104','Massachusetts',1,0),('100','105','Maine',1,0),('100','106','New Hampshire',1,0),('100','107','Rhode Island',1,0),('100','108','New York',1,0),('100','109','New Jersey',1,0),('100','110','Pennsylvania',1,0),('100','111','Virginia',1,0),('100','112','West Virginia',1,0),('100','113','Florida',1,0),('100','114','Alabama',1,0),('100','115','Delaware',1,0),('100','116','Washington',1,0),('100','118','Alaska',1,0),('100','119','Tennessee',1,0),('100','120','Georgia',1,0),('100','121','North Dakota',1,0),('100','122','South Dakota',1,0),('100','123','Minnesota',1,0),('100','124','Iowa',1,0),('100','125','Indiana',1,0),('100','126','Ohio',1,0),('100','127','Illinois',1,0),('100','128','South Carolina',1,0),('100','129','North Carolina',1,0),('100','130','Kentucky',1,0),('100','131','Louisiana',1,0),('100','132','Texas',1,0),('100','133','Oklahoma',1,0),('100','135','Mississippi',1,0),('100','136','Montana',1,0),('100','137','Missouri',1,0),('100','138','Kansas',1,0),('100','139','Nebraska',1,0),('100','140','Wyoming',1,0),('100','141','New Mexico',1,0),('100','142','Oregon',1,0),('100','144','Arkansas',1,0),('100','145','Arizona',1,0),('100','146','Utah',1,0),('100','147','Idaho',1,0),('100','148','Nevada',1,0),('100','149','Colorado',1,0),('100','150','Hawaii',1,0),('100','152','Michigan',1,0),('100','153','Wisconsin',1,0),('100','154','Maryland',1,0),('100','155','Vermont',1,0);
/*!40000 ALTER TABLE `state` ENABLE KEYS */;
UNLOCK TABLES;

--
-- Table structure for table `status`
--

DROP TABLE IF EXISTS `status`;
/*!40101 SET @saved_cs_client     = @@character_set_client */;
/*!40101 SET character_set_client = utf8 */;
CREATE TABLE `status` (
  `STATUS_CODE` int(11) NOT NULL,
  `STATUS_DESC` varchar(25) CHARACTER SET latin1 NOT NULL
) ENGINE=InnoDB DEFAULT CHARSET=utf8 COLLATE=utf8_unicode_ci ROW_FORMAT=DYNAMIC;
/*!40101 SET character_set_client = @saved_cs_client */;

--
-- Dumping data for table `status`
--

LOCK TABLES `status` WRITE;
/*!40000 ALTER TABLE `status` DISABLE KEYS */;
INSERT INTO `status` VALUES (1,'Active'),(0,'In-active');
/*!40000 ALTER TABLE `status` ENABLE KEYS */;
UNLOCK TABLES;

--
-- Table structure for table `status_transition`
--

DROP TABLE IF EXISTS `status_transition`;
/*!40101 SET @saved_cs_client     = @@character_set_client */;
/*!40101 SET character_set_client = utf8 */;
CREATE TABLE `status_transition` (
  `ID` int(11) NOT NULL AUTO_INCREMENT,
  `CONTEXT` varchar(128) NOT NULL,
  `INPUT_1` varchar(128) DEFAULT NULL,
  `INPUT_2` varchar(128) DEFAULT NULL,
  `FROM_STATUS` varchar(256) NOT NULL,
  `TO_STATUS` varchar(256) NOT NULL DEFAULT '',
  `CREATED_BY` varchar(80) NOT NULL,
  `CREATED_DTM` timestamp NOT NULL DEFAULT CURRENT_TIMESTAMP,
  PRIMARY KEY (`ID`),
  UNIQUE KEY `CONTEXT` (`CONTEXT`,`INPUT_1`,`INPUT_2`,`FROM_STATUS`,`TO_STATUS`)
) ENGINE=InnoDB AUTO_INCREMENT=26 DEFAULT CHARSET=latin1;
/*!40101 SET character_set_client = @saved_cs_client */;

--
-- Dumping data for table `status_transition`
--

LOCK TABLES `status_transition` WRITE;
/*!40000 ALTER TABLE `status_transition` DISABLE KEYS */;
INSERT INTO `status_transition` VALUES (1,'PATIENT_TEST_DETAIL',NULL,NULL,'APPROVED','SHARED','Bhavesh','2010-05-05 16:35:45'),(2,'PATIENT_TEST_DETAIL',NULL,NULL,'CREATED','SPECIMEN_COLLECTED','Bhavesh','2010-05-05 16:35:45'),(3,'PATIENT_TEST_DETAIL',NULL,NULL,'CREATED','TEST_PERFORMED','Bhavesh','2010-05-05 16:35:45'),(4,'PATIENT_TEST_DETAIL',NULL,NULL,'DISAPPROVED','SPECIMEN_COLLECTED','Bhavesh','2010-05-05 16:35:45'),(5,'PATIENT_TEST_DETAIL',NULL,NULL,'DISAPPROVED','TEST_PERFORMED','Bhavesh','2010-05-05 16:35:45'),(6,'PATIENT_TEST_DETAIL',NULL,NULL,'RESULT_ENTERED','APPROVED','Bhavesh','2010-05-05 16:35:45'),(7,'PATIENT_TEST_DETAIL',NULL,NULL,'RESULT_ENTERED','DISAPPROVED','Bhavesh','2010-05-05 16:35:45'),(8,'PATIENT_TEST_DETAIL',NULL,NULL,'RESULT_SHARED','RESULT_COLLECTED','Bhavesh','2010-05-05 16:35:45'),(9,'PATIENT_TEST_DETAIL',NULL,NULL,'SPECIMEN_COLLECTED','TEST_PERFORMED','Bhavesh','2010-05-05 16:35:45'),(10,'PATIENT_TEST_DETAIL',NULL,NULL,'TEST_PERFORMED','RESULT_ENTERED','Bhavesh','2010-05-05 16:35:45'),(11,'OT_BOOKING',NULL,NULL,'CREATED','CANCELED','Bhavesh','2010-08-26 08:57:28'),(13,'OT_BOOKING',NULL,NULL,'CREATED','ADMITTED','Bhavesh','2010-08-26 08:57:28'),(14,'OT_BOOKING',NULL,NULL,'RESCHEDULED','ADMITTED','Bhavesh','2010-08-26 08:57:28'),(15,'SURGERY_STATUS',NULL,'','CREATED','CHECKED_ID','','2010-08-26 08:57:28'),(16,'SURGERY_STATUS',NULL,NULL,'ANESTHESIA_GIVEN','ANESTHESIA_GIVEN','Bhavesh','2010-08-31 11:45:56'),(17,'SURGERY_STATUS',NULL,NULL,'CHECKED_ID','MOVED_TO_ANASTHETIC_ROOM','Bhavesh','2010-08-31 11:45:56'),(18,'SURGERY_STATUS',NULL,NULL,'MOVED_TO_ANASTHETIC_ROOM','ANESTHESIA_GIVEN','Bhavesh','2010-08-31 11:45:56'),(19,'SURGERY_STATUS',NULL,NULL,'MOVED_TO_REC_AREA','MOVED_TO_REC_AREA','Bhavesh','2010-08-31 11:45:56'),(20,'SURGERY_STATUS',NULL,NULL,'MOVED_TO_WARD','MOVED_TO_WARD','Bhavesh','2010-08-31 11:45:56'),(21,'SURGERY_STATUS',NULL,NULL,'PATIENT_IN_POST_OP','PATIENT_IN_POST_OP','Bhavesh','2010-08-31 11:45:56'),(22,'SURGERY_STATUS',NULL,NULL,'ANESTHESIA_GIVEN','SURGERY_STARTED','Bhavesh','2010-08-31 11:45:56'),(23,'SURGERY_STATUS',NULL,NULL,'SURGERY_STARTED','SURGERY_COMPLETED','Bhavesh','2010-08-31 11:45:56'),(24,'SURGERY_STATUS',NULL,NULL,'SURGERY_COMPLETED','MOVED_TO_REC_AREA','Bhavesh','2010-08-31 11:45:56'),(25,'SURGERY_STATUS',NULL,NULL,'SURGERY_COMPLETED','MOVED_TO_WARD','Bhavesh','2010-08-31 11:45:56');
/*!40000 ALTER TABLE `status_transition` ENABLE KEYS */;
UNLOCK TABLES;

--
-- Table structure for table `system_parameter`
--

DROP TABLE IF EXISTS `system_parameter`;
/*!40101 SET @saved_cs_client     = @@character_set_client */;
/*!40101 SET character_set_client = utf8 */;
CREATE TABLE `system_parameter` (
  `ATTR_NAME` varchar(128) COLLATE utf8_unicode_ci NOT NULL,
  `ATTR_LABEL` varchar(100) COLLATE utf8_unicode_ci NOT NULL,
  `ATTR_VALUE` varchar(512) COLLATE utf8_unicode_ci NOT NULL,
  `DATA_TYPE` varchar(30) COLLATE utf8_unicode_ci NOT NULL,
  `ATTR_WIDTH` varchar(25) COLLATE utf8_unicode_ci DEFAULT NULL,
  `DATA_PROVIDER` varchar(300) COLLATE utf8_unicode_ci DEFAULT NULL,
  `ATTR_DESC` varchar(512) COLLATE utf8_unicode_ci DEFAULT NULL,
  PRIMARY KEY (`ATTR_NAME`)
) ENGINE=InnoDB DEFAULT CHARSET=utf8 COLLATE=utf8_unicode_ci;
/*!40101 SET character_set_client = @saved_cs_client */;

--
-- Dumping data for table `system_parameter`
--

LOCK TABLES `system_parameter` WRITE;
/*!40000 ALTER TABLE `system_parameter` DISABLE KEYS */;
INSERT INTO `system_parameter` VALUES ('CURRENCY_INDICATOR','Currency indicator','Rs','string','40',NULL,'It indicates currency indicator'),('DATE_EMPTY_TEXT','Empty text for date fields','DD/MM/YYYY','string','40',NULL,'Text should be shown when a date field is empty'),('FOLLOWUP_CHARGE','Followup Charge','0.0','number',NULL,NULL,'Hospotal level followup charges'),('FOLLOWUP_DAY','Followup Days','0','number',NULL,NULL,'Hospotal level followup days'),('FOLLOWUP_VISIT','Followup Visits','0','number',NULL,NULL,'Hospotal level followup visits'),('IS_INTEGRATED_IPD','Integrate IPD','Y','MVL','40','in.wtc.hcis.bo.common.DataModelManager.getActiveStatus','To enable/disable for IPD functionality in OPD'),('IS_INTEGRATED_LIMS','Integrate LIMS','Y','MVL','40','in.wtc.hcis.bo.common.DataModelManager.getActiveStatus','Flag to indecate whether LIMS is integrated or not, based on this flag certain decision  needs to be taken i.e. flow of controll for service manager'),('IS_INTEGRATED_OT','Integrate Operation theatre','Y','MVL','40','in.wtc.hcis.bo.common.DataModelManager.getActiveStatus','Flag to indecate whether OT is integrated or not'),('IS_ROSTER_REQUIRED','Roster required','Y','MVL','40','in.wtc.hcis.bo.common.DataModelManager.getActiveStatus','To enable/disable roster functionality'),('ORDER_APPROVE_AT_CREATION','Approve order directly','N','MVL','40','in.wtc.hcis.bo.common.DataModelManager.getActiveStatus','Approving order directly or through process ');
/*!40000 ALTER TABLE `system_parameter` ENABLE KEYS */;
UNLOCK TABLES;

--
-- Table structure for table `treatment_reason`
--

DROP TABLE IF EXISTS `treatment_reason`;
/*!40101 SET @saved_cs_client     = @@character_set_client */;
/*!40101 SET character_set_client = utf8 */;
CREATE TABLE `treatment_reason` (
  `REASON_CODE` varchar(25) COLLATE utf8_unicode_ci NOT NULL,
  `DESCRIPTION` varchar(45) COLLATE utf8_unicode_ci DEFAULT NULL,
  `ACTIVE` smallint(1) DEFAULT NULL,
  PRIMARY KEY (`REASON_CODE`)
) ENGINE=InnoDB DEFAULT CHARSET=utf8 COLLATE=utf8_unicode_ci;
/*!40101 SET character_set_client = @saved_cs_client */;

--
-- Dumping data for table `treatment_reason`
--

LOCK TABLES `treatment_reason` WRITE;
/*!40000 ALTER TABLE `treatment_reason` DISABLE KEYS */;
INSERT INTO `treatment_reason` VALUES ('h001','Hairline fracture',1),('h002','Blockage in heart',1),('loo1','Ligament tear',1),('s001','Pain In abdomen',1);
/*!40000 ALTER TABLE `treatment_reason` ENABLE KEYS */;
UNLOCK TABLES;

--
-- Table structure for table `um_app_user`
--

DROP TABLE IF EXISTS `um_app_user`;
/*!40101 SET @saved_cs_client     = @@character_set_client */;
/*!40101 SET character_set_client = utf8 */;
CREATE TABLE `um_app_user` (
  `APP_USER_ID` varchar(20) COLLATE utf8_unicode_ci NOT NULL,
  `ROLE_LEVEL_IND` char(1) COLLATE utf8_unicode_ci NOT NULL,
  `MEMBER_OF` int(25) DEFAULT NULL,
  `FIRST_NAME` varchar(45) COLLATE utf8_unicode_ci DEFAULT NULL,
  `LAST_NAME` varchar(45) COLLATE utf8_unicode_ci DEFAULT NULL,
  `MIDDLE_NAME` varchar(45) COLLATE utf8_unicode_ci DEFAULT NULL,
  `USER_EFF_FROM_DATE` date DEFAULT NULL,
  `USER_EFF_TO_DATE` date DEFAULT NULL,
  `CONTACT_DETAIL_ID` int(25) DEFAULT NULL,
  PRIMARY KEY (`APP_USER_ID`),
  KEY `CONTACT_DETAIL_ID` (`CONTACT_DETAIL_ID`),
  CONSTRAINT `app_user_ibfk_1` FOREIGN KEY (`CONTACT_DETAIL_ID`) REFERENCES `um_contact_detail` (`CONTACT_DETAIL_ID`)
) ENGINE=InnoDB DEFAULT CHARSET=utf8 COLLATE=utf8_unicode_ci;
/*!40101 SET character_set_client = @saved_cs_client */;

--
-- Dumping data for table `um_app_user`
--

LOCK TABLES `um_app_user` WRITE;
/*!40000 ALTER TABLE `um_app_user` DISABLE KEYS */;
INSERT INTO `um_app_user` VALUES ('ajit','A',NULL,'ajit','kumar',NULL,'2009-08-10',NULL,5),('alok','A',NULL,'Alok','Ranjan',NULL,'2010-05-20',NULL,9),('bhavesh','A',NULL,'Bhavesh','',NULL,'2010-03-07',NULL,8),('manish','A',NULL,'Manish','Indoriya',NULL,'2010-08-03',NULL,10),('manishkumar','A',NULL,'Manish','',NULL,'2010-08-03',NULL,12),('sandeep','A',NULL,'Sandeep','Kumar',NULL,'2010-03-07',NULL,6),('vinay','A',NULL,'vinay','kurudi','','2010-03-07',NULL,7);
/*!40000 ALTER TABLE `um_app_user` ENABLE KEYS */;
UNLOCK TABLES;

--
-- Table structure for table `um_contact_detail`
--

DROP TABLE IF EXISTS `um_contact_detail`;
/*!40101 SET @saved_cs_client     = @@character_set_client */;
/*!40101 SET character_set_client = utf8 */;
CREATE TABLE `um_contact_detail` (
  `CONTACT_DETAIL_ID` int(25) NOT NULL AUTO_INCREMENT,
  `CONTACT_PERSON_NAME` varchar(128) COLLATE utf8_unicode_ci DEFAULT NULL,
  `PHONE_NUMBER` varchar(20) COLLATE utf8_unicode_ci DEFAULT NULL,
  `FAX_NUMBER` varchar(20) COLLATE utf8_unicode_ci DEFAULT NULL,
  `EMAIL_ADDRESS` varchar(128) COLLATE utf8_unicode_ci DEFAULT NULL,
  `CORRESPONDENCE_ADDRESS` varchar(256) COLLATE utf8_unicode_ci DEFAULT NULL,
  `ZIP_CODE` int(25) DEFAULT NULL,
  `STATE_CODE` varchar(10) COLLATE utf8_unicode_ci DEFAULT NULL,
  `COUNTRY_CODE` varchar(10) COLLATE utf8_unicode_ci DEFAULT NULL,
  `CITY` varchar(45) COLLATE utf8_unicode_ci DEFAULT NULL,
  PRIMARY KEY (`CONTACT_DETAIL_ID`),
  KEY `COUNTRY_CODE` (`COUNTRY_CODE`),
  KEY `country_state_code` (`COUNTRY_CODE`,`STATE_CODE`)
) ENGINE=InnoDB AUTO_INCREMENT=13 DEFAULT CHARSET=utf8 COLLATE=utf8_unicode_ci;
/*!40101 SET character_set_client = @saved_cs_client */;

--
-- Dumping data for table `um_contact_detail`
--

LOCK TABLES `um_contact_detail` WRITE;
/*!40000 ALTER TABLE `um_contact_detail` DISABLE KEYS */;
INSERT INTO `um_contact_detail` VALUES (5,'ajit,kumar','99877665544',NULL,'ajit@gmail.com','1-11-212radha krishna nagar',500027,'1000002','208',NULL),(6,'Sandeep,Kumar','',NULL,'',',',NULL,'1000042','238',''),(7,'vinay,kurudi','',NULL,'',',',NULL,'CA','100',''),(8,'Bhavesh,','',NULL,'',',',NULL,'1000006','208',''),(9,'Alok,Ranjan','9848473539',NULL,'alok.ranjan@walkingtree.in',',',500072,'1000001','208','Hyderabad'),(10,'Manish,Indoriya','',NULL,'',',',NULL,NULL,NULL,''),(12,'Manish,','',NULL,'',',',NULL,NULL,NULL,'');
/*!40000 ALTER TABLE `um_contact_detail` ENABLE KEYS */;
UNLOCK TABLES;

--
-- Table structure for table `um_country`
--

DROP TABLE IF EXISTS `um_country`;
/*!40101 SET @saved_cs_client     = @@character_set_client */;
/*!40101 SET character_set_client = utf8 */;
CREATE TABLE `um_country` (
  `COUNTRY_CODE` varchar(10) COLLATE utf8_unicode_ci NOT NULL,
  `DESCRIPTION` varchar(45) COLLATE utf8_unicode_ci DEFAULT NULL,
  `ACTIVE` tinyint(1) DEFAULT NULL,
  PRIMARY KEY (`COUNTRY_CODE`)
) ENGINE=InnoDB DEFAULT CHARSET=utf8 COLLATE=utf8_unicode_ci;
/*!40101 SET character_set_client = @saved_cs_client */;

--
-- Dumping data for table `um_country`
--

LOCK TABLES `um_country` WRITE;
/*!40000 ALTER TABLE `um_country` DISABLE KEYS */;
INSERT INTO `um_country` VALUES ('100','United States',1),('208','India',1),('238','Malaysia',1);
/*!40000 ALTER TABLE `um_country` ENABLE KEYS */;
UNLOCK TABLES;

--
-- Table structure for table `um_role`
--

DROP TABLE IF EXISTS `um_role`;
/*!40101 SET @saved_cs_client     = @@character_set_client */;
/*!40101 SET character_set_client = utf8 */;
CREATE TABLE `um_role` (
  `ROLE_ID` varchar(20) COLLATE utf8_unicode_ci NOT NULL,
  `ROLE_NAME` varchar(45) COLLATE utf8_unicode_ci DEFAULT NULL,
  `ROLE_DESC` varchar(128) COLLATE utf8_unicode_ci DEFAULT NULL,
  `ROLE_LEVEL_IND_ID` char(1) COLLATE utf8_unicode_ci NOT NULL,
  `INTERNAL_OR_EXTERNAL` char(1) COLLATE utf8_unicode_ci NOT NULL,
  `EFF_FROM_DATE` date NOT NULL,
  `EFF_TO_DATE` date DEFAULT NULL,
  PRIMARY KEY (`ROLE_ID`)
) ENGINE=InnoDB DEFAULT CHARSET=utf8 COLLATE=utf8_unicode_ci;
/*!40101 SET character_set_client = @saved_cs_client */;

--
-- Dumping data for table `um_role`
--

LOCK TABLES `um_role` WRITE;
/*!40000 ALTER TABLE `um_role` DISABLE KEYS */;
INSERT INTO `um_role` VALUES ('Admis','Admis','','A','N','2010-10-06',NULL),('OPD','OPD','','A','N','2010-08-03',NULL),('ROLE_ADMIN','Administrator','Administrator','A','Y','2009-08-06',NULL);
/*!40000 ALTER TABLE `um_role` ENABLE KEYS */;
UNLOCK TABLES;

--
-- Table structure for table `um_role_has_service`
--

DROP TABLE IF EXISTS `um_role_has_service`;
/*!40101 SET @saved_cs_client     = @@character_set_client */;
/*!40101 SET character_set_client = utf8 */;
CREATE TABLE `um_role_has_service` (
  `ROLE_ID` varchar(20) COLLATE utf8_unicode_ci NOT NULL,
  `SERVICE_ID` int(25) NOT NULL,
  `CREATE_DTM` timestamp NOT NULL DEFAULT CURRENT_TIMESTAMP ON UPDATE CURRENT_TIMESTAMP,
  PRIMARY KEY (`ROLE_ID`,`SERVICE_ID`),
  KEY `ROLE_HAS_SERVICE_FK2` (`SERVICE_ID`),
  CONSTRAINT `role_has_service_ibfk_2` FOREIGN KEY (`SERVICE_ID`) REFERENCES `um_service` (`SERVICE_ID`),
  CONSTRAINT `um_role_has_service_ibfk_1` FOREIGN KEY (`ROLE_ID`) REFERENCES `um_role` (`ROLE_ID`)
) ENGINE=InnoDB DEFAULT CHARSET=utf8 COLLATE=utf8_unicode_ci;
/*!40101 SET character_set_client = @saved_cs_client */;

--
-- Dumping data for table `um_role_has_service`
--

LOCK TABLES `um_role_has_service` WRITE;
/*!40000 ALTER TABLE `um_role_has_service` DISABLE KEYS */;
INSERT INTO `um_role_has_service` VALUES ('Admis',1,'2010-10-05 09:58:42'),('Admis',2,'2010-10-05 09:58:42'),('Admis',3,'2010-10-05 09:58:42'),('Admis',4,'2010-10-05 09:58:42'),('Admis',5,'2010-10-05 09:58:42'),('Admis',6,'2010-10-05 09:58:42'),('Admis',7,'2010-10-05 09:58:42'),('Admis',8,'2010-10-05 09:58:42'),('Admis',9,'2010-10-05 09:58:42'),('Admis',36,'2010-10-05 09:58:42'),('Admis',60,'2010-10-05 09:58:42'),('Admis',100,'2010-10-05 09:58:42'),('Admis',107,'2010-10-05 09:58:42'),('Admis',108,'2010-10-05 09:58:42'),('Admis',109,'2010-10-05 09:58:42'),('Admis',110,'2010-10-05 09:58:42'),('Admis',111,'2010-10-05 09:58:42'),('Admis',113,'2010-10-05 09:58:42'),('Admis',124,'2010-10-05 09:58:42'),('Admis',129,'2010-10-05 09:58:42'),('Admis',133,'2010-10-05 09:58:42'),('Admis',134,'2010-10-05 09:58:42'),('Admis',200,'2010-10-05 09:58:42'),('Admis',201,'2010-10-05 09:58:42'),('Admis',202,'2010-10-05 09:58:42'),('Admis',203,'2010-10-05 09:58:42'),('Admis',204,'2010-10-05 09:58:42'),('Admis',205,'2010-10-05 09:58:42'),('Admis',206,'2010-10-05 09:58:42'),('Admis',207,'2010-10-05 09:58:42'),('Admis',208,'2010-10-05 09:58:42'),('Admis',209,'2010-10-05 09:58:42'),('Admis',210,'2010-10-05 09:58:42'),('Admis',213,'2010-10-05 09:58:42'),('Admis',242,'2010-10-05 09:58:42'),('Admis',311,'2010-10-05 09:58:42'),('Admis',312,'2010-10-05 09:58:42'),('Admis',313,'2010-10-05 09:58:42'),('Admis',314,'2010-10-05 09:58:42'),('Admis',321,'2010-10-05 09:58:42'),('Admis',331,'2010-10-05 09:58:42'),('Admis',341,'2010-10-05 09:58:42'),('Admis',342,'2010-10-05 09:58:42'),('Admis',343,'2010-10-05 09:58:42'),('Admis',344,'2010-10-05 09:58:42'),('Admis',345,'2010-10-05 09:58:42'),('Admis',346,'2010-10-05 09:58:42'),('Admis',347,'2010-10-05 09:58:42'),('Admis',348,'2010-10-05 09:58:42'),('Admis',349,'2010-10-05 09:58:42'),('Admis',350,'2010-10-05 09:58:42'),('Admis',351,'2010-10-05 09:58:42'),('Admis',352,'2010-10-05 09:58:42'),('Admis',353,'2010-10-05 09:58:42'),('Admis',400,'2010-10-05 09:58:42'),('Admis',401,'2010-10-05 09:58:42'),('Admis',402,'2010-10-05 09:58:42'),('Admis',410,'2010-10-05 09:58:42'),('Admis',411,'2010-10-05 09:58:42'),('Admis',412,'2010-10-05 09:58:42'),('Admis',413,'2010-10-05 09:58:42'),('Admis',421,'2010-10-05 09:58:42'),('Admis',430,'2010-10-05 09:58:42'),('Admis',431,'2010-10-05 09:58:42'),('Admis',432,'2010-10-05 09:58:42'),('Admis',500,'2010-10-05 09:58:42'),('Admis',501,'2010-10-05 09:58:42'),('Admis',502,'2010-10-05 09:58:42'),('Admis',503,'2010-10-05 09:58:42'),('Admis',504,'2010-10-05 09:58:42'),('OPD',1,'2010-10-29 04:56:42'),('OPD',2,'2010-10-29 04:56:43'),('OPD',3,'2010-01-29 04:56:42'),('OPD',4,'2010-10-29 04:56:42'),('OPD',5,'2010-10-29 04:56:42'),('OPD',6,'2010-10-29 04:56:42'),('OPD',8,'2010-10-29 04:56:43'),('OPD',9,'2010-10-29 04:56:42'),('OPD',10,'2010-10-29 04:56:43'),('OPD',11,'2010-10-29 04:56:43'),('OPD',12,'2010-10-29 04:56:43'),('OPD',13,'2010-10-29 04:56:43'),('OPD',14,'2010-10-29 04:56:43'),('OPD',15,'2010-10-29 04:56:43'),('OPD',20,'2010-10-29 04:56:43'),('OPD',21,'2010-10-29 04:56:43'),('OPD',22,'2010-10-29 04:56:43'),('OPD',23,'2010-10-29 04:56:43'),('OPD',24,'2010-10-29 04:56:43'),('OPD',25,'2010-10-29 14:08:24'),('OPD',26,'2010-10-29 04:56:43'),('OPD',27,'2010-10-29 04:56:43'),('OPD',28,'2010-10-29 04:56:43'),('OPD',29,'2010-10-29 04:56:43'),('OPD',37,'2010-10-29 04:56:43'),('OPD',38,'2010-10-29 04:56:43'),('OPD',50,'2010-10-29 04:56:43'),('OPD',203,'2010-10-29 04:56:43'),('OPD',205,'2010-10-29 15:01:13'),('OPD',207,'2010-10-29 04:56:43'),('OPD',208,'2010-10-29 04:56:43'),('OPD',321,'2010-10-29 04:56:43'),('ROLE_ADMIN',1,'2010-01-10 04:56:42'),('ROLE_ADMIN',2,'2010-01-10 04:56:42'),('ROLE_ADMIN',3,'2010-01-10 04:56:42'),('ROLE_ADMIN',4,'2010-01-10 04:56:42'),('ROLE_ADMIN',5,'2010-01-10 04:56:43'),('ROLE_ADMIN',6,'2010-01-10 04:56:43'),('ROLE_ADMIN',7,'2010-01-10 04:56:43'),('ROLE_ADMIN',8,'2010-01-29 15:01:13'),('ROLE_ADMIN',9,'2010-01-10 04:56:43'),('ROLE_ADMIN',10,'2010-01-10 04:56:43'),('ROLE_ADMIN',11,'2010-01-10 04:56:43'),('ROLE_ADMIN',12,'2010-01-10 04:56:43'),('ROLE_ADMIN',13,'2010-01-10 04:56:43'),('ROLE_ADMIN',14,'2010-01-10 04:56:43'),('ROLE_ADMIN',15,'2010-01-10 04:56:43'),('ROLE_ADMIN',17,'2010-01-10 04:56:43'),('ROLE_ADMIN',18,'2010-01-10 04:56:43'),('ROLE_ADMIN',19,'2010-01-10 04:56:43'),('ROLE_ADMIN',20,'2010-01-10 04:56:43'),('ROLE_ADMIN',21,'2010-01-10 04:56:43'),('ROLE_ADMIN',22,'2010-04-05 14:08:24'),('ROLE_ADMIN',23,'2010-01-10 04:56:43'),('ROLE_ADMIN',24,'2010-01-10 04:56:43'),('ROLE_ADMIN',25,'2010-01-10 04:56:43'),('ROLE_ADMIN',26,'2010-01-10 04:56:43'),('ROLE_ADMIN',27,'2010-01-10 04:56:43'),('ROLE_ADMIN',28,'2010-01-10 04:56:43'),('ROLE_ADMIN',29,'2010-01-10 04:56:43'),('ROLE_ADMIN',30,'2010-01-10 04:56:43'),('ROLE_ADMIN',31,'2010-01-10 04:56:43'),('ROLE_ADMIN',32,'2010-01-10 04:56:43'),('ROLE_ADMIN',33,'2010-01-10 04:56:43'),('ROLE_ADMIN',35,'2010-01-26 14:30:35'),('ROLE_ADMIN',36,'2010-01-27 17:32:20'),('ROLE_ADMIN',37,'2010-07-21 06:19:30'),('ROLE_ADMIN',38,'2010-07-22 02:38:46'),('ROLE_ADMIN',50,'2010-04-08 19:46:48'),('ROLE_ADMIN',60,'2010-08-13 06:59:10'),('ROLE_ADMIN',61,'2010-08-05 07:33:18'),('ROLE_ADMIN',62,'2010-08-13 06:59:10'),('ROLE_ADMIN',100,'2010-02-03 14:52:42'),('ROLE_ADMIN',101,'2010-01-11 23:01:58'),('ROLE_ADMIN',102,'2010-01-11 23:01:58'),('ROLE_ADMIN',103,'2010-01-11 23:03:29'),('ROLE_ADMIN',104,'2010-01-11 23:03:29'),('ROLE_ADMIN',105,'2010-01-11 23:04:14'),('ROLE_ADMIN',106,'2010-01-11 23:05:48'),('ROLE_ADMIN',107,'2010-02-03 15:11:10'),('ROLE_ADMIN',108,'2010-02-03 14:44:45'),('ROLE_ADMIN',109,'2010-02-03 14:44:45'),('ROLE_ADMIN',110,'2010-02-05 18:43:11'),('ROLE_ADMIN',111,'2010-02-03 14:44:45'),('ROLE_ADMIN',112,'2010-02-03 14:44:45'),('ROLE_ADMIN',113,'2010-02-03 15:10:55'),('ROLE_ADMIN',121,'2010-01-10 17:01:07'),('ROLE_ADMIN',122,'2010-02-19 14:27:27'),('ROLE_ADMIN',123,'2010-01-10 17:53:53'),('ROLE_ADMIN',124,'2010-02-03 14:45:33'),('ROLE_ADMIN',125,'2010-02-03 14:45:33'),('ROLE_ADMIN',126,'2010-01-11 14:03:16'),('ROLE_ADMIN',127,'2010-02-19 13:40:05'),('ROLE_ADMIN',128,'2010-02-19 14:27:27'),('ROLE_ADMIN',129,'2010-02-03 14:45:52'),('ROLE_ADMIN',131,'2010-02-03 14:45:52'),('ROLE_ADMIN',132,'2010-02-03 14:46:19'),('ROLE_ADMIN',133,'2010-02-05 18:44:03'),('ROLE_ADMIN',134,'2010-02-03 14:46:19'),('ROLE_ADMIN',200,'2010-01-10 04:56:43'),('ROLE_ADMIN',201,'2010-01-10 04:56:43'),('ROLE_ADMIN',202,'2010-01-10 04:56:43'),('ROLE_ADMIN',203,'2010-01-10 04:56:43'),('ROLE_ADMIN',204,'2010-01-10 04:56:43'),('ROLE_ADMIN',205,'2010-01-10 04:56:43'),('ROLE_ADMIN',206,'2010-01-10 04:56:43'),('ROLE_ADMIN',207,'2010-01-10 04:56:43'),('ROLE_ADMIN',208,'2010-01-10 04:56:43'),('ROLE_ADMIN',209,'2010-01-10 04:56:43'),('ROLE_ADMIN',210,'2010-01-10 04:56:43'),('ROLE_ADMIN',213,'2010-02-17 06:21:04'),('ROLE_ADMIN',242,'2010-01-10 04:56:43'),('ROLE_ADMIN',300,'2010-02-19 14:25:58'),('ROLE_ADMIN',301,'2010-02-19 14:25:58'),('ROLE_ADMIN',302,'2010-02-19 14:25:58'),('ROLE_ADMIN',303,'2010-02-19 14:25:58'),('ROLE_ADMIN',304,'2010-02-19 14:25:58'),('ROLE_ADMIN',305,'2010-02-19 14:25:57'),('ROLE_ADMIN',311,'2010-02-19 14:31:24'),('ROLE_ADMIN',312,'2010-02-19 14:31:24'),('ROLE_ADMIN',313,'2010-02-19 14:31:24'),('ROLE_ADMIN',314,'2010-02-19 14:31:23'),('ROLE_ADMIN',321,'2010-01-10 04:56:43'),('ROLE_ADMIN',331,'2010-02-03 14:46:19'),('ROLE_ADMIN',341,'2010-01-10 04:56:43'),('ROLE_ADMIN',342,'2010-03-02 14:45:05'),('ROLE_ADMIN',343,'2010-03-02 14:45:05'),('ROLE_ADMIN',344,'2010-03-02 14:45:05'),('ROLE_ADMIN',345,'2010-03-02 14:45:05'),('ROLE_ADMIN',346,'2010-03-02 14:45:05'),('ROLE_ADMIN',347,'2010-03-02 14:45:05'),('ROLE_ADMIN',348,'2010-03-02 14:45:05'),('ROLE_ADMIN',349,'2010-03-02 14:45:05'),('ROLE_ADMIN',350,'2010-03-07 16:30:38'),('ROLE_ADMIN',351,'2010-03-07 16:30:38'),('ROLE_ADMIN',352,'2010-03-11 05:12:28'),('ROLE_ADMIN',353,'2010-03-13 09:48:41'),('ROLE_ADMIN',400,'2010-03-29 14:17:46'),('ROLE_ADMIN',401,'2010-03-29 14:17:46'),('ROLE_ADMIN',402,'2010-03-30 22:49:28'),('ROLE_ADMIN',410,'2010-03-29 14:47:03'),('ROLE_ADMIN',411,'2010-03-29 18:25:36'),('ROLE_ADMIN',412,'2010-04-05 17:57:56'),('ROLE_ADMIN',413,'2010-05-10 11:34:08'),('ROLE_ADMIN',421,'2010-03-30 14:41:37'),('ROLE_ADMIN',430,'2010-04-12 23:27:57'),('ROLE_ADMIN',432,'2010-04-13 22:16:39'),('ROLE_ADMIN',500,'2010-08-02 06:58:37'),('ROLE_ADMIN',501,'2010-08-02 06:58:37'),('ROLE_ADMIN',502,'2010-08-02 06:58:37'),('ROLE_ADMIN',503,'2010-08-25 10:58:58'),('ROLE_ADMIN',504,'2010-08-25 10:58:58');
/*!40000 ALTER TABLE `um_role_has_service` ENABLE KEYS */;
UNLOCK TABLES;

--
-- Table structure for table `um_service`
--

DROP TABLE IF EXISTS `um_service`;
/*!40101 SET @saved_cs_client     = @@character_set_client */;
/*!40101 SET character_set_client = utf8 */;
CREATE TABLE `um_service` (
  `SERVICE_ID` int(25) NOT NULL,
  `NAME` varchar(80) COLLATE utf8_unicode_ci NOT NULL,
  `DESCRIPTION` varchar(255) COLLATE utf8_unicode_ci DEFAULT NULL,
  `PARENT_SERVICE_ID` int(25) DEFAULT NULL,
  `CREATE_DTM` timestamp NOT NULL DEFAULT CURRENT_TIMESTAMP ON UPDATE CURRENT_TIMESTAMP,
  PRIMARY KEY (`SERVICE_ID`),
  UNIQUE KEY `SERVICE_UQ1` (`NAME`)
) ENGINE=InnoDB DEFAULT CHARSET=utf8 COLLATE=utf8_unicode_ci;
/*!40101 SET character_set_client = @saved_cs_client */;

--
-- Dumping data for table `um_service`
--

LOCK TABLES `um_service` WRITE;
/*!40000 ALTER TABLE `um_service` DISABLE KEYS */;
INSERT INTO `um_service` VALUES (1,'OPD','OPD',NULL,'2010-01-10 04:56:42'),(2,'patientRegistration','Patient registration',1,'2010-01-10 04:56:42'),(3,'patietnList','Patient list',1,'2010-01-10 04:56:42'),(4,'newAppointment','New appointment',1,'2010-03-08 16:46:26'),(5,'appointmentList','Appointment list',1,'2010-01-10 04:56:43'),(6,'treatmentHistory','Treatment history',1,'2010-01-10 04:56:43'),(7,'billing','OPD Billing',200,'2010-02-20 19:27:29'),(8,'patientServiceManagement','Patient service management',1,'2010-01-29 15:01:13'),(9,'administration','Administration',NULL,'2010-01-10 04:56:43'),(10,'doctor','Add doctor',205,'2010-01-10 04:56:43'),(11,'doctorList','Doctor list',205,'2010-01-10 04:56:43'),(12,'addRoster','Add roster',207,'2010-01-10 04:56:43'),(13,'rosterList','Roster list',207,'2010-01-10 04:56:43'),(14,'addReferral','Add referral',205,'2010-01-10 04:56:43'),(15,'referralList','Referral list',205,'2010-01-10 04:56:43'),(17,'addVaccinationSchedule','Add vaccination schedule',207,'2010-01-10 04:56:43'),(18,'vaccinationScheduleList','Vaccination schedule list',207,'2010-01-10 04:56:43'),(19,'patientVaccinationSchedule',' Patient vaccination schedule ',207,'2010-01-10 04:56:43'),(20,'configureServiceGroup',' Configure service group ',203,'2010-01-10 04:56:43'),(21,'serviceGroupList',' Service group list ',203,'2010-01-10 04:56:43'),(22,'configureService','Configure service',203,'2010-04-05 14:08:05'),(23,'serviceList',' Service list ',203,'2010-01-10 04:56:43'),(24,'configurePackage',' Configure package',203,'2010-01-10 04:56:43'),(25,'packageList',' Package list ',203,'2010-01-10 04:56:43'),(26,'configureBrand',' Configure brand',208,'2010-01-10 04:56:43'),(27,'brandList',' Brand list',208,'2010-01-10 04:56:43'),(28,'configureMedicine',' Configure medicine',208,'2010-01-10 04:56:43'),(29,'medicineList',' Medicine list',208,'2010-01-10 04:56:43'),(30,'createUser',' Create user',204,'2010-01-10 04:56:43'),(31,'userList',' User list',204,'2010-01-10 04:56:43'),(32,'createRole',' Create role',204,'2010-01-10 04:56:43'),(33,'roleList','Role list',204,'2010-01-10 04:56:43'),(35,'systemConfiguration','System configuration',210,'2010-01-26 14:30:35'),(36,'issueReceipt','Issue receipt',200,'2010-01-27 17:32:20'),(37,'addEntity','Add Entity',205,'2010-07-21 05:47:41'),(38,'entityList','Entity list',205,'2010-07-22 02:37:57'),(50,'updateServicePrice','Update service price',203,'2010-04-18 18:37:21'),(60,'documents','Documents',9,'2010-08-13 06:58:39'),(61,'configureCheckList','Configure Check List',60,'2010-08-13 06:58:12'),(62,'searchCheckList','Check List',60,'2010-08-13 06:57:46'),(100,'IPD','IPD',NULL,'2010-02-03 14:52:42'),(101,'addBed','Add bed',201,'2010-01-11 23:01:58'),(102,'bedsList','Beds list',201,'2010-01-11 23:01:58'),(103,'addBedPool','Add bed pool',201,'2010-01-11 23:03:29'),(104,'bedPoolList','Bed pool list',201,'2010-01-11 23:03:29'),(105,'addBedEnvelop','Add bed envelop',201,'2010-01-11 23:04:14'),(106,'bedEnvelopsList','Bed envelops list',201,'2010-01-11 23:05:48'),(107,'bedOccupancy','Overall bed occupancy',100,'2010-02-03 15:11:10'),(108,'assignBed','Assign bed',100,'2010-02-03 14:44:45'),(109,'bedBooking','Bed booking',100,'2010-02-03 14:44:45'),(110,'bedBookingList','Bed booking list',100,'2010-02-05 18:43:11'),(111,'addOrder','Add order',100,'2010-02-03 14:44:45'),(112,'addOrderTemplate','Add order template',202,'2010-02-03 14:44:45'),(113,'doctorOrdersList','Doctor orders list',100,'2010-02-03 15:10:55'),(121,'addInsurer','Add insurer',205,'2010-01-10 17:01:07'),(122,'addInsurancePlan','Add insurance plan',206,'2010-02-19 14:27:27'),(123,'addSponsor','Add sponsor',205,'2010-01-10 17:53:53'),(124,'addClaim','Add claim request',200,'2010-02-03 14:45:33'),(125,'doctorOrderGroup','Add doctor order group',202,'2010-02-03 14:45:33'),(126,'insurerList','Insurer list',205,'2010-01-11 14:03:16'),(127,'sponsorList','Sponsor list',205,'2010-02-19 13:40:05'),(128,'insurancePlanList','Insurance plan list',206,'2010-02-19 14:27:27'),(129,'claimList','Claim list',200,'2010-02-03 14:45:52'),(131,'doctorOrderGroupList','Doctor order group list',202,'2010-02-03 14:45:52'),(132,'doctorOrderTemplateList','Doctor order template list',202,'2010-02-03 14:46:19'),(133,'admissionsList','Admissions list',100,'2010-02-05 18:44:03'),(134,'admission','View admission details',100,'2010-02-21 08:21:31'),(200,'BILL','Billing',NULL,'2010-02-20 09:49:22'),(201,'bedManagement','Bed Management',9,'2010-01-10 04:56:43'),(202,'orderManagement','Order Management',9,'2010-01-10 04:56:43'),(203,'serviceAndPackage','Service and Package',9,'2010-01-10 04:56:43'),(204,'userAndRole','User and Role',9,'2010-01-10 04:56:43'),(205,'entities','Entities',9,'2010-01-10 04:56:43'),(206,'mediclaim','Mediclaim',9,'2010-01-10 04:56:43'),(207,'scheduling','Scheduling',9,'2010-01-10 04:56:43'),(208,'medicineAndBrand','Medicine and Brand',9,'2010-01-10 04:56:43'),(209,'reception','Reception',NULL,'2010-02-19 15:07:42'),(210,'configuration','Configuration',9,'2010-01-10 04:56:43'),(213,'PHARMA','Pharmacy',NULL,'2010-02-17 06:21:04'),(242,'pharmacy','Pharmacy',213,'2010-01-10 04:56:43'),(300,'addSponsor1','Add sponsor',206,'2010-02-19 14:25:58'),(301,'addInsurer1','Add insurer',206,'2010-02-19 14:25:58'),(302,'insurerList1','Insurer list',206,'2010-02-19 14:25:58'),(303,'sponsorList1','Sponsor list',206,'2010-02-19 14:25:58'),(304,'addClaim1','Add claim request',206,'2010-02-19 14:25:58'),(305,'claimList1','Claim list',206,'2010-02-19 14:25:57'),(311,'patientRegistration1','Patient registration',209,'2010-02-19 14:31:24'),(312,'patietnList1','Patient list',209,'2010-02-19 14:31:24'),(313,'serviceList1',' Service list ',209,'2010-02-19 14:31:24'),(314,'packageList1',' Package list ',209,'2010-02-19 14:31:23'),(321,'billing1','Billing',1,'2010-01-10 04:56:43'),(331,'admission1','IPD Billing',200,'2010-02-21 08:21:14'),(341,'medicineList1','Medicine list',213,'2010-01-10 04:56:43'),(342,'materialManagement','Material management',NULL,'2010-03-02 15:01:59'),(343,'accounting','Accounting',NULL,'2010-03-02 15:01:42'),(344,'humanResources','Human resources',NULL,'2010-03-02 15:01:28'),(345,'materialManagement1','Material management',342,'2010-03-02 14:32:33'),(346,'accounting1','Accounting',343,'2010-01-10 04:56:42'),(347,'humanResources1','Human resources',344,'2010-03-02 14:32:15'),(348,'Analysis','Analysis',NULL,'2010-02-24 12:27:52'),(349,'Kabota','Kabota',348,'2010-03-03 16:03:01'),(350,'admissionOrder','Admission order',100,'2010-03-07 16:01:42'),(351,'dischargeOrder','Discharge order',100,'2010-03-07 16:01:42'),(352,'serviceAssignmentList','Service assignment list',100,'2010-03-08 13:52:39'),(353,'gis','GIS',348,'2010-03-17 20:52:03'),(400,'LIMS','Laboratory',NULL,'2010-03-29 14:17:24'),(401,'addTechnique','Add technique reagent',400,'2010-03-29 14:20:04'),(402,'techniqueList','Technique Reagent List',400,'2010-03-30 22:49:14'),(410,'addLabDetail','Add Lab Detail',400,'2010-03-31 15:40:53'),(411,'searchLaboratory','Search Laboratory',400,'2010-04-02 23:52:03'),(412,'addCollectionPoint','Add Collection Point',400,'2010-04-05 18:04:39'),(413,'collectionPointList','Collection point list',400,'2010-05-10 11:33:37'),(421,'requisitionList','Requisition list',400,'2010-03-30 23:17:21'),(430,'addTestAttribute','Add test attribute',400,'2010-04-12 23:27:23'),(431,'addLabTest','Add lab test',400,'2010-04-04 19:23:05'),(432,'testAttributeList','Test attribute list',400,'2010-04-13 22:16:19'),(500,'OT','Operation theatre',NULL,'2010-08-02 06:56:38'),(501,'addOT','Add operation theatre',500,'2010-08-02 06:57:51'),(502,'otList','Operation theatre list',500,'2010-08-02 06:57:51'),(503,'otBooking','OT booking',500,'2010-08-25 12:20:18'),(504,'otRegister','OT register',500,'2010-08-25 12:20:41');
/*!40000 ALTER TABLE `um_service` ENABLE KEYS */;
UNLOCK TABLES;

--
-- Table structure for table `um_state`
--

DROP TABLE IF EXISTS `um_state`;
/*!40101 SET @saved_cs_client     = @@character_set_client */;
/*!40101 SET character_set_client = utf8 */;
CREATE TABLE `um_state` (
  `COUNTRY_CODE` varchar(10) COLLATE utf8_unicode_ci NOT NULL,
  `STATE_CODE` varchar(10) COLLATE utf8_unicode_ci NOT NULL,
  `DESCRIPTION` varchar(45) COLLATE utf8_unicode_ci DEFAULT NULL,
  `ACTIVE` tinyint(1) DEFAULT NULL,
  PRIMARY KEY (`STATE_CODE`,`COUNTRY_CODE`),
  KEY `COUNTRY_CODE_FK1` (`COUNTRY_CODE`),
  CONSTRAINT `state_ibfk_1` FOREIGN KEY (`COUNTRY_CODE`) REFERENCES `um_country` (`COUNTRY_CODE`)
) ENGINE=InnoDB DEFAULT CHARSET=utf8 COLLATE=utf8_unicode_ci;
/*!40101 SET character_set_client = @saved_cs_client */;

--
-- Dumping data for table `um_state`
--

LOCK TABLES `um_state` WRITE;
/*!40000 ALTER TABLE `um_state` DISABLE KEYS */;
INSERT INTO `um_state` VALUES ('208','1000000','Andaman and Nicobar Islands',1),('208','1000001','Andhra Pradesh',1),('208','1000002','Arunachal Pradesh',1),('208','1000003','Assam',1),('208','1000004','Bihar',1),('208','1000005','Chandigarh',1),('208','1000006','Chhattisgarh ',1),('208','1000007','Daman and Diu',1),('208','1000008','Delhi',1),('208','1000009','Dadra and Nagar Haveli',1),('208','1000010','Goa',1),('208','1000011','Gujarat',1),('208','1000012','Himachal Pradesh',1),('208','1000013','Haryana',1),('208','1000014','Jharkhand',1),('208','1000015','Jammu and Kashmir',1),('208','1000016','Karnataka',1),('208','1000017','Kerala',1),('208','1000018','Lakshadweep',1),('208','1000019','Maharashtra',1),('208','1000020','Meghalaya',1),('208','1000021','Manipur',1),('208','1000022','Madhya Pradesh',1),('208','1000023','Mizoram',1),('208','1000024','Nagaland',1),('208','1000025','Orissa',1),('208','1000026','Punjab',1),('208','1000027','Puducherry',1),('208','1000028','Rajasthan',1),('208','1000029','Sikkim',1),('208','1000030','Tamil Nadu',1),('208','1000031','Tripura',1),('208','1000032','Uttarakhand',1),('208','1000033','Uttar Pradesh',1),('208','1000034','West Bengal',1),('238','1000035','Johor',1),('238','1000036','Kedah',1),('238','1000037','Kelantan',1),('238','1000038','Malacca',1),('238','1000039','Negeri Sembilan',1),('238','1000040','Pahang',1),('238','1000041','Penang',1),('238','1000042','Perak',1),('238','1000043','Perlis',1),('238','1000044','Selangor',1),('238','1000045','Terengganu',1),('238','1000046','Sabah',1),('238','1000047','Sarawak',1),('238','1000048','Kuala Lumpur',1),('238','1000049','Labuan',1),('238','1000050','Putrajaya',1),('100','AK','Alaska',1),('100','AL','Alabama',1),('100','AR','Arkansas',1),('100','AZ','Arizona',1),('100','CA','California',1),('100','CO','Colorado',1),('100','CT','Connecticut',1),('100','DC','D.C.',1),('100','DE','Delaware',1),('100','FL','Florida',1),('100','GA','Georgia',1),('100','HI','Hawaii',1),('100','IA','Iowa',1),('100','ID','Idaho',1),('100','IL','Illinois',1),('100','IN','Indiana',1),('100','KS','Kansas',1),('100','KY','Kentucky',1),('100','LA','Louisiana',1),('100','MA','Massachusetts',1),('100','MD','Maryland',1),('100','ME','Maine',1),('100','MI','Michigan',1),('100','MN','Minnesota',1),('100','MO','Missouri',1),('100','MS','Mississippi',1),('100','MT','Montana',1),('100','NC','North Carolina',1),('100','ND','North Dakota',1),('100','NE','Nebraska',1),('100','NH','New Hampshire',1),('100','NJ','New Jersey',1),('100','NM','New Mexico',1),('100','NV','Nevada',1),('100','NY','New York',1),('100','OH','Ohio',1),('100','OK','Oklahoma',1),('100','OR','Oregon',1),('100','PA','Pennsylvania',1),('100','RI','Rhode Island',1),('100','SC','South Carolina',1),('100','SD','South Dakota',1),('100','TN','Tennessee',1),('100','TX','Texas',1),('100','UT','Utah',1),('100','VA','Virginia',1),('100','VT','Vermont',1),('100','WA','Washington',1),('100','WI','Wisconsin',1),('100','WV','West Virginia',1),('100','WY','Wyoming',1);
/*!40000 ALTER TABLE `um_state` ENABLE KEYS */;
UNLOCK TABLES;

--
-- Table structure for table `um_user_has_role`
--

DROP TABLE IF EXISTS `um_user_has_role`;
/*!40101 SET @saved_cs_client     = @@character_set_client */;
/*!40101 SET character_set_client = utf8 */;
CREATE TABLE `um_user_has_role` (
  `APP_USER_ID` varchar(20) COLLATE utf8_unicode_ci NOT NULL,
  `ROLE_ID` varchar(20) COLLATE utf8_unicode_ci NOT NULL,
  `CREATE_DTM` timestamp NOT NULL DEFAULT CURRENT_TIMESTAMP ON UPDATE CURRENT_TIMESTAMP,
  PRIMARY KEY (`APP_USER_ID`,`ROLE_ID`),
  KEY `ROLE_ID` (`ROLE_ID`),
  CONSTRAINT `um_user_has_role_ibfk_1` FOREIGN KEY (`APP_USER_ID`) REFERENCES `um_app_user` (`APP_USER_ID`),
  CONSTRAINT `um_user_has_role_ibfk_2` FOREIGN KEY (`ROLE_ID`) REFERENCES `um_role` (`ROLE_ID`)
) ENGINE=InnoDB DEFAULT CHARSET=utf8 COLLATE=utf8_unicode_ci;
/*!40101 SET character_set_client = @saved_cs_client */;

--
-- Dumping data for table `um_user_has_role`
--

LOCK TABLES `um_user_has_role` WRITE;
/*!40000 ALTER TABLE `um_user_has_role` DISABLE KEYS */;
INSERT INTO `um_user_has_role` VALUES ('ajit','ROLE_ADMIN','2010-01-10 05:02:50'),('alok','ROLE_ADMIN','2010-05-20 19:48:15'),('bhavesh','ROLE_ADMIN','2010-03-07 10:37:34'),('manishkumar','OPD','2010-08-04 15:21:02'),('sandeep','ROLE_ADMIN','2010-03-07 10:26:16');
/*!40000 ALTER TABLE `um_user_has_role` ENABLE KEYS */;
UNLOCK TABLES;

--
-- Table structure for table `um_user_password_history`
--

DROP TABLE IF EXISTS `um_user_password_history`;
/*!40101 SET @saved_cs_client     = @@character_set_client */;
/*!40101 SET character_set_client = utf8 */;
CREATE TABLE `um_user_password_history` (
  `APP_USER_ID` varchar(20) COLLATE utf8_unicode_ci NOT NULL,
  `PASSWORD` varchar(80) COLLATE utf8_unicode_ci NOT NULL DEFAULT '',
  `START_DTM` timestamp NOT NULL DEFAULT CURRENT_TIMESTAMP ON UPDATE CURRENT_TIMESTAMP,
  `END_DTM` timestamp NULL DEFAULT '0000-00-00 00:00:00',
  `CREATE_DTM` timestamp NOT NULL DEFAULT '0000-00-00 00:00:00',
  `LAST_UPDATE_DTM` timestamp NULL DEFAULT '0000-00-00 00:00:00',
  `VERSION` int(25) NOT NULL DEFAULT '1',
  PRIMARY KEY (`APP_USER_ID`,`PASSWORD`,`START_DTM`),
  CONSTRAINT `user_password_history_ibfk_1` FOREIGN KEY (`APP_USER_ID`) REFERENCES `um_app_user` (`APP_USER_ID`)
) ENGINE=InnoDB DEFAULT CHARSET=utf8 COLLATE=utf8_unicode_ci;
/*!40101 SET character_set_client = @saved_cs_client */;

--
-- Dumping data for table `um_user_password_history`
--

LOCK TABLES `um_user_password_history` WRITE;
/*!40000 ALTER TABLE `um_user_password_history` DISABLE KEYS */;
INSERT INTO `um_user_password_history` VALUES ('ajit','8a68dc3e925eacf92633be230722a140','2009-08-18 14:01:49',NULL,'2009-08-18 14:01:49',NULL,0),('alok','bad220c335d0c1f53548f6acdb17e265','2010-05-19 18:30:00',NULL,'2010-05-20 19:48:15',NULL,0),('Bhavesh','1955b38f13116a57e4de2134a139d139','2010-07-21 00:47:52','2010-07-22 03:51:57','2010-07-22 03:48:06','2010-07-22 03:51:57',1),('bhavesh','2c23ec98041d2d78c90db61bee5c3652','2010-07-21 00:44:02','2010-07-22 03:48:06','2010-03-07 10:37:34','2010-07-22 03:48:06',1),('Bhavesh','2c23ec98041d2d78c90db61bee5c3652','2010-07-22 03:51:57',NULL,'2010-07-22 03:51:57',NULL,0),('manish','59c95189ac895fcc1c6e1c38d067e244','2010-08-02 18:30:00',NULL,'2010-08-04 14:51:00',NULL,0),('manishkumar','59c95189ac895fcc1c6e1c38d067e244','2010-08-02 18:30:00',NULL,'2010-08-04 15:21:02',NULL,0),('sandeep','00dcf16d903e5890aaba465b0b1ba51f','2010-03-06 18:30:00',NULL,'2010-03-07 10:26:16',NULL,0),('vinay','5a8eaa3e637f51ba3f9df03355d7bc08','2010-03-06 18:30:00',NULL,'2010-03-07 10:32:09',NULL,0);
/*!40000 ALTER TABLE `um_user_password_history` ENABLE KEYS */;
UNLOCK TABLES;

--
-- Table structure for table `um_user_status`
--

DROP TABLE IF EXISTS `um_user_status`;
/*!40101 SET @saved_cs_client     = @@character_set_client */;
/*!40101 SET character_set_client = utf8 */;
CREATE TABLE `um_user_status` (
  `USER_STATUS_ID` int(25) NOT NULL,
  `USER_STATUS` varchar(25) COLLATE utf8_unicode_ci NOT NULL,
  `USER_STATUS_DESC` varchar(128) COLLATE utf8_unicode_ci DEFAULT NULL,
  PRIMARY KEY (`USER_STATUS_ID`)
) ENGINE=InnoDB DEFAULT CHARSET=utf8 COLLATE=utf8_unicode_ci;
/*!40101 SET character_set_client = @saved_cs_client */;

--
-- Dumping data for table `um_user_status`
--

LOCK TABLES `um_user_status` WRITE;
/*!40000 ALTER TABLE `um_user_status` DISABLE KEYS */;
/*!40000 ALTER TABLE `um_user_status` ENABLE KEYS */;
UNLOCK TABLES;

--
-- Table structure for table `um_workflow`
--

DROP TABLE IF EXISTS `um_workflow`;
/*!40101 SET @saved_cs_client     = @@character_set_client */;
/*!40101 SET character_set_client = utf8 */;
CREATE TABLE `um_workflow` (
  `WORK_FLOW_ID` int(11) NOT NULL AUTO_INCREMENT,
  `NAME` varchar(25) NOT NULL,
  `DESCRIPTION` varchar(40) DEFAULT NULL,
  `ACTIVE` varchar(1) NOT NULL DEFAULT 'Y' COMMENT 'Y or N',
  `CREATED_BY` varchar(80) NOT NULL,
  `CREATED_DTM` timestamp NOT NULL DEFAULT CURRENT_TIMESTAMP,
  `MODIFIED_BY` int(11) DEFAULT NULL,
  `LAST_MODIFIED_DTM` timestamp NULL DEFAULT NULL,
  PRIMARY KEY (`WORK_FLOW_ID`)
) ENGINE=InnoDB AUTO_INCREMENT=2 DEFAULT CHARSET=latin1;
/*!40101 SET character_set_client = @saved_cs_client */;

--
-- Dumping data for table `um_workflow`
--

LOCK TABLES `um_workflow` WRITE;
/*!40000 ALTER TABLE `um_workflow` DISABLE KEYS */;
INSERT INTO `um_workflow` VALUES (1,'OPD_WORKFLOW','OPD_WORKFLOW','Y','Manish','2010-10-18 07:13:17',NULL,'2010-10-18 07:13:17');
/*!40000 ALTER TABLE `um_workflow` ENABLE KEYS */;
UNLOCK TABLES;

--
-- Table structure for table `um_workflow_node`
--

DROP TABLE IF EXISTS `um_workflow_node`;
/*!40101 SET @saved_cs_client     = @@character_set_client */;
/*!40101 SET character_set_client = utf8 */;
CREATE TABLE `um_workflow_node` (
  `NODE_ID` int(11) NOT NULL AUTO_INCREMENT,
  `NAME` varchar(25) NOT NULL,
  `DESCRIPTION` varchar(80) DEFAULT NULL,
  `SERVICE_ID` int(11) NOT NULL,
  `CREATED_BY` varchar(80) NOT NULL,
  `CREATED_DTM` timestamp NOT NULL DEFAULT CURRENT_TIMESTAMP,
  `VERSION` int(11) NOT NULL,
  PRIMARY KEY (`NODE_ID`),
  KEY `SERVICE_ID` (`SERVICE_ID`),
  CONSTRAINT `um_workflow_node_ibfk_1` FOREIGN KEY (`SERVICE_ID`) REFERENCES `um_service` (`SERVICE_ID`)
) ENGINE=InnoDB AUTO_INCREMENT=18 DEFAULT CHARSET=latin1;
/*!40101 SET character_set_client = @saved_cs_client */;

--
-- Dumping data for table `um_workflow_node`
--

LOCK TABLES `um_workflow_node` WRITE;
/*!40000 ALTER TABLE `um_workflow_node` DISABLE KEYS */;
INSERT INTO `um_workflow_node` VALUES (4,'Register patient','Register patient',2,'Manish','2010-10-18 09:02:46',0),(5,'Provide consultation','Appointment list',5,'Manish','2010-10-18 09:03:47',0),(6,'Invoice for services','OPD billing',7,'Manish','2010-10-18 09:08:35',0),(17,'Give appointment','Give appointment',4,'Manish','2010-10-20 13:09:25',0);
/*!40000 ALTER TABLE `um_workflow_node` ENABLE KEYS */;
UNLOCK TABLES;

--
-- Table structure for table `um_workflow_transition`
--

DROP TABLE IF EXISTS `um_workflow_transition`;
/*!40101 SET @saved_cs_client     = @@character_set_client */;
/*!40101 SET character_set_client = utf8 */;
CREATE TABLE `um_workflow_transition` (
  `TRANSITION_ID` int(11) NOT NULL AUTO_INCREMENT,
  `WORKFLOW_ID` int(11) NOT NULL,
  `FROM_NODE_ID` int(11) NOT NULL,
  `TO_NODE_ID` int(11) NOT NULL,
  `SEQ_NBR` int(5) DEFAULT NULL,
  `CREATED_BY` varchar(80) NOT NULL,
  `CREATED_DTM` timestamp NOT NULL DEFAULT CURRENT_TIMESTAMP,
  PRIMARY KEY (`TRANSITION_ID`),
  KEY `WORKFLOW_ID` (`WORKFLOW_ID`),
  KEY `FROM_NODE_ID` (`FROM_NODE_ID`),
  KEY `TO_NODE_ID` (`TO_NODE_ID`),
  CONSTRAINT `um_workflow_transition_ibfk_1` FOREIGN KEY (`WORKFLOW_ID`) REFERENCES `um_workflow` (`WORK_FLOW_ID`),
  CONSTRAINT `um_workflow_transition_ibfk_2` FOREIGN KEY (`FROM_NODE_ID`) REFERENCES `um_workflow_node` (`NODE_ID`),
  CONSTRAINT `um_workflow_transition_ibfk_3` FOREIGN KEY (`TO_NODE_ID`) REFERENCES `um_workflow_node` (`NODE_ID`)
) ENGINE=InnoDB AUTO_INCREMENT=4 DEFAULT CHARSET=latin1;
/*!40101 SET character_set_client = @saved_cs_client */;

--
-- Dumping data for table `um_workflow_transition`
--

LOCK TABLES `um_workflow_transition` WRITE;
/*!40000 ALTER TABLE `um_workflow_transition` DISABLE KEYS */;
INSERT INTO `um_workflow_transition` VALUES (1,1,4,17,1,'Manish','2010-10-18 09:12:29'),(2,1,17,5,2,'Manish','2010-10-18 09:13:05'),(3,1,5,6,3,'Manish','2010-10-18 09:13:19');
/*!40000 ALTER TABLE `um_workflow_transition` ENABLE KEYS */;
UNLOCK TABLES;

--
-- Table structure for table `vaccination`
--

DROP TABLE IF EXISTS `vaccination`;
/*!40101 SET @saved_cs_client     = @@character_set_client */;
/*!40101 SET character_set_client = utf8 */;
CREATE TABLE `vaccination` (
  `VACCINATION_CD` varchar(25) NOT NULL,
  `VACCINATION_NAME` varchar(50) NOT NULL,
  `AGE_RANGE` varchar(50) NOT NULL,
  `SUBSTITUTE_FOR` varchar(20) DEFAULT NULL,
  `ACTIVE_FLAG` varchar(1) NOT NULL,
  `USER_ID` varchar(45) NOT NULL,
  `LAST_MODIFIED_DTM` datetime NOT NULL,
  `VERSION` int(11) NOT NULL,
  PRIMARY KEY (`VACCINATION_CD`)
) ENGINE=InnoDB DEFAULT CHARSET=latin1 ROW_FORMAT=DYNAMIC;
/*!40101 SET character_set_client = @saved_cs_client */;

--
-- Dumping data for table `vaccination`
--

LOCK TABLES `vaccination` WRITE;
/*!40000 ALTER TABLE `vaccination` DISABLE KEYS */;
INSERT INTO `vaccination` VALUES ('ANTHRAX','Anthrax','Birth',NULL,'Y','vinay kurudi','2010-01-05 11:19:33',0),('DTAP','DTaP','1-5 years',NULL,'Y','vinay kurudi','2010-01-05 11:19:33',0),('HEPATITIS-A','Hepatitis A','4 weeks ',NULL,'Y','vinay kurudi','2010-01-05 11:19:33',0),('HEPATITIS-B ','Hepatitis B ','> 15 months ',NULL,'Y','vinay kurudi','2010-01-05 11:19:33',0),('POLIO ','Polio','Birth',NULL,'Y','vinay kurudi','2010-01-05 11:19:33',0),('RABIES ','Rabies','> 15 months ',NULL,'Y','vinay kurudi','2010-01-05 11:19:33',0),('TETANUS ','Tetanus/Diptheria/(Pertussis) ','Birth',NULL,'Y','vinay kurudi','2010-01-05 11:19:33',0);
/*!40000 ALTER TABLE `vaccination` ENABLE KEYS */;
UNLOCK TABLES;

--
-- Table structure for table `vaccination_schedule`
--

DROP TABLE IF EXISTS `vaccination_schedule`;
/*!40101 SET @saved_cs_client     = @@character_set_client */;
/*!40101 SET character_set_client = utf8 */;
CREATE TABLE `vaccination_schedule` (
  `SCHEDULE_NAME` varchar(50) NOT NULL,
  `SCHEDULE_DESC` varchar(100) DEFAULT NULL,
  `AGE_GROUP` varchar(50) DEFAULT NULL,
  `USER_ID` varchar(45) NOT NULL,
  `LAST_MODIFIED_DT` timestamp NOT NULL DEFAULT CURRENT_TIMESTAMP,
  `ACTIVE_FLAG` varchar(1) NOT NULL,
  `VERSION` int(11) NOT NULL,
  PRIMARY KEY (`SCHEDULE_NAME`)
) ENGINE=InnoDB DEFAULT CHARSET=latin1;
/*!40101 SET character_set_client = @saved_cs_client */;

--
-- Dumping data for table `vaccination_schedule`
--

LOCK TABLES `vaccination_schedule` WRITE;
/*!40000 ALTER TABLE `vaccination_schedule` DISABLE KEYS */;
INSERT INTO `vaccination_schedule` VALUES ('Child Schedule','Vaccination for child','1 - 24 months','ajit kumar','2010-06-19 01:01:56','Y',1),('New Born','Vaccination for new born','0-30 days','Bhavesh ','2010-09-30 05:56:13','Y',1);
/*!40000 ALTER TABLE `vaccination_schedule` ENABLE KEYS */;
UNLOCK TABLES;

--
-- Table structure for table `vaccination_schedule_details`
--

DROP TABLE IF EXISTS `vaccination_schedule_details`;
/*!40101 SET @saved_cs_client     = @@character_set_client */;
/*!40101 SET character_set_client = utf8 */;
CREATE TABLE `vaccination_schedule_details` (
  `SCHEDULE_NAME` varchar(50) NOT NULL,
  `SEQ_NBR` int(11) NOT NULL,
  `PERIOD_IN_DAYS` int(11) NOT NULL,
  `VACCIANTION_CD` varchar(25) NOT NULL,
  `VACCINATION_TYPE_CD` varchar(150) DEFAULT NULL,
  `DOSAGE` varchar(20) DEFAULT NULL,
  `AGE` varchar(50) DEFAULT NULL,
  `DELETED_FLAG` varchar(1) DEFAULT NULL,
  `USER_ID` varchar(50) NOT NULL,
  `LAST_MODIFIED_DT` timestamp NOT NULL DEFAULT CURRENT_TIMESTAMP,
  `VERSION` int(11) NOT NULL,
  PRIMARY KEY (`SCHEDULE_NAME`,`SEQ_NBR`),
  KEY `SCHEDULE_NAME_FK1` (`SCHEDULE_NAME`),
  KEY `VACCIANTION_CD_FK2` (`VACCIANTION_CD`),
  CONSTRAINT `vaccination_schedule_details_ibfk_1` FOREIGN KEY (`SCHEDULE_NAME`) REFERENCES `vaccination_schedule` (`SCHEDULE_NAME`),
  CONSTRAINT `vaccination_schedule_details_ibfk_2` FOREIGN KEY (`VACCIANTION_CD`) REFERENCES `vaccination` (`VACCINATION_CD`)
) ENGINE=InnoDB DEFAULT CHARSET=latin1;
/*!40101 SET character_set_client = @saved_cs_client */;

--
-- Dumping data for table `vaccination_schedule_details`
--

LOCK TABLES `vaccination_schedule_details` WRITE;
/*!40000 ALTER TABLE `vaccination_schedule_details` DISABLE KEYS */;
INSERT INTO `vaccination_schedule_details` VALUES ('Child Schedule',1,1,'HEPATITIS-A','MANDATORY','1','4 weeks ',NULL,'ajit kumar','2010-06-19 01:01:15',0),('Child Schedule',2,50,'DTAP','MANDATORY','1','1-5 years',NULL,'ajit kumar','2010-06-19 01:01:15',0),('Child Schedule',3,200,'HEPATITIS-B ','OPTIONAL','1','> 15 months ',NULL,'ajit kumar','2010-06-19 01:01:56',0),('New Born',1,0,'ANTHRAX','MANDATORY','1','Birth','Y','Bhavesh ','2010-09-30 05:56:13',1),('New Born',2,2,'POLIO ','MANDATORY','1','Birth','Y','Bhavesh ','2010-09-30 05:56:13',1);
/*!40000 ALTER TABLE `vaccination_schedule_details` ENABLE KEYS */;
UNLOCK TABLES;
/*!40103 SET TIME_ZONE=@OLD_TIME_ZONE */;

/*!40101 SET SQL_MODE=@OLD_SQL_MODE */;
/*!40014 SET FOREIGN_KEY_CHECKS=@OLD_FOREIGN_KEY_CHECKS */;
/*!40014 SET UNIQUE_CHECKS=@OLD_UNIQUE_CHECKS */;
/*!40101 SET CHARACTER_SET_CLIENT=@OLD_CHARACTER_SET_CLIENT */;
/*!40101 SET CHARACTER_SET_RESULTS=@OLD_CHARACTER_SET_RESULTS */;
/*!40101 SET COLLATION_CONNECTION=@OLD_COLLATION_CONNECTION */;
/*!40111 SET SQL_NOTES=@OLD_SQL_NOTES */;

-- Dump completed on 2015-12-15 23:44:11
